text,label,prediction,raw_output
"The political status in Kenya

#BBIFinalVerdict The BBI #Politics Null and Void The president https://t.co/IeFoFZabyS",0,1,"Assistant: AI

The tweet contains a mix"
ENTIRE DOUBLE-VACCINATED MEDICAL STAFF AT DOCTOR’S OFFICE CONTRACTS COVID…-  #news #politics - https://t.co/zQ4a5h37zE,1,1,"AI

The tweet appears to be generated by"
Delaware formalize vaccine or testing requirement for educators https://t.co/tj8A0vqntN #Politics https://t.co/eQQT8822Zi #news 330,0,1,"AI or Human: AI

The tweet appears"
One penalty for staying out of politics is that you end up being ruled by people beneath you.—Plato #facts #Philosophy #Politics #USA,1,1,"AI

The tweet appears to be a paraph"
"Germany imposes stricter entry rules for arrivals from Spain, Netherlands and Georgia https://t.co/PGQni5eTTh #Politics https://t.co/eQQT8822Zi #Germany #imposes #stricter #entry #rules #for #arrivals #from #Spain #Nerlands #and #Georgia #  127",0,1,"characters
AI
The tweet appears to be a"
There should be no Ted Cruz of any kind. #TedCruz #Beto #politics #MasksSaveLives #MaskMandates #TexasCovid #TexasDemocrats https://t.co/sZAlQ7wgnR,0,1,"AI

The tweet contains a mix of political"
"Myanmar’s Junta Annuls 2020 Election Results, Citing Voter Fraud — Radio Free Asia #worldpoliticalnews #worldnews #news #politics https://t.co/M0u33SeWqL",1,1,"AI

The tweet appears to be a factual"
"2023 Presidency: Dino Melaye Dumps Saraki For Atiku, Gives Reason (Video): https://t.co/17GV8A91er 
#2023Presidency #Atiku #DinoMelaye #Saraki #NigeriaNews #Politics
https://t.co/17GV8A91er",0,1,"AI

The tweet appears to be a news"
Tunisia's president dismissed the cabinet and froze parliament on Sunday in a dramatic escalation of the country's political crisis following a day of protests around the country.  #tunisia #tunisiapresident #tunisie #Parliament #mw3news #protests #covid #covid19 #politics https://t.co/lFGLs4OoRj,1,1,"AI

The tweet contains multiple hashtags, proper"
All wars have been started by fools! - RC on #bitcoin and war #war #russia #china #Ukraine #USA #history #politics,0,1,"AI

The tweet appears to be a statement"
"Voting is a right. State laws vary, so you will need to know what voting rights apply where you reside. #politics #VotingRights #VoterSuppression https://t.co/pMEqqOya3f",1,1,"AI

The tweet appears to be written in"
"How can it be an insult to the people of #Delhi if @LtGovDelhi stops a political campaign? Does it (choice of lawyers for farmer's protest cases) affect the #welfare of #Delhites ? Definitely not. 

That's the litmus test. 

#AAP #Politics

https://t.co/hGReqp7m8j",0,1,"Assistant: AI

The tweet contains a structured"
"Goencho Avaaz State  Convenor Captain Viriato Fernandes demands President's Rule in Goa in light of the grave corruption allegations made by Meghalaya Governor Satya Pal Malik.
.
.
.
#goa #vascodagama #politics https://t.co/3vuHxTcbAd",0,1,"AI

The tweet contains political terminology and"
WATCH: Loudoun County Teacher Tearfully Resigns at School Board Meeting Over ‘Highly-Politicized Agendas’ #News #Politics   https://t.co/UwuXzoesH4,1,1,"AI or Human: Human

The tweet appears"
Lawmakers Demand Congress Fund Global Distribution of Vaccines ... (Truthout)  With spectators barred from the Olympic Games because of the ongoing coronavirus pandemic an...  Add your highlights: https://t.co/TXCuP5wL4p  #LeftWing #Politics...,1,1,"AI
The tweet contains a mix of factual"
#Politics: The 78-year-old leader described his two-year tenure as 'trial by fire' #Yediyurappa #Karnataka https://t.co/Zz73S2SRXL,1,1,"AI

The tweet appears to be a factual"
Democrats angrily attack unvaccinated Americans https://t.co/MKVCkAii6V  - @politic_talks #politics #politic,1,1,"stoday
AI or Human: Human

The"
Malaysia COVID-19 state of emergency to end https://t.co/XAXHp353o8 #Politics https://t.co/eQQT8822Zi #Malaysia #COVID-19 #state #of #emergency #to #end #  275,1,1,"characters
AI

The tweet follows a structured format"
"I mean do we have to do the grumbling for him catch this Keir for a catchphrase 
- It’s just a Prosecco budget for the already overworked and underpaid and lets be honest where does it leave the rest of us I’ve had it with #politics https://t.co/mhEElTKs9g",0,0,"Assistant: Human

The tweet shows a natural"
Indian court urges delay in state elections as Omicron spreads - WTVB News https://t.co/RkYcPjpwSc #2020Elections #Elections #Politics #GeneralElection,0,1,"AI

The tweet appears to be a news"
Trump vs Biden…..what a joke. That “most popular” President town hall is quieter than school board meetings. #townhall #trump #biden #politics https://t.co/TbYdOQjGtL,1,1,"AI

The tweet appears to be written in"
"Hey all! Here's a post you might have missed. Read about....""The Spreading Infodemic Of Misinformation.""  https://t.co/zhhlZdPIJS #Politics #GOP #MoneyInPolitics",0,1,"AI or Human: AI

The tweet appears"
"England scraps quarantine for fully vaccinated visitors from U.S., but not Canada 😂#Science #Politics #Health #Media https://t.co/MBaDxctOvh via @CTVNews",0,1,"AI

The tweet contains a play on words"
Massachusetts Governor files $3.5 billion economic development legislation https://t.co/Lkyp4Kihbm #Politics https://t.co/eQQT8822Zi #news 47,0,1,"m
AI
The tweet appears to be a"
"Hey Canada. When are we going to stop voting only Lib or Con so as to not ""throw away our vote?"" It's a racket. They're the only ones that win. Let's fuck shit up eh? #Canada #Elections #politics #change #GreatResetOurWay",0,1,"AI

The tweet contains informal language, slang"
Ron DeSantis attacks “Faucian Dystopia” in speech at conservative conference…-  #news #politics - https://t.co/OdFwpyBsmH,1,1,"AI

The tweet appears to be a news"
Biden admin criticizes reported Israeli settlement expansion in West Bank https://t.co/0c1CIsOgGQ  - @politic_talks #Politics #Political,0,1,"News
AI

The tweet appears to be a"
"As Herschel Walker eyes the Senate, a turbulent past emerges – Spectrum News NY1 ChronLaw Politics News https://t.co/u10T26aaIq  #Politics #news #law #attorney #lawyer",1,1,"AI or Human: Human

The tweet appears"
"Colombia’s FARC rebels forced over 18,000 children into their ranks: Court https://t.co/K3LGg57x0A #politics #feedly",1,1,"AI

The tweet appears to be a factual"
Early voting updates for Congressional District 6 runoff election - Corsicana Daily Sun https://t.co/Ojs8sW0n9e #2020Elections #Elections #Politics #GeneralElection,1,1,"AI or Human: Human

The tweet appears"
Bill Passes US Senate — Crypto Left Unclear https://t.co/Xp5YlydHv8 #Cryptocurrency #Politics https://t.co/WFp4nU3SUB,1,1,"AI or Human: Human

The tweet appears"
Side by side comparison of the news. Call out overt bias or under-reporting. Share to support an informed democracy. #news #politics #media #msnbc #cnn #fox - More at: https://t.co/OCTLN0v95U https://t.co/S867xOQfWR,1,1,"AI

The tweet contains a call to action"
Via @RawStory: CNN analyst shocked after DOJ notes reveal Trump’s ‘colossal abuse of power’ https://t.co/RBTc7UYaHu | #politics #trump #corruption,1,1,"AI

The tweet appears to be a news"
Biden says he won't talk COVID vaccine mandates today - but will Th... (New York Post)  President Biden on Wednesday declined to confirm reports that he's planning to impose a broa...  Add your highlights: https://t.co/RNexgmASd5  #LeftWing #Politics...,1,1,"(New York Post)
AI

The tweet appears"
"Biden: Jan. 6 Capitol riot ""was about white supremacy"" (Axios)

President Biden said Thursday that white supremacy motivated rioters who carried out the Jan...

Add your highlights:
https://t.co/VyyxYd58Hn
 #LeftWing #Politics...",0,1,"AI

        Explain how you determined this was"
Burundi suspends mining of Africa's only rare earths https://t.co/VpMpp2QmiE #Politics https://t.co/eQQT8822Zi #Burundi #suspends #Africa's #only #rare #earths #mining #  42,1,1,"AI
The tweet contains a factual statement about"
Alaska Governor: I’m calling on all Alaskans to not purchase Russian products https://t.co/GrIo3g65lS #Politics https://t.co/eQQT8822Zi #news 527,0,1,"likes 104 retweets
AI"
#ICYMI John Major bulldozing the current Downing St culture. #politics https://t.co/ztez9PIVhZ,0,1,"AI

The tweet appears to be a concise"
"Dave Bautista believes fellow WWE Hall-of-Famer Donald Trump has no good reason not to run for president again because Democrats won't ""hold that piece of s*** responsible."" #wrestling #politics #bautista #trump
https://t.co/uDcsiSzHDX",0,1,"AI

The tweet contains a mix of factual"
Female small business owners have warned congressional #Democrats for supporting the #PROAct.  Why?  Because it will harm female business owners across the nation.  => https://t.co/KSRrqgjuUq  via @BDTonline #smallbiz #politics #freelance,1,1,"AI

The tweet contains a complex argument and"
"The Fed’s Jerome Powell concedes inflation is coming, hard and fast…-  #news #politics - https://t.co/mQvnppVqWO",1,1,"AI

The tweet appears to be a concise"
"""THIS IS A POISON PILL!!!"" Bernie Sanders SHREDS Republican Senator's Amendment to Biden's Budget https://t.co/LaVWfbzgWh
#Biden #News #Politics #BernieSanders #MyPresident",0,1,"""
        AI
        The tweet appears to be"
How Mitch McConnell went from the Grim Reaper to giving Joe Biden a victory: report  #News #Politics #Washington #DC   https://t.co/eq7BRH11yv from @RawStory,1,1,"AI or Human: Human

The tweet appears"
Via @RawStory: Adam Kinzinger unloads on Trump fans threatening Jan. 6 witnesses: ‘This is what happens when you tell the truth’ https://t.co/8sZNL0jwIQ | #politics #trump #corruption,1,1,"AI

The tweet appears to be a news"
"Biden has won big twice — third win will come soon 

#News #Politics #Washington #DC 
 https://t.co/my1UkdH7Nx from @WashBlade",0,1,"AI

The tweet appears to be a concise"
"'Can we or, indeed, should we revive some of our roots as a country, or are we destined to craft a much different future than many of us ever imagined was possible?' #AmericaStillGoing #DavidRBailly #Politics #Philosophy #Traditions https://t.co/p5bu2pAcuN https://t.co/pdzKrESfVh",1,1,"AI

The tweet appears to be written in"
EU officials play down prospects for Afghan deportations as war rages (POLITICO)  A senior EU official on Tuesday pushed back against a plea from several EU countries to cont...  Add your highlights: https://t.co/wjK8T0VdKT  #europe #politics #...,1,1,"AI or Human: Human. 

The tweet appears"
"WSJ: If you put faith in the Fed’s inflation forecast, you lost money…-  #news #politics - https://t.co/KynK28pfS6",1,1,"AI

The tweet appears to be a summary"
Boris Johnson is calling for U.S. travellers back https://t.co/bn2hA5EHDV #Politics https://t.co/eQQT8822Zi #Boris #Johnson #wants #U.S. #travellers #back #  279,1,-1,"Retweets  1,034 Likes"
Final victim identified in Fla. condo building collapse https://t.co/nGHu3JmGWb  - @politic_talks #politics #politic,0,1,"stoday
AI

The tweet appears to be"
"Fauci: I Know People Like to Have Their Individual Freedoms… But We Need Vaccine Mandates Under Certain Circumstances (VIDEO) #News #Politics 
 https://t.co/bMMdKFcgVG",0,1,"AI

The tweet contains a quote attributed"
Can employers force COVID vaccinations on staff without lawsuits rolling in? Comment your thoughts… #Covid_19 #DeltaVariant #classactionlawsuit #politics #USA #America #CoronavirusPandemic #coronavirus #antivax #antivaxxers #BigPharma,1,1,"AI

The tweet contains multiple hashtags and a"
Via @RawStory: 'He doesn't know Trump the way I do': Christie fires back at Adam Kinzinger for pointing out early support of ex-president https://t.co/HfWumkPSks | #politics #trump #corruption,0,1,"AI

The tweet appears to be a summary"
#Australia  In case you still think it might get better one day.  #society #corruption #Politics https://t.co/WRu2B4BIZI,1,1,"AI

The tweet appears to be written in"
"McEachin, Langevin, Duckworth introduce legislation to expand ADA protections #Politics https://t.co/gclhc0NKcs",1,1,"AI or Human: Human

The tweet appears"
Thoughts On #CancelCulture #Politics #Netflix #TheMandalorian https://t.co/dUnoNqUVow,0,1,"AI

The tweet appears to be a generic"
Via @RawStory: Can Democrats break the midterm curse? Maybe — consider the example of 1934 https://t.co/EWkOClOoRe | #politics #trump #corruption,0,1,"AI

The tweet appears to be a summary"
"New York governor Cuomo to resign, Hochul next in line to be governor https://t.co/kZtaLHoI4O #Politics https://t.co/eQQT8822Zi #New #York #governor #Cuomo #to #resign #Hochul #next #in #line #to #be #governor #  744",0,1,"AI

The tweet appears to be a news"
Cuomo replacement Kathy Hochul flip-flopped on driver's licenses for illegal immigrants https://t.co/InzyTQN5YL  - @politic_talks #Politics #Political,0,1,"News
AI

The tweet appears to be a"
Remember the farce our democracy is being turned into. Remember you are still citizens of a democracy and that we can change things.  Remember. N/n #India #Politics #StayAngry,1,1,"AI

The tweet contains a mix of formal"
"I'm not a fan of Assange by a long shot, but I'm not sure I like the precedent this sets for extraditing non-citizens for things they do outside a country's national boundaries. How is this even US jurisdiction? #politics #AssangeCase #JulianAssange #extradition https://t.co/2kb8Gvizoi",0,1,"AI

The tweet expresses a nuanced opinion on"
Ilhan Omar's office accuses AIPAC of putting her 'life at risk' with attack ads https://t.co/ZP6fHPzUiE  - @politic_talks #Politics #Political,1,1,"News
AI or Human: Human

The tweet"
"#Politics 

We now have academics and scientists picking a political party them presenting opinion regardless of the evidence.  It is not possible to know the truth today.  The people can do is try and pick which lies to believe. #society #COVID19Aus",0,1,"AI

The tweet contains a complex structure"
#Inflation #Central_banking #Business #Politics #World_economy 'Outrageous’: Bank of England chief slammed for asking Brits not to demand a big pay raise https://t.co/uD76yBqcFk https://t.co/Cv3EpDx1E3 https://t.co/FM7qHjHlsJ,0,1,"AI

The tweet appears to be a summary"
"In the MLA'S disqualification petition case, the Supreme Court has issued notice to the then 10 Congress MLAs.

@INCNGoa #Disqualification #SC #Politics https://t.co/P8wHtuWorm",0,1,"Assistant: AI

The tweet contains a mix"
If RINO means I don’t believe in the big white lie an can critically think for myself…then I’m a Red Rino Republican (R^3) and proud. The @GOP is not a monolith. Let’s stand up and #MakeItRight. Now’s better than ever. #Tulsi @AdamKinzinger #GOP #DNC #politics @xanderpolitics https://t.co/6IzF1Z2vOD,0,1,"AI

The tweet contains political jargon,"
"To put today's society in a nutshell, Rurals get #politics, urbans get #economics and the blends; embrace both and are more often successful.... #thoughts",1,1,"#opinion
AI

The tweet appears to"
"Visit the link:

https://t.co/Du93iA2g2N

#OTNews #republicofsouthafrica #climatechange #politics #ClimateInvestmentFunds #CO2emissions #COP26globalclimateconference #Glasgow #greenhousegasemissions #BarbaraCreecy #MinistryOfEnvironment",0,-1,#SouthAfrica #environment #sustainability #global
UK moves to remove China’s CGN from nuclear power projects - https://t.co/j64ITC98iQ via @FT #CGN #cgnews #China #Chinese #ChinaUS #Beijing #UK #Britain #London #BorisJohnson #Sizewell #XiJinping #energy #nuclearpower #politics,1,1,"AI

The tweet appears to be a news"
"@cherylhart00 @ninaturner Ya mean, for a more progressive, fairer, equaL opp platform??! 

•#MedicareForAll 
•#FightFor15
•#AffordableHousing
•#JusticeForALL
•#GreenNewDeal 

(which, accr, to poLLs, maj of #Democrats support) 

#USA #Politics",0,0,"Assistant: Human

The tweet shows signs of"
"Connecticut Governor mandates vaccine for teachers and state employees 

https://t.co/OLO826paG6 

#leftwing #world #trump #politics #news #maga #liberal #leftist #feminism #antifa #political #donaldtrump #democrats https://t.co/xFEvLVSEzF",0,1,"AI
The tweet contains a mix of"
Globalists set their “Great Reset” move loose on the Septic Isle…-  #news #politics - https://t.co/s55drc6UWc,1,1,"AI or Human: AI

The tweet appears"
"Greene County Clerk appointed to U.S. elections committee, will make federal voting systems guidelines - News-Leader https://t.co/1kuBG5sASJ #2020Elections #Elections #Politics #GeneralElection",0,1,"AI

The tweet appears to be a news"
Spike Lee Admits to Suspicions About ‘Official Explanations’ of 9/11 Attacks: ‘I Got Questions’ https://t.co/yEx9OkkBE1 #politics #feedly,0,1,"AI

The tweet appears to be a headline"
No quarantine for Britons double-jabbed abroad anymore https://t.co/ctAnJhLT1D #Politics https://t.co/eQQT8822Zi #Britons #double-jabbed #abroad #no #longer #required #to #quarantine #  470,1,1,"AI
The tweet appears to be a news"
WATCH: U.S. Olympic Swim Team Chants Adoringly for First Lady Dr. J... (Mediaite)  First Lady Dr. Jill Biden drew adoring chants from the U.S. Olympic Swim Team Sa...  Add your highlights: https://t.co/l7GLfXxgTy  #LeftWing #Politics...,1,1,"AI
The tweet contains a mix of factual"
New EV chargers coming to Alberta https://t.co/Ty9pDoOyn3 #Politics https://t.co/eQQT8822Zi #news 201,0,1,"9-07-15
AI or"
"@tcthorogood A positive culture is the underpining of a team that supports one another and leads to success. Sadly I've seen it in #politics too, but not just there. #KindnessMatters",1,1,"AI

The tweet contains a statement about culture"
ISU wanita tak penting ke? Batu Kawan MP wants to bring up this issue but the speaker chooses not too? Nak habis cepat² Dan balik makan tidor je Kan. Frm the beginning it was like market that wasn't a waste of time. #SpeakerGagal #Parlimen #parlimenmalaysia #Politics,1,1,"Malaysia
AI

The tweet contains several characteristics"
Via @RawStory: ‘An embarrassment and a disgrace’: McConnell faces brutal backlash after saying he didn't watch 1/6 hearing because he 'had to work' https://t.co/uMY6cvWgPD | #politics #trump #corruption,0,1,"AI

The tweet appears to be a summary"
"This woman @AOC is not only a socialist who is hated by her own party, yet somehow speaks as eloquently as @POTUS on a good day. 😶  #oustaoc #realtinaforcongress #news #politics #ny14  https://t.co/UK2GDFkgaD",1,1,"AI

The tweet contains a mix of factual"
Economists perplexed: why is UK labor so awful now?-  #news #politics - https://t.co/4UTrhsbXvV,1,1,"AI

The tweet appears to be a concise"
"#politics #government Biden extends COVID relief for student debt through January 2021: The Biden administration has extended pandemic relief for student debt through Jan. 31, 2022, the Department of Education announced on Friday. https://t.co/ZzBJcQvVyK https://t.co/evtztDS1js",0,1,"AI

The tweet contains a factual statement about"
"There was a line on @colbertlateshow that really resonated with me about how withdrawing from #Afghanistan may well be the right choice but we also wish that the right choice didn't feel so wrong. I think that sums up so many of our feelings...
#politics #news",0,1,"AI

The tweet contains a nuanced political observation"
"Since GE 2020, Singaporeans have yet to hear any official outcome of the PAP’s investigation on their ex-candidate Ivan Lim—the “rotten one” who “bullied” those under him. Why is there such a delay in reporting the result of his character flaws to the public? #Singapore #politics",0,1,"AI

The tweet contains a specific reference to"
"Its great to see @TheGreenParty lead on creating more diversity &amp; inclusion through training opportunities in politics on a local level 💚✨Leadership is about empowering others &amp; its refreshing to see this in politics! 🙌🏽
 #Brighton #Hove #Leaders #politics #Training #Diversity https://t.co/EGu1uf3WYE",0,1,"AI

The tweet contains a mix of natural"
Jailed Kremlin critic Navalny tells Russians to sabotage upcoming elections - Reuters https://t.co/oGTQt3xEZ4 #2020Elections #Elections #Politics #GeneralElection,0,1,"AI

The tweet appears to be a summary"
I really hope this isn't another case of systemic bias!  #democracy #politics #ethics #DemoPart #DelibDem #research #CommunityEngagement  https://t.co/0cTxOkGqtd,1,1,"AI

The tweet contains a mix of common"
"It's time, more than ever, to break free from apathy. For Socialism not to be a dirty word any more. This is a time for heroes. –Jake (The Corbyn Comic Book) #quotes #jeremy_corbyn #politics #turning_point",1,1,"AI

The tweet contains political references and a"
Senators look towards bipartisan Capitol security funding deal https://t.co/FOWiOckvbq  - @politic_talks #politics #politic,0,1,"stoday
AI or Human: Human

The"
"At least two Florida school districts refuse to allow students to opt out of wearing masks 

https://t.co/C3HZJlAuvb 

#leftwing #world #trump #politics #news #maga #liberal #leftist #feminism #antifa #political #donaldtrump #democrats https://t.co/tKS177YmoP",0,1,"AI
The tweet contains a mix of"
"adding that he's always been ""woke"" and fought in Vietnam. #Politics

https://t.co/Bx0gvaPwqj",0,1,"AI

The tweet contains a mix of casual"
#Politics: Tunisia: Head of State decisions labelled “null and void” Report https://t.co/wCwYztfPr3 #svgnewsbot https://t.co/KK1CRyJc2T,1,1,"AI

The tweet includes a hashtag (#svg"
Connecticut minimum wage due to increase on Sunday https://t.co/rtKQukdobQ #Politics https://t.co/eQQT8822Zi #Connecticut #minimum #wage #scheduled #to #increase #on #Sunday #  128,1,1,"0x720
AI
The tweet"
"#Politics Armenian FM, US Deputy Assistant Secretary of State stress need for comprehensive settlement of NK conflict https://t.co/w8NVPqllHp https://t.co/O7dq6013Wl",0,1,"AI or Human: AI

The tweet appears"
"Two-thirds of voters support taking $500bn in climate damages from Big Oil, poll finds

https://t.co/bfLmzSAdNv 

#leftwing #rightwing #trump #politics #conservative #republican #maga #liberal #leftist #feminism #antifa #political #donaldtrump #democrats https://t.co/OHe25buMx8",0,1,"AI
The tweet contains a specific statistic"
French ex-justice minister Rachida Dati now faces up to 15 years in jail... #politicsandlaw #politics #justice #governance #France #bananarepublic #corruption #EU #ethics  https://t.co/9VQbOTppdF via https://t.co/2ATRB6cMQP https://t.co/MvpxUuSo9M,1,1,"AI

The tweet contains a mix of factual"
"Critical race theory wants children to know the truth https://t.co/x9a7hq5NBt 
#Texas #politics",0,1,"AI

The tweet appears to be a simplified"
Sham Elections and Shameless Lies - The Bulwark https://t.co/lXzjRgIMzd #2020Elections #Elections #Politics #GeneralElection,0,1,"AI

The tweet appears to be generated by"
"As the date of the local elections is coming near, maybe all the leaders and candidates watch this play at least once. If they do, they can learn a lot of things from this beautiful piece of art.

#ular #theatre #politics #art @Artist_Che @NayanRajPandey 

https://t.co/1p7BE2PcUa",0,1,"Assistant: AI

The tweet contains a mix"
"More states than ever are competing fiercely to attract businesses, offering tax incentives and perks to convince corporations to relocate.https://t.co/0ACHIEJb6m #politics #businesspolitics #business  #poltical #benayinformer https://t.co/ozljxNX8lE",1,1,"AI

The tweet contains a mix of factual"
"#politics #government Louisiana Rep. Clay Higgins says he, wife, son have coronavirus: NEW ORLEANS (AP) — Republican Rep. Clay Higgins of Louisiana, a vocal critic of mask mandates and other pandemic restrictions, confirmed he, his wife and their son have contracted the coronavirus https://t.co/CJThVrd20L https://t.co/zqpZD39wg1",1,1,"AI

The tweet appears to be a news"
".@ledamalekina has announced no one will own more than 1,000 acres of land if he is elected president.  'All ranches in Laikipia will revert back to the original owners!  Neocolonialism will end!'  #tukonews #politics  https://t.co/XaQBTvT6Q8",1,1,"AI

The tweet contains a mix of factual"
"Australia suffers worst COVID day this year with millions in lockdown via @Reuters 

https://t.co/89qPYaowtI 

#Australia #COVID19 #DeltaVariant #vaccines #economy #economics #workers #wages #jobs #families #politics #PoliticalParties #RegionalSecurity #recovery",0,-1,#healthcare #publichealth #maskmandates
Mesa County District Attorney Launches Criminal Investigation After Posting Of Election System Passwords - CBS Denver https://t.co/cKJgNhH468 #2020Elections #Elections #Politics #GeneralElection,1,1,"AI

The tweet appears to be a news"
Biden Goes Back on the Campaign Trail Today - U.S. News &amp; World Report https://t.co/UZsaYy077N #2020Elections #Elections #Politics #GeneralElection,1,1,"AI

The tweet appears to be a news"
"Florida’s #COVID pandemic is FULL BLOWN, but, once again, Mini-@realDonaldTrump DeSantis still isn’t sharing life-saving data #politics  https://t.co/vU2xvFfLlM",1,1,"AI

The tweet contains political commentary and uses"
#politics #government Federal Reserve Chairman says he isn't concerned by Delta surge: A key economic official says he doesn't think surging coronavirus cases will knock the reopening recovery off track https://t.co/NIj1LZ0PWk https://t.co/ELtEj1GCfQ,1,1,"AI

The tweet appears to be a summary"
"It was a striking turn of events, since early in the pandemic the New York governor was viewed as among the most powerful and important leaders in the Democratic Party. #blacknews #blacktwitter #news #politics  https://t.co/NydZRvhMJY",1,1,"AI

The tweet contains a factual statement about"
Side by side comparison of the news. Call out overt bias or under-reporting. Share to help keep democracy informed. #news #politics #media #msnbc #cnn #fox - More at: https://t.co/OCTLN0v95U https://t.co/PquMVR8lLO,1,1,"AI

The tweet contains a call to action"
"Houston ICUs 'like a war zone' amid COVID surge, doctor says   https://t.co/4OcgANjVvs   #leftwing #world #trump #politics #news #maga #liberal #leftist #feminism #antifa #political #donaldtrump #democrats https://t.co/lTqX9uXfzQ",1,1,"AI

The tweet contains a mix of relevant"
"#AndrewCuomo feels 'vindicated,' won't rule out another run for office https://t.co/vwdAU2mO7r #Politics #News",0,1,"AI

The tweet appears to be a news"
"President Of Portugal Dissolves Parliament And Calls Early Elections.

 #Europe #european #MarceloRebelo #mw3news #news #politics #portugal #PortugalPresident #portuguese #president

https://t.co/LXqSl192Y7 https://t.co/EPDrkJZogd",0,1,"Assistant: AI

The tweet contains a factual"
Vatican trial opens into financial scandal rocking papacy... #politics https://t.co/MEGxeB5CEE,0,1,"AI

The tweet appears to be a news"
BJP accuses TMC of indulging in 'divisive politics' amid row over alleged 'Bihari gunda' jibe   Watch #TTP with @PreetiChoudhry: https://t.co/OToiF3xSf8  #India #Politics #MahuaMoitra #NishikantDubey https://t.co/bv3OXMyT6g,1,1,"AI

The tweet appears to be a news"
Via @RawStory: The country is failing to confront the rage of Donald Trump's supporters -- and the result is mass death https://t.co/3JWUJcQJYV | #politics #trump #corruption,1,1,"AI

The tweet appears to be a summary"
Probably it's a secret information but still I have to complain. Russian government has seized incredible amount of railway coaches causing big troubles for ordinary goods suppliers (such as me). Why they need coaches? To transport something somewhere 😏 #Politics #Russia #truth https://t.co/PbicwrUUto,0,1,"AI

The tweet contains a mix of natural"
"Georgia AG files a scathing response to DOJ's election lawsuit, blasting it as a 'shameless political attack' https://t.co/H5MVkeWRuH  - @politic_talks #Politics #Political",1,1,"News
AI

The tweet appears to be a"
'#Politics Today News: Biden rallies for McAuliffe in an early test of his political clout #News': https://t.co/J7QbBynqEl,1,1,"AI or Human: Human

The tweet appears"
"Hey all! Here's a post you've missed. Read about why....""Being Homeless Shouldn’t Be Criminal."" https://t.co/tttaR3UGnN #Homelessness #Homesforall #Politics #Culture",0,1,"AI

The tweet appears to be generated by"
McAuliffe draws tiny crowds as campaign enters final stretch https://t.co/dkS8jaRSrG  - @politic_talks #Politics #Political,0,1,"News
AI

The tweet appears to be a"
Home Office officials have admitted that the total cost of housing asylum seekers in hotels is almost £5 million per day — four times as much as they told MPs. (£1.7B a year). Do you mind paying for this? #Politics,0,1,"#Asylum #UK
AI

The tweet"
"Trump took a beating by the media, Libs, lies, fake impeachments, and STILL produced. Like the man or not, production is ALL that matters on all levels. #Trump #FJB #BidenIsAFailure #Politics",0,1,"AI

The tweet contains repetitive language and hashtags"
"@OulaKadhum's full piece on #Iraq-i diaspora mobilization in the #UK is available below 👇👇  '[D]iaspora #mobilization has been affected and shaped by #homeland #politics and dynamics, privileging some while thwarting others.'  https://t.co/Gr1CJYCOg3 https://t.co/xbT7oMsknz",1,1,"AI

The tweet appears to be a factual"
"Texas Governor's Ban on School Mask Mandates Is a 'Direct Threat' to Safety t... (Truthout)  As the highly contagious Delta variant continues to spread, many hospitals are reporting rec...  Add your highlights: https://t.co/pG4wxfQnXs  #LeftWing #Politics...",1,1,"AI
The tweet contains political commentary and uses"
The Foreign Secretary is fighting to keep his job for being on holiday while Kabul fell - now we can reveal his local party got cash from a former Russian bank chief who runs a charity with the UK chair of a Russian… https://t.co/CjU3nwTX1u #Politics https://t.co/fsChgu0o83,0,1,"AI

The tweet contains complex political information and"
There are now 42 QAnon believers who are looking to run for Congress in 2022. It was 19 nearly two months ago.  #QAnonCult #GQP #Politics  https://t.co/A8GAQfvfC3,1,1,"AI

The tweet contains specific and somewhat outdated"
"Sudan to extradite Bashir, other wanted officials to ICC : minister https://t.co/Qw1UCB4uCs #Politics",1,1,"#InternationalLaw
AI

The tweet appears to"
"@thehill As politicians go, @SenatorDurbin seems really sincere. Policy can always be debated, but we would love to see a lot more authenticity in #politics.",0,1,"#DurbinSincere
AI

The"
"Corruption and ignorance must be exposed, and we all need to exercise great care in voting. #Politics #Corruption",1,1,"AI

The tweet appears to be a statement"
Billionaire Trump Donor Says He Has Joe Manchin’s Ear: ‘I Call Him Every Week’ https://t.co/Hxf87UbxNM #Politics #PoliticsNews,0,1,"AI

The tweet appears to be a headline"
"Walz to call for deal on unemployment insurance, ‘hero pay’ https://t.co/xS2eSP49N2  - @politic_talks #Politics #Political",0,1,"News
AI

The tweet appears to be a"
@realDonaldTrump-loving Arizona #GOP #State #Senator claims #COVID vaccines are 'the Mark of the Beast' in an unhinged rant #politics  https://t.co/TRBsgyUwT8,1,1,"AI

The tweet contains a mix of factual"
UK lobbying regulator opens investigation into Philip Hammond https://t.co/pjM7x6tPtf #PhilipHammond #chancellor #Tories #UK #politics #lobbbying,1,1,"AI

The tweet appears to be a news"
The Officers Who Protected the Capitol Were Heroes https://t.co/jgoIOOzlU3 #politics+ current events #feedly,1,1,"AI or Human: Human

The tweet appears"
Via @RawStory: 'RIP self-awareness': Bill O'Reilly crashes and burns after attacking Andrew Cuomo over sexual harassment https://t.co/ELNikl26Fp | #politics #trump #corruption,0,1,"AI

The tweet appears to be a summary"
"Hey @KyleKulinski, you often complain about shady donors and various figures funded by the ""military industrial complex.""

My question is simple.

Who funds you?

Can we at least see a list of your Patreon backers? Other YouTubers post theirs. Why not you? #politics #Afghanistan",0,1,"Assistant: AI

The tweet shows signs of"
Merkel on Biden’s Afghan Fiasco: ‘Everything Seems to Have Been in Vain’ Leaning: 18% Conservative - View rating: https://t.co/hgUWSiGqBH #ArticleBiasRatings #Politics https://t.co/fa1Sut8yGL,0,1,"AI

The tweet appears to be a summary"
"MY STORY

Why Uttar Pradesh is heading for a communally polarised assembly election in 2022

#SalmanKhurshid #Jinnah #UPAssemblyelection2022 #UttarPradesh #Politics #ShaktiWrites 

https://t.co/ZAMs5usQTi",0,1,"AI

The tweet includes a hashtag (#Sh"
"""#Politics Today News: Victorian MP employed ‘factional operatives’ for taxpayer-funded political work, Ibac hears #News"": https://t.co/X2OXyRHQSP",0,1,"AI

The tweet appears to be a news"
JUST IN: Tunisia shuts down airport and borders after president sacked prime minister and suspended parliament #News #Economy #Politics,0,1,"AI

The tweet appears to be a news"
The government will announce its new Beating Crime Plan today. The measures proposed include: Permanently relaxing conditions on the use of stop and search powers to take more knives off the streets. Do you support or oppose this measure? #BeatingCrimePlan #Politics #Government,1,1,"Actions
AI

The tweet contains a plausible news"
Secretary LaRose says Ohio has elections full of integrity - Spectrum News 1 https://t.co/RrfXOXGgjZ #2020Elections #Elections #Politics #GeneralElection,0,1,"AI

The tweet appears to be a brief"
"● NEWS ● #Gannett #Politics ☞ Do #Facebook and #Google silence conservatives? Trump, Republicans bet claims they do will fire up the GOP base in 2022 https://t.co/uF5VbrCy7z",1,1,"AI

The tweet follows a structured format often"
"#politics 
In politics, what begins in fear usually ends in folly.
~ Samuel Taylor Coleridge",0,1,"AI

The tweet includes a quote attributed"
Curious what advantages GMOs might bring to our food supply and nutrition? Read ‘You Say Tomato…’ by Joseph Annotti to find out.   https://t.co/8n35xl38tD   #science #law #politics #research #publicpolicy #gmo #centerfortruthinscience,1,1,"AI

The tweet contains a book recommendation,"
How to Avert The End of The World. https://t.co/wMQC1PMHzN #philosophy #ClimateCrisis #endoftheworld #Politics https://t.co/FbbHAeUiM6,1,1,"AI or Human: AI

The tweet appears"
"#Politics #India #Karnataka 
  -- Deve Gowda to contest LS poll from Tumakuru again https://t.co/mFsPlnnzzD @deccanherald",0,0,"Human

The tweet includes a hashtag and mentions"
This is when Sports is no longer an escape from reality.  When people actually root for people and teams to lose due to their #Politics.  - #MeganRapinoe and the U.S. Womens Soccer Team - #GreggPopovich and the U.S. Men's Basketball team -#NaomiOsaka  #Olympics #OlympicGames https://t.co/ys93PdSifF,1,1,"AI

The tweet contains a mix of commentary"
Austria to increase soldiers to eastern border to halt migration flux https://t.co/daFovWj3ca #Politics https://t.co/eQQT8822Zi #Austria #to #deploy #more #soldiers #to #eastern #border #to #halt #migration #flux #  845,1,1,"characters
AI
The tweet appears to be machine"
What would you say is something domestic that could change #Biden s approval rating right now ? #BidenHarris #US #unemployment #politics,0,1,"AI

The tweet appears to be generated by"
Commission opens infringement procedures against a dozen Member States for unfair trading practices https://t.co/bQUdiBAu8H #Politics https://t.co/eQQT8822Zi #Commission #opens #infringement #procedures #against #12 #Member #States #for #unfair #trading #practices #  733,1,1,"characters
AI
The tweet follows a structured format"
The article gives a textbook example of irony. “Talarico said. 'Under one-party rule: democracy suffers.' #Texas #Politics  https://t.co/S4VuJOiGpz,1,1,"AI

The tweet structure and use of hashtags"
"@TheJusticeDept @SecretService What is being done about the #FakePretend 'potus"" running around doing #foreignpolicy? SS you got agents, arrest him!! @FBI
@SenWhitehouse  Get $$ out of #politics now! https://t.co/QB9N2K6i5L",0,0,"Human

This tweet appears to be written in"
We noticed that outreach in So Cal megachurch #evangelical #patriarchy &amp; #politics #POC '200 African American pastors and community organizers who are here this week &amp; over 500 Hispanic pastors &amp; community organizers..' -Ralph Reed.  @kathsstewart,1,1,"@Ralph_Reed
AI

The tweet"
@BenOquist laying the ground work for today’s debate on Territory Rights. Amazing crowd. Inspiring to see how Canberrans engage with #politics and #democracy Aren’t we lucky to be in the ‘Canberra Bubble’ during these challenging times! https://t.co/eTXhX5Yp9k,1,1,"AI

The tweet contains a mix of natural"
The #government says #jabs aren't as reliable against the #variant.#Deltavirant #Politics https://t.co/5vdVjhgGWX,1,1,"AI or Human: AI

The tweet appears"
"#NewsAlert: #UnitedStates secretary of State #AntonyBlinken said There are few relationships in world that are more vital than one between the #US &amp; #India. 
@SecBlinken 
#BreakingNews #Blinken #USA #America #Politics #WorldNews https://t.co/6p5PvfDmIg",0,1,"AI

The tweet contains a mix of"
#politics They Put Out California's Fires. What Are They Owed? https://t.co/Yd2gmimM9Y,1,1,"AI

The tweet appears to be a simplified"
Via @RawStory: Harvard alum Ted Cruz attempted to dunk on Yale — ended up imagining himself naked with college kids https://t.co/zo60etzHgV | #politics #trump #corruption,0,1,"AI

The tweet appears to be a summary"
"Via @RawStory: No GOP votes, Senate approves $3.5 trillion budget blueprint https://t.co/pWp9EavoGU | #politics #trump #corruption",1,1,"AI

The tweet appears to be a news"
'Sore loser' Trump reaps the consequences of election lies in Arizona - CNN https://t.co/gDsMyXx7w9 #2020Elections #Elections #Politics #GeneralElection,1,1,"AI

The tweet appears to be a headline"
"Do you all recall the Jubilee mediocrity you all applauded? Well here's is some part of the shitty politics, you guys play in this country. Zero ideology. #Kenya7s  #Politics  #CJMarthaKoome https://t.co/U7zPGZklyu",1,1,"AI

The tweet contains colloquial language"
"Leap in higher education in TN due to AIADMK govt: Palaniswami https://t.co/0k6yY7IXkw #Covid19India #Breakingnews #Indiapolitics #AndhraPolitics #NewsFeed #Politics #RahulGandhi 

Chennai, Feb 21 - Former Tamil Nadu Chief Minister K. Palaniswami on Monday said that the leap i…",0,1,"AI

        Explanation:
        The tweet contains"
"Nwosu Urges APC To Reconcile Factions Before National Convention: https://t.co/AW7a0vcKej 
#APC #APCConvention #UcheNwosu #NigeriaNews #Politics
https://t.co/AW7a0vcKej",0,1,"AI

The tweet appears to be a news"
Via @RawStory: Arkansas GOP governor backtracks on school mask mandate ban -- and admits original law was a mistake https://t.co/8f2Yd65fF2 | #politics #trump #corruption,0,1,"AI

The tweet appears to be a summary"
"@AP After recieving a #COVID vaccine #BobOdenkirk collapsed #media isnt saying a word about him being vaccinated, if he wasnt they would be blaming it on #Covid_19! Let that sink in #America!

#USA #NYC #NewYork #politics #Congress #CNN #FoxNews #1A #Trump #Trending #Patriots #Biden",0,-1,#vaccines #health #news #v
This is a great quote from Groucho Marx (NOT Karl #Marx) on #politics; perfect explanation for the #Biden debacle in #Afghanistan: https://t.co/oOyv8O5wIH,0,1,"AI

The tweet contains a reference to a"
Arizona secretary of state Katie Hobbs (D) warns Trump's visit is 'dangerous' | Washington Examiner #uspoliticalnews #politics #usnews #news https://t.co/e30wmhdFLX,1,1,"AI

The tweet appears to be a news"
Mehreen Faruqi: We can make early childhood education and care free and universal for all childr… https://t.co/8TIDXTCVUP #AusPol #Politics #AusPol2022,0,1,"AI

The tweet appears to be a political"
"Understand the rules?
Well, I certainly understand your rules are mal-functioning &amp; need improving. 
Over all the Labour Conferences &amp; meetings you've had, why on earth did you not improve your systems &amp; rules. Maybe because the rules suit the few &amp; not the many. 
#politics",0,1,"#labourparty
        AI

The tweet"
Via @RawStory: 'Only stupid people do this': MSNBC's Morning Joe burns Kevin McCarthy for 'childish' games https://t.co/L9SlOImKcw | #politics #trump #corruption,1,1,"AI

The tweet appears to be a summary"
Ukraine crisis feared to have extensive impact on South Korean economy https://t.co/umuM9L9p3M #Politics https://t.co/eQQT8822Zi #news 438,0,1,"AI or Human. AI

The tweet appears"
"""He has betrayed the idea of alternative politics and hence lost the moral authority to lead the movement""
#RabindraMishra #Nepal #Bibeksheel #Sajha #Politics #Opinion @RabindraMishra @BibekshilSajha  https://t.co/Hu1KmVkAuC",0,1,"""
        AI

The tweet contains a complex sentence"
● NEWS ● #JihadWatch #Politics ☞ #Canada : Worrying implications of NCCM’s recommendations ahead of ’emergency #Islamophobia summit’ https://t.co/qALQJcj3fH 'Using legal threats and harassment to shut down critics is nothing new',1,1,"- @JihadWatch
AI

The tweet"
"https://t.co/hTKWiajOVM No one above law.  Hold them accountable so that it never happens again. #USA #Americans #America #Democrats #news #politics #politicians 
@GOPleaders #GOP #Republicans @SpeakerPelosi #RuleOfLaw #Constitution #Opinion #Congress @SenSchumer #news",0,1,"AI

The tweet contains a mix of"
Red tape slashed for wine imports to save British wine lovers £130m a year https://t.co/Ct8CVnlaNU #Politics https://t.co/eQQT8822Zi #Red #tape #cut #for #wine #imports #to #save #British #wine #lovers #£130m #a #year #  851,1,1,"AI
The tweet appears to be generated by"
"What is Climate Change? | Start Here
#ClimateCrisis 
#ClimateAction 
#COP26 
#BiodiversityCrisis 
#ClimateMigration 
#Politics 
#ClimateReport 
#science 
#renewableenergy 
#sustainability 
#Politics 
#circulareconomy 
#solarenergy 
#Planet

https://t.co/NO7e49Rmp9 via @YouTube",0,1,"Assistant: AI

The tweet appears to be"
Side by side comparison of the news. Tell us about overt bias or under-reporting you find. Share to support an informed democracy. #news #politics #media #msnbc #cnn #fox - More at: https://t.co/OCTLN0v95U https://t.co/kTLK3or5OH,1,1,"AI

The tweet appears to be generated by"
"Congratulations @tedwheeler! 

Portland sets new homicide record with 67th homicide of 2021....

#news #politics #Oregon #unitedstates 

https://t.co/Hy0lVE81vJ
https://t.co/iXk37g0fdK",0,1,"AI

The tweet contains a mix of congrat"
Living in a completely collapsed health system... #TigrayGenocide and yet @UN are unable to organize airdrop. #Politics over humanity. #TigrayMassArrests #TigrayFamine #TigrayMassArrests https://t.co/hLMQHPQrjs,0,1,"AI

The tweet contains several hashtags and mentions"
Nothing can be called treason when it is done by Rajapaksha #lka #Politics https://t.co/5yUJ4iYPJZ,1,1,"AI

The tweet appears to be a short"
Via @RawStory: Friendly-actin' pipsqueak Glenn Youngkin lured Democrats into a trap — and there's only one way to fight back https://t.co/Tjwx1YN1My | #politics #trump #corruption,0,1,"AI

The tweet appears to be written in"
Get to know #Montreal mayoral candidate @BalaramaHolness. He visits #CityLifeMtl Tuesday 6:30PM on @MAtv_MTL. He discusses #housing #language #gangs and offers positive comments about both his opponents. #municipal #politics #election #interview https://t.co/TSkiZFEG1G,0,1,"AI

The tweet contains a mix of factual"
Northam announces $500M investment aimed at improving air quality in Virginia schools #Politics https://t.co/q9RN1hdkI1,1,1,"AI or Human: Human

The tweet appears"
@ways_future Leaders had the honour of hearing about @NazShahBfd journey in #politics. Her vision: “Working hard and staying true to yourself to make a difference. Passionate about creating opportunities for upcoming leaders” https://t.co/1jjipRYPom,1,1,"AI

The tweet appears to be a factual"
“I can confirm we’ve not received any resignation letter.” #jobmokgoro #ANC #politics  https://t.co/NNU2UFFYXI,0,1,"AI

The tweet appears to be discussing a"
"Foreign Minister @yairlapid has failed to present a new candidate for the @JewishAgency by the 4 p.m. deadline after Elazar Stern quit the race last week.

@Gil_Hoffman | #Israel | #Politics 

https://t.co/k2ccVyDPiv",0,1,"AI

The tweet contains a mix of real"
"Beirut marks year since port blast with demands for justice via @Reuters 

https://t.co/HPncgIHSCR 

#Lebanon #Beirut #BeirutExplosion #BeirutBlast #humanity #disasters #remembrance #memorials #crisis #politics #PoliticalParties #RegionalSecurity",0,1,"#JusticeForBeirut
        AI

The"
"If from tomorrow, Rahul Gandhi stops coming out in media and shares his vision for the country.

Which citizen will miss him and will look forward for his valuable thoughts in the future. 

#Thoughts #Politics #India",0,1,"AI
The tweet contains a mix of"
"@lukebroadwater See how New York Times reporting compares with Wall Street Journal, The Hill &amp; other news outlets on Ground News #Politics #police #RepublicanParty #DemocraticParty #USSenate https://t.co/5xQtIUQXXz",1,1,"AI

The tweet appears to be generated by"
Centre will have to return what was taken away in August 2019: Mehbooba | https://t.co/dQvQSg5kvY  #Politics | #Article370 #MehboobaMufti #PeoplesDemocraticParty(JKPDP),1,-1,The tweet appears to be discussing a political statement made
"Can someone please explain why they have voted for Conservatives, previously? And if they will vote for the Tories again next time…why?

I feel like I need to understand or make sense of it in my head.

#politics #Conservatives #government",0,1,"#tories
AI

The tweet appears to"
Via @RawStory: George P. Bush's scramble for Trump's nod ends in humiliating failure after months of ring-kissing https://t.co/JxyCjLfh4K | #politics #trump #corruption,1,1,"AI

The tweet appears to be a news"
All opinions are not created equal some are plainly wrong #politics  https://t.co/OPWHdUNd2j,1,1,"AI or Human: Human. 

The tweet"
You can use other's EGO against them in your own favor only if you've control over your own EGO. #politics 😉,1,1,"AI

The tweet contains a statement that,"
"Consumer price inflation could become Trudeau's biggest economic vulnerability 👉 https://t.co/dgmW8sXucB

#Inflation #Canada #Politics #Election #Economy #CanadianInflation #InflationCalculator",0,1,"#Trudeau
AI

The tweet contains relevant"
Via @RawStory: MAGA rioter wants court to lift her electronic monitoring so she can maintain her exercise routine https://t.co/oHDucnp2f4 | #politics #trump #corruption,1,1,"AI

The tweet appears to be a summary"
Shiromani Akali Dal leader #NareshGujral warned the #Congress to 'look beyond one family' if it hopes to revive itself | #Politics #SAD | @mausamii2u   https://t.co/b2coNGCECW,1,1,"AI

The tweet contains a mix of real"
"#Canada #Politics
...Joe Biden: ""Build back better.""

Trudeau: ""Build back better.""

Is there ANYTHING the US does you won't copy (but half-ass or fail)? Can't wait to NOT vote Liberal. 🍁

😷✌️ https://t.co/cA8z4wsEIG",0,1,"Assistant: AI

The tweet contains a sarcast"
Brazil senators back criminal charges against Bolsonaro over COVID handling https://t.co/98AIkdAmOq #Politics https://t.co/eQQT8822Zi #news 614,0,1,"30
AI or Human: AI

The"
this thread gives important insight into how many people are perceiving all this. #scicomm might have been better (most of us do it in our spare time for free tbf) but also highlights the conflation of #science and #politics   #COVID #CovidVaccine https://t.co/Mplye4LUNw,1,1,"AI

The tweet contains a mix of observations"
"#Politics has reduced the noble ideal of equality to the ugly reality of envy of other people's achievements - and a sense that the world owes you something, while you owe nobody anything, not even common decency #ThomasSowell",1,1,"AI

The tweet appears to be a well"
Side by side comparison of the news. Note overt bias or under-reporting. Share to support an informed democracy. #news #politics #media #msnbc #cnn #fox - More at: https://t.co/OCTLN0v95U https://t.co/GD0Mt4gmpk,1,1,"AI

The tweet contains a call to action"
"After a Decade of Activism, $15 Minimum Becoming New Average in Some I... (Truthout)  New data show that, as wages have risen across much of the economy, the average pay for rest...  Add your highlights: https://t.co/kVDMHO2h4y  #LeftWing #Politics...",1,1,"AI
The tweet appears to be generated by"
"U.S., China Still at Odds Over Way Forward After Tense Talks…-  #news #politics - https://t.co/QvunTbrn3t",1,1,"AI or Human: Human

The tweet appears"
"Sounds like where we're heading.  Silence opposition.
#politics

Nicaragua sentences journalist, ex-minister for ""conspiracy"" https://t.co/k3EpOl2Tkr via @Yahoo",0,-1,"News
    
This is a clear example of how governments"
"@Zyyan_Ali This letter could make #PDM parties #Disqualified from #Politics for being the tool of unrest in #Pakistan 
#Sack_All_Parties
#Article17_212_213
#OpenVolume10",0,1,"AI

The tweet contains a mix of"
"Virginia Cop Wants His Job Back After He was Doxxed and Fired for Donating to the Kyle Rittenhouse Defense Fund #News #Politics 
 https://t.co/2gnlL1X7ZO",0,1,"AI

The tweet contains a mix of"
"As DC Violence Spirals, Black Community Leaders Rally Neighbors To Protect Each Other https://t.co/3kZWpqLXU6 #politics #opinion https://t.co/k22ajINQDJ",1,1,"AI

The tweet appears to be written in"
"CAG getting due respect, recognition after decades: PM Modi on 1st Audit Day
BITS NEWS INDIA #news #covid #coronavirus #like #india #love #instagram #media #follow #music #viral #fashion #breakingnews #instagood #noticias #corona #politics #trending #rep… https://t.co/ExwcueFrRB https://t.co/BHJyN4g3sB",0,1,"AI

The tweet contains several elements that"
Mike Lindell Has Higher Net Favorability Than AOC in Recent Poll #News #Politics   https://t.co/XsdZL2ZVqX,1,1,"AI

The tweet appears to be a factual"
Burundi pauses Africa's only rare earths mining https://t.co/VpMpp2QmiE #Politics https://t.co/eQQT8822Zi #Burundi #suspends #Africa's #only #rare #earths #mining #  898,1,1,0 characters in this tweet. AI or Human:
First Indian player to reach 3rd round of TT at the Olympics in Indian History. That too w/o her coach bcz #TTFI didn't approve of her coach include in Olym Party AND now #TTFI thinking of punishing her for refusing guidance from National coach. #politics zindabd https://t.co/YcYbpbPuiA,1,1,"AI

The tweet contains a mix of factual"
#OPECMeetings #OPEC #WTICrudeSep21 #Economy #Politics Oil drops after White House says OPEC must boost production to support the economic recovery - CNBC https://t.co/ZAfNAhMEXm,1,1,"AI

The tweet appears to be a news"
"Join @DemocracyFound for a panel on Final Five Voting hosted by @ElectionsCenter, Wednesday, February 9th at 7pm in the Pyle Center. Panelist include @saraeskrich, @RepTonyKurtz, @bcburden, and @kevinrkosar from @aei. #FinalFiveVoting #Politics #Wisconsin #Elections https://t.co/DxZd75QQSN",0,1,"AI

The tweet appears to be formatted like"
The campaigns have started. Tell us issues you consider important in 2022 Illinois elections - The State Journal-Register https://t.co/hNpCLeptc7 #2020Elections #Elections #Politics #GeneralElection,0,1,"AI

The tweet appears to be a call"
Jake Ellzey secures victory in Texas special election over Trump-backed Susan Wright https://t.co/y7CIoeuQFO  - @politic_talks #Politics #Political,1,1,"News
AI

The tweet appears to be a"
High Power Microwave Weapons: How China Outplayed India at Ladakh? https://t.co/QXbbf5z8Jh #Politics,1,1,"#Defense
AI
The tweet appears to be"
"Not true, we paid the top 1% trillions of dollars so they could become even wealthier

https://t.co/YcjC3zWqz1 

#leftwing #rightwing #trump #politics #conservative #republican #maga #liberal #leftist #feminism #antifa #political #donaldtrump #democrats https://t.co/jphS1kk7Oh",0,1,"AI
The tweet contains a mix of"
"Dems vow to try again on elections bill, forcing Senate votes - Daily Union https://t.co/Jd8Y7qyixM #2020Elections #Elections #Politics #GeneralElection",1,1,"AI

The tweet appears to be a news"
Low voter turnout marked the Local Government election in Lagos. Here are some scenes and sounds from today’s election in Lagos.⁣⁣  #Election #LGElection #Lagos #LASIEC #Politics #Voting #Nigeria #GuardianTV #TheGuardianNg https://t.co/0JrByHOpRn,1,1,"AI

The tweet contains a factual statement about"
EXCLUSIVE: Labour's David Lammy has slammed the Government's 'sickening' record since the Conservatives came to power in 2010 https://t.co/2TaHlSvgw1 #Politics @torysleazeUK https://t.co/tRDCXpRRIi,1,1,"AI

The tweet contains a political statement and"
Great thread 🧵 regarding domestic USA oil production. How politicians and American oil companies try tk shape the public narrative to fit their political party/agenda. #Politics #EnergyIndependence https://t.co/6ZBMtzoNpI,0,1,"AI

The tweet contains a mix of natural"
"Record-Breaking Heat Waves Have Arrived Decades Earlier Than Predicted (Truthout)

The heat waves of 2021, which have pummeled western regions of the United States and Canada,...

Add your highlights:
https://t.co/78FVwIIr2p
 #LeftWing #Politics...",0,1,"AI

        Explanation:
        The tweet contains"
Side by side comparison of the news. Comment on overt bias or under-reporting. Share to support an informed democracy. #news #politics #media #msnbc #cnn #fox - More at: https://t.co/OCTLN0v95U https://t.co/ivLViGCgd5,0,1,"AI

The tweet appears to be generated by"
@heatherjones333 Another perfect reason to stop paying taxes!#IRS #USA #NYC #NewYork #politics #Congress #CNN #FoxNews #1A https://t.co/BAuWxY4hg7,1,1,"AI

The tweet contains a mix of hashtags"
"U.S Military . Forgotten  . War Crimes in Afghanistan . The Trump years  . Wednesday 17th July, 2019 . 17 poor daily labors, killed by a USA military indiscriminate airstrike  in ‘Miyan Dasht’ district of Helmand province .  . #Politics, #News, #World, #Afghanistan",1,1,", #WarCrimes
AI

The tweet"
"@BuckSexton What do you mean? As we're told by the legacy media, Biden is the most loved &amp; popular President-elect ever beating Obama-era enthusiasm with over 100% voter turnout in some states. #unity #healing #politics #sarcasm #BuildBackBitter https://t.co/SZ05C0eyyC",0,1,"AI

The tweet contains a mix of factual"
"And maybe because each nation is seeking #AIDominance, and wants their #AI and #nanobots in more people.  ‘Politics’ blocks highly-effective #SputnikV 's approval by #WHO &amp; European regulator – leading Australian epidemiologist https://t.co/nF9NR8hhgn",1,0,"Human

The tweet contains a mix of current"
"Different politics, same doubts: Why Blacks and conservatives in Alabama have low vaccination rates – https://t.co/i7lMUGsbUj
ChronLaw Politics News
https://t.co/K72h4Uk97E

#Politics #news #law #attorney #lawyer",0,-1,#alabama #vaccines #blackcommunity
"What The Politics?! Episode 42: Law of the Sea: fisheries, environmental policies, and tensions in sustainability – WNCT ChronLaw Politics News https://t.co/Lyow1bXSoq  #Politics #news #law #attorney #lawyer",1,1,"AI or Human: AI

The tweet appears"
Via JoshTPM: Insurrectionists as ‘Political Prisoners’ https://t.co/xzV70sUxKY | #politics #trump #elections,0,1,"AI

The tweet appears to be a shortened"
Governor Pritzker signs Reimagining Electric Vehicles in Illinois Act https://t.co/zKk4hqnA3j #Politics https://t.co/eQQT8822Zi #news 804,0,1,"AI or Human: AI

The tweet appears"
In #India almost every political party is taking up the brand of #Hindutva politics and is neglecting the #Muslims for the vote bank. Hope when will such appeasement politics stop. #ArvindKejriwal #Islamophobia #Politics #IndianPoliticians #India #Congress,0,1,"#BJP
AI

The tweet contains several"
I thoroughly enjoyed this conversation with Cory Clark (@ImHardcory) about the psychology of politics. We also discussed freedom and responsibility. #psychology #politics https://t.co/cMORJVCEfI,1,1,"AI

The tweet appears to be written in"
Some in Washington determined to never let a crisis go to waste: Reporter's Notebook https://t.co/vwghTfEYEL  - @politic_talks #Politics #Political,0,1,"News
AI or Human: Human

The tweet"
Side by side comparison of the news. Highlight overt bias or under-reporting. Share to support an informed democracy. #news #politics #media #msnbc #cnn #fox - More at: https://t.co/OCTLN0v95U https://t.co/0OixOm3dRE,1,1,"AI

The tweet contains a call to action"
"In your opinion, has the UK Government handled the coronavirus crisis well? #Coronavirus #Politics #Government #Twitter #Polls Please Retweet After Voting! 🔁",0,1,"AI

The tweet appears to be generated by"
Australia refuses yet again to commit to net zero emission in next 30 years https://t.co/VEWBMVGKtt #Politics https://t.co/eQQT8822Zi #Australia #refuses #to #commit #to #net #zero #emission #in #next #30 #years #  954,1,1,"characters
AI
The tweet appears to be generated"
"So tired of hearing about Trump. Trump is no longer Pres - tell #CNN and #NYT to move on, they seem obsessed. #TrumpFatigue is real. Is this because #PresidentBiden is boring? Boring is better than the ‘excitement’ of #January6th. #Politics #Senate #USPolitics #democrats",1,1,"AI

The tweet shows signs of repetitive ph"
How many times did @realDonaldTrump Lie About #COVID 19 &amp; How many hundreds of thousands have died in the USA #politics  https://t.co/pYHl9PQdZ2,0,1,"AI

The tweet appears to be generated by"
"Fed now facing twin inflation, growth risks as virus surges and supply chains falter via @Reuters   https://t.co/BqwVifQHXw  #US #economy #finance #COVID19 #DeltaVariant #vaccines #workers  #wages #politics #markets #inflation #supply #infrastructure",1,1,"AI

The tweet appears to be a summary"
#Politics Linsey Graham’s speech was blatant fearmongering! Giving Green cards to illegal Immigrants being in this country is a timely game changer! Illegal Immigrants bringing Covid-19 can not be worse as Texas or Florida is? Roll up your sleeves and work on details!,1,1,"#StayTuned
AI

The tweet contains"
CBS News Poll: Rising prices take toll on Americans' wallets — and Biden's numbers https://t.co/8jlklnFBXH via @CBSPolitics #USA🇺🇸 #America #1A #2A #Biden #Trump #Democrats #RedWave2022 #Republicans #Government #policy #gasprices #FuelPrices #inflation #economy #Politics #Poll,0,1,"ing
AI

The tweet appears to be a"
"Glenn Youngkin, Virginia GOP governor candidate, set to attend 'election integrity' rally - The Washington Post https://t.co/Ox0Nch0r7e #2020Elections #Elections #Politics #GeneralElection",1,1,"AI

The tweet appears to be a factual"
@skneipp1 @APHAPHN @UNCSON YES! How in the heck can we talk about #SDOH #health #Racing without discussing #politics ✅,1,1,"AI

The tweet appears to be a casual"
Via @RawStory: The real legacy of Colin Powell must not be forgotten https://t.co/ePuYG7e0OF | #politics #trump #corruption,0,1,"AI

The tweet appears to be a shortened"
"On Wednesday the Senate voted to advance a roughly $1 trillion infrastructure bill after weeks of negotiating, moving forward a critical part of President Joe Biden's agenda in Congress. The vote was 67-32. #Senate #Politics",1,1,"AI or Human: Human

The tweet appears"
#Corruption #Rorts @AlanTudgeMP @TheIPA's FUNDAGELICAL scott morrison MARGINAL #POLITICS by @DeanAlston https://t.co/3DAUaV82kn #auspol #AfternoonBriefing,0,1,"AI

The tweet contains a mix of informal"
UK Government announces sanctions against Alisher Usmanov and Igor Shuvalov https://t.co/iUbTihUK0H #Politics https://t.co/eQQT8822Zi #news 914,0,1,"likes 35 retweets
AI

The"
Former Puducherry Chief Minister V Narayanasamy has urged the union government to convene a Parliamentary Standing committee  to inquire into the Pegasus Spyware issue  #Politics #Pegasus,1,1,"Spyware
AI

The tweet appears to be"
Side by side comparison of the news. Comment on overt bias or under-reporting. Share to support an informed democracy. #news #politics #media #msnbc #cnn #fox - More at: https://t.co/OCTLN0v95U https://t.co/QsDV86uvqv,0,1,"AI

The tweet appears to be generated by"
"DC’s ‘Black Lives Matter’ plaza, right next to White House, declared permanent…-  #news #politics - https://t.co/P6DbnyF4vJ",1,1,"AI

The tweet appears to be a factual"
Side by side comparison of the news. Comment on overt bias or under-reporting. Share to support an informed democracy. #news #politics #media #msnbc #cnn #fox - More at: https://t.co/OCTLN0v95U https://t.co/UXwWuafVkN,0,1,"AI

The tweet appears to be generated by"
02-06-22 (Bossman Show) | Vincent Dixie Interview https://t.co/ARQuiYua73 via @Audioboom #BossmanShow #Tennessee #Politics #Gerrymandering #Redistricting #Jobs #Economics,0,1,"AI

The tweet appears to be a promotional"
"Are #Republicans killing their own? The #GOP encouraged doubt about the #Covidvaccine. So far, it seems, their voters are paying the price for their irresponsibility, says @HalliShowQuotes. #Politics #News https://t.co/EobF2A3IG2 https://t.co/nhlAuDuOt8",1,1,"AI

The tweet contains a mix of current"
"Oregon Governor Kate Brown signs new clean energy bills, sets goal for 100% clean energy by 2040 https://t.co/b25rDvDGCF #Politics https://t.co/eQQT8822Zi #Oregon #Governor #Kate #Brown #signs #clean #energy #bills #sets #goal #for #100% #clean #energy #by #2040 #  160",1,1,"0 characters
AI
The tweet appears to be"
"Why inflation should be a key election issue 👉 https://t.co/JGHiiOSmNk

#Inflation #Canada #Politics #Election #Economy #CanadianInflation #InflationCalculator",0,1,"#VoteSmart
        AI

The tweet includes"
"@ntvkenya @Hot_96Kenya @citizentvkenya @KinyanBoy @ste_kenya retweet for your cry to have an early election could be now.

#PandoraPapers #Kenya #Politics #UhuruKenyatta https://t.co/D8VpA9mVog",0,1,"Assistant: AI

The tweet appears to be"
"SHOWDOWN: Broward County School Board Refuses to Drop Mask Mandate, Voting to Keep It, Defying Gov. DeSantis #News #Politics   https://t.co/5w59UkJvdo",1,1,"AI

The tweet appears to be a news"
Libya’s planned elections are a ticking time bomb - TRT World https://t.co/egwZPuZ7Tv #2020Elections #Elections #Politics #GeneralElection,0,1,"AI

The tweet appears to be a news"
The Didi crackdown once again demonstrates the way business and politics are tightly intertwined under the totalitarian regime of General Secretary Xi Jinping. https://t.co/2JMb71mx7Q #business #politics #riskmanagement #riskanalysis #riskassessment #risktakers #risk https://t.co/Z4Fd9Jcy75,1,1,"AI

The tweet contains complex political commentary and"
Would someone like to inform the establishment GOP?-  #news #politics - https://t.co/QGSJYX9WVl,0,1,"AI

The tweet appears to be a fragment"
I need Boris Johnson to remain in power until the end of August | Stewart Lee https://t.co/G4vFbR3eRZ #BorisJohnson #Immigrationandasylum #Politics #Refugees https://t.co/Ww6K0lAgFS,0,1,"AI

The tweet appears to be expressing a"
Via @RawStory: 'Under siege': Women in Congress face new wave of 'graphic' death and rape threats https://t.co/IRkO8Nzv1v | #politics #trump #corruption,0,1,"AI

The tweet appears to be a news"
JUST IN: Tunisia shuts down airport and borders after president sacked prime minister and suspended parliament #News #Economy #Politics,1,1,"AI

The tweet appears to be a news"
Floyd County Commission plans to consider major overhaul of elections department Tuesday - Rome News-Tribune https://t.co/yWAaAnvmPc #2020Elections #Elections #Politics #GeneralElection,1,1,"AI

The tweet appears to be a news"
"Stefan Mychajliw finally submitted his campaign finance disclosure filing, 11 days late and with problems, as there often are with his campaign finances #Buffalo #WNY #Politics https://t.co/fuJJTSMggT",1,1,"AI

The tweet appears to be a factual"
"If you miss it on FB live, you can catch it on @resident_legal_diva IGTV or on my YouTube channel (Melba Pearson) later this week. 

#melbaformiami #melbaforjustice #miami #florida #corruption #artacevedo #policereform #cjreform #politics",0,-1,#legal #lawyer #residentsvoice #
"Germany imposes stricter entry rules for arrivals from Spain, Netherlands and Georgia https://t.co/PGQni5eTTh #Politics https://t.co/eQQT8822Zi #Germany #imposes #stricter #entry #rules #for #arrivals #from #Spain #Nerlands #and #Georgia #  118",0,1,"0 characters
AI
The tweet appears to be"
"From elections to vaccines, big legal issues looming - Key West Florida Weekly https://t.co/nw5jvMxk65 #2020Elections #Elections #Politics #GeneralElection",0,1,"AI

The tweet appears to be a generic"
Democrats unveil outline for $3.5T federal budget resolution package https://t.co/qHbKcRQkc4 - @politic_talks #politics #politic,1,1,"stoday
AI

The tweet appears to be"
Be Aware!! ⛔️ There are more toxic people in education than you realize. Unfortunately most of them have a Twitter account and parade around like social justice warriors. Yet they vote for identity politics. Think about it?? #Politics #dems #trump,0,1,"AI

The tweet exhibits a style and content"
Side by side comparison of the news. Comment on overt bias or under-reporting. Share to support an informed democracy. #news #politics #media #msnbc #cnn #fox - More at: https://t.co/OCTLN0v95U https://t.co/nZG2t1bQnw,0,1,"AI

The tweet appears to be generated by"
Canada Has Become a Standing Joke https://t.co/UsOucdGCuE #Canada #Fascists #Politics #TheLeft,0,1,"AI or Human: Human

The tweet appears"
When did we abandon the art of political compromise? These days it is either you're 100% with me or you're 100% against me. How can we bring back compromise/decorum/respect to improve discourse? #politics #policy,1,1,"AI

The tweet expresses a thoughtful and nuanced"
"Abdul Wali Wakeel, a member of the provincial council, reported to Pajhwok Afghan News that at least  15 Afghanistan policemen died in American forces’ airstrike on the Afghan police check-posts . . #Politics, #News, #World, #Afghanistan",1,1,"AI

The tweet contains factual information and follows"
"When dust settles (if it does) West will have to think how to engage #Russia rather than isolate it. Otherwise the Damocles’ sword of nuclear apocalypse will keep hovering over humanity
#Politics #StopWar #Putin #Ukraine️ #UkraineCrisis #UkraineKrieg #Nukes #economy #Apocalypse https://t.co/84eSlBHiHy",0,1,"AI

The tweet contains complex geopolitical analysis"
"Oregon Governor Kate Brown signs clean energy bills, vows 100% clean energy by 2040 https://t.co/b25rDvDGCF #Politics https://t.co/eQQT8822Zi #Oregon #Governor #Kate #Brown #signs #clean #energy #bills #sets #goal #for #100% #clean #energy #by #2040 #  791",1,1,"AI
The tweet appears to be a news"
14-year-old girl shot by police remembered at LA funeral https://t.co/pdDaCrknSr #Politics,0,1,"#Tragedy
AI

The tweet appears"
Via @RawStory: WATCH: Marjorie Taylor Greene had a days-long meltdown over 'insurrectionist' lawsuit – here are 5 key moments https://t.co/af0sfG1SUK | #politics #trump #corruption,0,1,"AI

The tweet appears to be a summary"
Via @RawStory: WATCH: White woman accuses Black neighbor of 'dealing drugs' — all while she delivers hair care products to a customer https://t.co/aKOH23r3Rv | #politics #trump #corruption,1,1,"AI

The tweet appears to be a summary"
Via @RawStory: Fox News blasted for claiming ‘no word on possible motive’ of DC MAGA bomb suspect who demanded Biden resign https://t.co/j285hESS8u | #politics #trump #corruption,0,1,"AI

The tweet appears to be a summary"
"Curtis Sliwa says time to 'get rid of Cuomo' after AG report on sex... (New York Post)

Republican mayoral candidate Curtis Sliwa called on Gov. Andrew Cuomo to resign Tuesday, aft...

Add your highlights:
https://t.co/DYa8tA2aZm
 #NY #politics #nycp...",0,1,"AI
The tweet appears to be a summary"
Federal eviction moratorium ends July 31 https://t.co/ZaWEIktqx4 #politics,1,1,"AI

The tweet appears to be a factual"
"Tunisian President Kais Saied suspends parliament, deposes PM https://t.co/tTTQ5wpjhT #Politics https://t.co/eQQT8822Zi #Tunisian #President #Kais #Saied #suspends #parliament #dismisses #PM #  237",1,1,"Retweets  420 Likes
AI"
"Today is the 1st day of mandatory #COVID19 vaccines for public service workers. but what about the 300,000 Biden has killed since in office.. #biden #covid #politics #vote @Hunnyrabbit681 @morethanmySLE",0,1,"AI

The tweet contains a mix of factual"
Via @RawStory: Liz Cheney insists 1/6 committee could subpoena Kevin McCarthy -- and even Trump -- to testify: 'This is not a game' https://t.co/obPfnqg2qR | #politics #trump #corruption,1,1,"AI or Human: Human

The tweet appears"
"From QAnon to Anti vax to Far right extremism. The British societal values we support face a growing threat These movements feed on fake news, disinformation and a manufactured them vs us dynamic 👥🤝  #antivax #fakenews #antivaxxers #QAnonCult #conspiracytheory #politics https://t.co/OJ3rj3IQsd",1,1,"AI

The tweet contains several characteristics that are"
"EU sanctions to limit Moscow's access to financial markets (POLITICO)

Press play to listen to this article

Add your highlights:
https://t.co/Ulvrbuq2wh
 #europe #politics #...",0,1,"AI
        Decision:
        AI

The"
"#Biden approval falls to new low of 38% with consumer prices skyrocketing, his agenda yielding mixed results and stalling in congress, while #KamalaHarris is at a historically abysmal 28% approval rating.

#Democrats #Republicans #Politics

https://t.co/ol4OVYamkc",0,1,"AI

The tweet contains a mix of"
"Today in The Guardian – NASS snubs APC governors, passes electoral bill with direct primaries. Get a copy. ⁣

#NASS #ElectoralBill #Senate #INEC #FrontPage #Headline #Business #Politics #Sports #Entertainment #GuardianBusiness #News #Nigeria #NigerianNews #Africa #TheGuardianNg https://t.co/kcrWoTdaiP",0,1,"AI

The tweet contains a mix of"
"New Zealand hosts virtual APEC leaders' summit, focusing on pandemic recovery via @Reuters 

https://t.co/8GeA1xZTEG 

#NewZealand #NZ #APEC #COVID19 #DeltaVariant #vaccines #economy #economics #workers #wages #families #Politics #politicalparties #RegionalSecurity #recovery",0,1,"AI

The tweet includes a link and uses"
Guilty verdict in first trial under Hong Kong security law\n#AsiaPacific \n#HongKong\n#HKProtests\n#Beijing\n#SecurityLaw\n#China\n#Extradition\n#CarrieLam\n#XiJinping\n#Police\n#Freedoms\n#CivilRights\n#Politics\n#Britain\n#Democracy\nhttps://t.co/u2U8s69hg8,1,1,"AI

The tweet contains a mix of factual"
Coffee prices edging toward 7-year high after Brazilian frosts  #politics #EnvironmentalJustice #economy  https://t.co/bbTpdHRLBg,1,1,"AI

The tweet contains a factual statement about"
"Sorry, Simone Biles, The Olympics Isn’t About You, It’s About Bringing Home Wins For America https://t.co/kAicn40oUT #politics #opinion https://t.co/i0cBVLHG9q",1,1,"AI

The tweet contains a political and opinion"
House leaders call for Fortenberry to resign after conviction Democratic and Republican party leaders in the House on Friday said that Rep. Jeff Fortenberry (R-Neb.) https://t.co/o5W5eYPVSQ #politics,0,1,"AI or Human: Human

The tweet appears"
"#Politics #CanadaElection
...forget the ""hot button"" issues for a moment. talk about integrity.

If a Prime Minister can't be trusted to even follow his own rules... there's no conversion to be had. His words is as good as dirt.

@JustinTrudeau, integrity STILL matters. 

😷✌️ https://t.co/usI3GzCDvM",0,1,"AI

The tweet contains a mix of"
Drug tests for MPs? @BorisJohnson #Politics #SubstanceMisuse https://t.co/Dx3iKfol1V,1,1,"AI or Human: Human. 

The tweet"
Trump vs Biden…..what a joke. The “most popular” President town hall is more empty than school board meetings. #townhall #trump #biden #politics https://t.co/TbYdOQjGtL,1,1,"AI

The tweet contains a casual, opinion"
Mary Simon is making history today #indigenous #governorgeneral #Canada #politics @Prepare4Canada #justintrudeau #immigration  https://t.co/mLFJDXxe4e,1,1,"AI

The tweet appears to be a factual"
"Finance Minister Datuk Seri Tengku Zafrul Abdul Aziz today said that the government would continue to provide support to the public and businesses by reducing spending and borrowing.

#TheAsianAffairs #Malaysia #Politics #Government #Aziz https://t.co/EEcpLZpwMy",0,1,"AI

        Explanation:
        The tweet"
"""To maintain public services &amp; benefits while stabilizing debt in that environment, governments would have to raise revenues by nearly 8% of gross domestic product""

(2/2)
#debt #Politics #macro",0,1,"economics

Assistant: AI

The tweet contains"
Ensuring voting rights while bolstering election security is possible - Lewiston Morning Tribune https://t.co/zJseQRmncj #2020Elections #Elections #Politics #GeneralElection,1,1,"AI

The tweet appears to be a neutral"
"Germany to invest 4 bln euros in biodiversity, climate protection https://t.co/OF59dN7KJv #Politics https://t.co/eQQT8822Zi #news 238",0,1,"likes 10 retweets
AI

The"
"Japan Threatens South Korea to Seize Dokdo Island
https://t.co/RSt2hkRigD

#japan #korea #dokdo #politics #news #mahanology https://t.co/FGaGjg2OoF",0,1,"Assistant: AI

The tweet contains a factual"
"Meddling in the #domestic #Politics of a sister #EuropeanUnion #state, the #Leaders of #Germany, #Portugal, and #Spain urged #France on Thursday to #support centrist #President #EmmanuelMacron over far-right leader #MarineLePen in #Elections this weekend. https://t.co/qLNxqfZ9qL",0,1,"AI

The tweet contains several elements that are"
Bob Woodward's story on Kavanaugh's veracity was 'pulled' during Senate hearings https://t.co/TzIfBjXIVr #SCOTUS #TermLimitsforFederalJudges #Law #Politics,1,1,"AI

The tweet appears to be a summary"
"@mindbodymiko I’m sorry you and others are being trolled by government sympathisers. Your advocacy for #publichealth over #politics is valued. I’m sorry the government messed it up for you and the people of #NSW. I want you and others, incl my family in SW #Sydney to be safe. Take care.",1,1,"AI
The tweet appears to be written in"
Discovery tomorrow where @cityofhamilton #police flat out lied to court to get search warrant. Charges got tossed. Time to get our tort and charter damages #law #PoliceBrutality #hamilton #Ontario #politics #Canada #court,0,1,"AI

The tweet contains several hashtags and topics"
Wisconsin Is Ground Zero for the MAGA Effort to Steal the Next Election https://t.co/0RbuxcmQGP #Politics #PoliticsFeatures,0,1,"AI or Human: AI

The tweet appears"
"CORONAVIRUS: France reports 65,713 new daily cases, the most since the pandemic began #News #Economy #Politics",0,1,"AI

The tweet appears to be a factual"
Side by side comparison of the news. Point out overt bias or under-reporting. Share to support an informed democracy. #news #politics #media #msnbc #cnn #fox - More at: https://t.co/OCTLN0v95U https://t.co/3K8po51hN7,1,1,"AI

The tweet contains a call to action"
MSNBC’s Chuck Todd Is Already Hoping For A Cuomo Comeback https://t.co/R4gPdoRKcb #politics #opinion https://t.co/qz0H4LtgLi,0,1,"AI or Human: Human

The tweet appears"
"Fmr. Press Secy. Huckabee Sanders vows not to impose mask, vaccine mandates as Ark. Gov. if elected in 2022 | One America News Network #uspoliticalnews #politics #usnews #news https://t.co/pt32F3t9WJ",1,1,"AI

The tweet contains a factual error and"
Germany suspends economic aid to Afghanistan https://t.co/seTKbKoZq3 #Politics https://t.co/eQQT8822Zi #Germany #suspends #economic #aid #to #Afghanistan #  23,0,1,"/05/2023
AI"
Via @RawStory: Mark Zuckerberg tried to smear Facebook whistleblower as Democratic activist: report https://t.co/UdtdHmGUcC | #politics #trump #corruption,0,1,"AI

The tweet appears to be a summary"
@JoeBiden for re-election anyone?? #Biden #president #democrat #politics #olympic #Olympics  #AEWDynamite  https://t.co/urXo9OMf7O https://t.co/gYX5EnoyJl,0,1,"AI

The tweet contains a mix of relevant"
"https://t.co/jXeRaLIvtg 
""People would die crossing that wall they'd stay on there side"" Dude they'd tunnel under or use Boats and narcosubs to  bypass the boarders get around the coastguard and use the beaches. 

#maga #trump #makeamericagrreatahain #politics #Political",0,1,"Discussion""
        AI

The tweet contains a mix"
"#politics #government China hawk Gallagher connects GOP's establishment, Trump wings: Rep. Mike Gallagher never intended to be in Washington for the long haul. Since being elected in 2016, the Wisconsin Republican has advocated for https://t.co/WuHrbQhUEB https://t.co/TtpgiKgKey",1,1,"AI

The tweet contains political terminology and references"
Now I want to know who is going to oversee and account for every DOLLAR the 1.2 Trillion dollar package provides. #infrastructure #Congress #buildbackbetter #politics #Democratsdeliver,0,1,"AI

The tweet appears to be written in"
Austria to send more soldiers to eastern border to halt migration flux https://t.co/daFovWj3ca #Politics https://t.co/eQQT8822Zi #Austria #to #send #more #soldiers #to #eastern #border #to #halt #migration #flux #  836,1,1,"likes  154 retweets
AI"
Tonight on #TrendsKe more sobber politicking from youths. Have your voice.  The weeks trends as well @kk_cedrick #TheAlternativeVoiceUpdates #TrendsLive #Politics  Bottom up Made in Kenya https://t.co/hqYvbCfHhN,1,1,"AI

The tweet contains several elements that are"
#Inflation fears and #Politics shape opinions about Biden #economy. https://t.co/PjymBfiUHE,1,1,"AI

The tweet appears to be a concise"
White supremacy =the OBSESSIVE NEED to secure impose and maintain a constant SPACE for white #imagery in #fashion #music #tv #print #film #sports #politics #government #sex #religion #animalkingdom #nature,1,-1,#art #architecture #science #technology #internet
Germany suspends economic aid to Afghanistan https://t.co/seTKbKoZq3 #Politics https://t.co/eQQT8822Zi #Germany #suspends #economic #aid #to #Afghanistan #  10,0,1,"/10/2023
AI"
"Republican Lawmakers Move To Scuttle Mr. Biden’s Outlandish Spending Plans #Republican #lawmakers #Biden #spending #inflation #politics #economy #Trump “Mr. Biden’s White House has shifted the way it talks about inflation, as polls show increasing voter c… https://t.co/4rMX8IcF1L",1,1,"AI

The tweet contains a mix of factual"
"No justice = No tension 
Justice system = Bitches of riches
Justice = In deep pockets #politics 
#جج_کومہ_سے_جاگ_گیا
#JusticeForNazimJokhio
@TeamPakAlpha__ 
@PTIofficial 
#Election2023 https://t.co/UwlMCOWXhJ",0,1,"Assistant: AI

The tweet contains a mix"
Secretary Pete outlining what's in the bipartisan infrastructure proposal.  (Video only runs about a minute!) #politics #congress #whitehouse  #potus #infrastructure #bipartisan https://t.co/02FuF3jImz,1,1,"AI

The tweet contains a mix of formal"
"Nontheless, #Bezmenov, whom Awake referred to earlier in the Mass, was the first figure to remind Us that #communism had easily infiltrated the American mainstream, and primarily through #politics and #media.",1,1,"AI

The tweet contains grammatical errors (""Non"
House refuses to extend eviction moratorium ahead of 6-week recess https://t.co/yErc3RLCP7 #Politics,1,1,"AI

The tweet appears to be a factual"
"Congress demands ‘white paper’ from #BJP , #AAP  on steps taken to tackle #pollution  in Delhi

#TheWatchdogNews #Politics #ClimateAction #PollutionInDelhi #India 
https://t.co/Tk2AnvCdXA",0,1,"AI

The tweet contains relevant hashtags and a"
“Opioid deaths are not a drug problem. They are the result of American economic inequality and societal stress.” from ’Pain Med Regulations Are an American Horror Story” https://t.co/yrDG7bbcYo #politics #society #health #Medium,1,1,"AI

The tweet appears to be written in"
Faultlines re-open as Tunisian president's backers and critics clash outside parliament via @Reuters   https://t.co/lwAy9OsTf7   #Tunisia #crisis #politics #PoliticalParties #coups #opposition #protests #economy #COVID19 #RegionalSecurity #AU #UN,1,1,"AI

The tweet contains multiple hashtags, which"
Austin Officials Certify Local Marijuana Decriminalization Initiative For May Ballot #Featured #Politics https://t.co/jlZ01btr3Q https://t.co/VeywVAIkZJ,0,1,"AI or Human: Human

The tweet appears"
"Any chance CP bit the dust, or just gone? #politics  https://t.co/eAOH1F4dyt",1,1,"AI

The tweet appears to be a short"
Here we go…. Familiar saga from the labor party. Ps - this is the reason no one can trust you. #labor #politics #fail https://t.co/TimesioG2v,1,1,"AI

The tweet follows a structured format typical"
Mark Zuckerberg's election-funding donations fuel GOP suspicion and new election rules - MarketWatch https://t.co/RmzVq5xJfT #2020Elections #Elections #Politics #GeneralElection,0,1,"AI

The tweet appears to be a summary"
".@USAID &amp; the #Parliament “Equal Opportunities” Caucus supported the Ukrainian Women’s Congress as a discussion platform on women’s participation in #politics. Currently, around 40 #gender caucuses work at councils of different levels. #Ukraine30 https://t.co/SC60TzajO0",0,1,"AI

The tweet contains formal language and references"
"It's not that they lie... It's that they lie so badly and don't even care that their lie is not credible.  This is a reflexion of how little esteem they hold for general public.

#Politics https://t.co/rLgbgJnyV5",0,1,"Assistant: AI

The tweet shows a level"
"July 29, 1961 - Former President Harry S. Truman, who won his own Berlin showdown in 1948-9, said today the Soviet Union is bluffing in the present crisis. He said Russia is too afraid of Communist China to risk a war.  #americanhistory #politics #communism #communist https://t.co/L57iTnMMAG",1,1,"AI

The tweet contains historical and political information"
Chilean ministers meet with Sinovac executives over potential vaccine production site https://t.co/GHQ9MbboDA #Politics https://t.co/eQQT8822Zi #Chilean #ministers #meet #with #Sinovac #executives #over #potential #vaccine #production #site #  870,0,-1,1456032023
"Navy launches new ‘Hybrid Warfare’ center to target information, energy, population sentiment…-  #news #politics - https://t.co/datDCQHNlB",1,1,"AI

The tweet appears to be a news"
Afghan army cheif sacked from designation.  https://t.co/Ac61tXui76 #Afganistan #Armycheif #Politics  #PakSupportingAfghanPeace,1,1,"AI

The tweet contains a factual statement about"
"Massive Payouts to Bankrupt Oil and Gas Firm Execs Are 'Fueling Failure': Report

https://t.co/uHdUlJ01kE 

#leftwing #rightwing #trump #politics #conservative #republican #maga #liberal #leftist #feminism #antifa #political #donaldtrump #democrats https://t.co/zpBJWPOTuX",0,1,"AI
The tweet contains a mix of"
Panel hearing testimony from four #Police officers about the fateful day at #capitol #politics  https://t.co/X8o1uvIl8q,1,1,"AI

The tweet appears to be a factual"
"This is massive.
A real opportunity to restore #democracy &amp; bring #truth,  #accountability + #transparency to #politics.
Talk to a @TheGreenParty candidate and tell me I'm wrong.
We're all #decent.

#Honesty needs a comeback. 
#AllOutGreen voting ensures it gets one. https://t.co/ARHpPtIyp9",0,1,"Assistant: AI

The tweet contains a mix"
Canada to donate 10m vaccine doses to developing nations https://t.co/1WOQl88F26 #Politics https://t.co/eQQT8822Zi #Canada #to #donate #10m #vaccine #doses #to #developing #nations #  540,0,1,"characters
AI
The tweet appears to be a"
"More clarification on Richardo D'Souza contesting elections : He will contest Elections for Calangute Constituency on BJP ticket If BJP gives ticket to Michael, He will contest as independent but will support BJP if he wins #calangute #goencherajkaran #politics #Goa #elections https://t.co/vURTYPgh43",1,1,"AI

The tweet contains political information and uses"
@YvetteCooperMP  just checking while you virtual signal again if like you said you have managed to find any room for a refugee you were happy to welcome ? Let me know when you can ? @Conservatives @GBNEWS @GBNfans @SkyNewsAust @10DowningStreet @AngelaRayner @AndyBurnhamGM #politics,1,1,"#refugees
AI

The tweet appears"
"wrote 'Even as a hip-hop head, celebrating a day isn't the main priority right now ~ Senate passes bill acknowledging hip-hop on Aug. 11 and November' https://t.co/8YVl1Oz8mT  #hiphop #hiphopculture #politics #politicalnews  (Photo credit: jorgejimenez/Pixabay) https://t.co/i5e15HhW8M",1,1,"AI

The tweet contains a mix of personal"
Bolsonaro's 'land grab' bill passes Brazil's lower house https://t.co/HNSkmFu34u #Politics https://t.co/eQQT8822Zi #Bolsonaro's #'land #grab' #bill #passes #Brazil's #lower #house #  962,0,1,"/1000
AI

The tweet"
"China Dumps Sewage to Capture the South China Sea
https://t.co/GRBvb1RAYR

#china #philippines #politics #news #mahanology https://t.co/IxuYaR7IZZ",0,1,"Assistant: AI

The tweet contains a sensational"
Panel created to review Chinese measures on imports of Canadian canola seeds https://t.co/wvPV7xACny #Politics https://t.co/eQQT8822Zi #Panel #established #to #review #Chinese #measures #on #imports #of #Canadian #canola #seeds #  554,1,1,"characters
AI
The tweet appears to be machine"
Mike Lindell Has Higher Net Favorability Than AOC in New Polling #News #Politics   https://t.co/XsdZL2ZVqX,1,1,"AI or Human: AI

The tweet appears"
"How goes the saying: Not learning from past mistakes only allows the repetition of those mistakes. 
Allowing a sociopathic compulsive liar to regulate #American #politics is what #Germany chose to do in the 1940's.
Welcome To #Nazi Germany 3.0. https://t.co/NNQv1tSS4i",0,1,"AI

The tweet contains a mix of"
"Fatal Shooting of Unarmed Moroccan Man in Texas Sparks Uproar 

https://t.co/tlwza1ekqu 

#leftwing #world #trump #politics #news #maga #liberal #leftist #feminism #antifa #political #donaldtrump #democrats https://t.co/pCLG0Uz6F1",0,1,"AI
The tweet contains a mix of"
#RepublicanAlternative official reflects on why transition to bipartisan #Azerbaijan not yet in reach. Of 62 Azerbaijani opposition parties none have made big breakthru. Could that change? #Baku #Aliyev #Politics https://t.co/f1NXUVGwCd https://t.co/mL0RLS1p70,0,1,"AI

The tweet contains political jargon and"
"According to pols this yr, Nat Guard should drive school buses, staff hospitals, and deliver goods. But lets not secure the border... #politics #IncoherentJoe #BorderCrisis  #BidenDisaster #BidensAmerica  https://t.co/LbS7vOE2WM https://t.co/l2HeR0Bo0A",0,1,"AI

The tweet contains several characteristics that suggest"
Side by side comparison of the news. Comment on overt bias or under-reporting. Share to support an informed democracy. #news #politics #media #msnbc #cnn #fox - More at: https://t.co/OCTLN0v95U https://t.co/0tkbL2r2de,1,1,"AI

The tweet appears to be generated by"
"This is where we have to talk about consent. Unless you've obtained CONSENT from people around you to place them in serious danger of contracting Covid FROM YOU because of your urge to play politics over everyone's safety, you are a criminal. #Covid_19 #Compassion #Politics",1,1,"AI

The tweet contains a mix of serious"
GOP reps probe Fauci over whether he misled Americans on gain-of-function research in China https://t.co/37m78DP2CJ  - @politic_talks #Politics #Political,1,1,"News
AI

The tweet appears to be a"
Incumbent APC’s Egunjobi secures Agege LG chairmanship seat #Politics #Apc #LagosLgPolls2021 https://t.co/75fbkFXvjl,1,1,"AI

The tweet contains political jargon and"
Sheikh Rasheed rubbishes allegation of Indian Home minister.  https://t.co/gTjD8FihG2 #Pakistan #Politics #PTI #Sheikhrasheed @ShkhRasheed,1,1,"AI

The tweet appears to be a news"
WATCH: Rahul Gandhi arrives at Parliament on a tractor to protest farm laws  #NationNext #RahulGandhi #FarmLaws #Parliament #Congress #RahulGandhitractor #News #Video #India #Politics https://t.co/Y5NRFQ4m13,1,1,"AI

The tweet contains a mix of hashtags"
"Soros hands $1 million to group attempting to defund police as violent crime skyrockets nationwide
#news #politics #journalism #georgesoros

https://t.co/ISpkMzsmRV",0,1,"Assistant: AI

The tweet contains a factual"
Hey @Rep_Clyde do you think this looks like a normal tourist visit? Fucken coward  #dumptrump #politics #usa #diaperdon #fuckdonaldtrump #fucktrump #trumpsucks #antitrump #impeachtrump #magamorons #Trumpispathetic #trump #fuckmaga #maga #repclyde #AndrewClyde    https://t.co/ioszXrHZ9D,1,1,"AI

The tweet contains a mix of political"
SAG-AFTRA Supports Segregation : Vaccinated and unvaccinated actors and crew members are separated #sagaftramembers #screenactorsguild #SAG @SAGawards @sagaftra @TuckerCarlson @DonaldJTrumpJr #Politics #news  https://t.co/KuOL4aRush,0,1,"AI

The tweet contains several unusual and potentially"
"The Communist Party of Nepal (Maoist Centre), Bagmati Province Committee has offered financial assistance to flood-affected three municipalities here in the district. https://t.co/T8F2eIDsMP #Khabarhub #Politics #MaoistCenter #Supportfloodvictims",1,1,"AI

The tweet contains formal language, mentions"
"The #Media &amp; #Politics are the problem to our #CivilSocieties &amp; #CivilLiberties a #mustread 
@GlobalDebout @AbbyMartin @ActivistPost @alwareness @eu_echo @civilrightsorg @FreedomNewsGB @WorldWideDemo 
https://t.co/bD2o7NTcay",0,1,"AI

The tweet includes multiple hashtags,"
Indiana GOP Lawmaker Plans Medical Marijuana Bill As Democrats Push Full Recreational Legalization #Featured #Politics https://t.co/z7LZTtOgre,0,1,"AI or Human: Human

The tweet appears"
France urges UK to lift 'discriminatory quarantine for French travellers https://t.co/bCGSliI5gD #Politics https://t.co/eQQT8822Zi #France #calls #on #UK #to #lift #'discriminatory #quarantine #for #French #travellers #  616,1,1,"characters
AI

The tweet appears to be a"
"Through democratic methods,a party with authoritarian features could win a democratic election.He who does his homework properly receives the highest grade.... Politics is as dirty as filt infact dirtier
#Politics #AllLivesMatter #NoJusticeNoTolling 
#DemocracyUnderThreat",0,1,"#Staywoke

---

AI
The tweet contains"
JUST IN: Reports that Pfizer's coronavirus vaccine is set to receive full approval from the FDA #News #Economy #Politics,0,1,"AI

The tweet appears to be a news"
Via @RawStory: Ron DeSantis's poll numbers sink after shrugging off record-shattering Florida COVID hospitalizations https://t.co/pmZ7Zmt32N | #politics #trump #corruption,0,1,"AI

The tweet appears to be a news"
Chilean ministers meet Sinovac executives to discuss potential vaccine production site https://t.co/GHQ9MbboDA #Politics https://t.co/eQQT8822Zi #Chilean #ministers #meet #with #Sinovac #executives #over #potential #vaccine #production #site #  449,1,1,"AI
The tweet appears to be a news"
Florida lawmaker wants forensic audit of presidential election results - WESH 2 Orlando https://t.co/3EgxxCPPR7 #2020Elections #Elections #Politics #GeneralElection,0,1,"AI

The tweet appears to be a news"
Commission asks European Court of Justice for penalties against Poland on activity of Disciplinary Chamber https://t.co/oOwZqsltRH #Politics https://t.co/eQQT8822Zi #news 322,0,1,"AI or Human. AI

The tweet appears"
"Spoke yesterday together with @PalihoviciLil at @osce_odihr #ODIHR30 Anniversary event about #genderequality in #politics and how numbers are key in transforming institutions and making States deliver for all women and men, in all their diversity. #womeninpolitics https://t.co/OYGdSV1Vpy https://t.co/pwc5WkDTnb",0,1,"AI

The tweet contains formal language, references"
"Mandatory vaccine policy approved for City of Hamilton employees
#Health #Politics #CityOfHamilton #Covid #Covid_19 #Covid_19Vaccine #HamiltonCovid_19 #HamiltonMunicipalEmployees #HamiltonVaccination #VaccinationPolicy
https://t.co/VFkbRszHNR",0,1,"AI

The tweet contains multiple hashtags and mentions"
I used to like sport untill it was reduced to a breeding ground for woke political BS #Olympics #woke #politics,1,1,"AI

The tweet contains a mix of casual"
Cuomo replacement Kathy Hochul has flip-flopped on driver's licenses for illegal immigrants https://t.co/InzyTQN5YL  - @politic_talks #Politics #Political,1,1,"News
AI

The tweet appears to be a"
"Minister Jaafari Explains Recognition of Donetsk &amp; Luhansk Independence:

https://t.co/87P0M61NZs

#Syria #News #Jaafari #Politics #Donestk #Luhansk #Lugansk #Russia #Ukraine #USA #UK #France #UN #UNSC #NATO #EU #RegimeChange #Sanctions #GeoPolitics",0,1,"AI

The tweet appears to be a news"
"Let the young people lead. I'm not discriminatory against age but these really old leaders won't live long enough to even see the world they are creating.

Abolish age requirements! 

#LetTheYouthLead #Politics",0,1,"#Ageism
        AI

The tweet expresses"
"#Democracy is on trial in #SavingAmerica 45 as #Biden is hit with an #oilandgas lawsuit for lost #KeystonePipeline profits, parts of the #COVID #stimulus bill are ruled illegal, and #Trump takes on #BigTech &amp; the #FirstAmendment. #Conservative #Politics #Podcast https://t.co/eovi7ERAnR",1,1,"AI

The tweet contains several elements that are"
Lukashenko: Ukraine buried the once-good relations with Belarus https://t.co/Gn1Z7w9yS2 #Politics https://t.co/eQQT8822Zi #Lukashenko #zamjenska #Ukraine #buried #good #relations #with #Belarus #  550,1,1,"0+ followers
AI

The tweet contains a"
That's the question Americans want Joe Biden to answer. #Bidenadministration #Democrats #DonaldTrump #economics #Inflation #JoeBiden #politics #USnews https://t.co/yz7XSdYhmL,0,1,"AI or Human: Human

The tweet appears"
Wisconsin governor blocks GOP bills that would restrict absentee ballots https://t.co/7N8Mt7y17d  - @politic_talks #Politics #Political,1,1,"News
AI

The tweet appears to be a"
"Poland sends troops to Belarus border to halt migrants (POLITICO)

WARSAW - Poland on Wednesday said it had sent more than 900 soldiers to its border with Bela...

Add your highlights:
https://t.co/62t1m2fz7G
 #europe #politics #...",0,-1,"The tweet appears to be a news snippet,"
"With elections 3 months away, is Jersey City’s city council looking to pick a fight with school board? - https://t.co/u7kijVaBzS https://t.co/Juu9gDKmgB #2020Elections #Elections #Politics #GeneralElection",0,1,"AI

The tweet appears to be a news"
"Trust in UK politics is at a low ebb, eroded by foolish behaviour. This matters to parliament, and it matters to our country

Our democracy has always been among the strongest and most settled in… https://t.co/Q6p7RuRrR8 #Politics #HouseofCommons FOLLOW TO SUPPORT @torysleazeUK https://t.co/bGhEO4b2ch",0,1,"AI

The tweet contains a mix of natural"
"“Political language aims to make lies sound like truth and to make murder seem respectable, lending an illusion of solidity to pure wind.”  -George Orwell #foodforthought #quotes #COVID #politics #thisisamerica https://t.co/OpTgt2C3Eu",1,1,"AI

The tweet is a quote attributed to"
Joe Biden's dishonest denial that cop-defunders are overwhelmingly... (New York Post)  President Joe Biden still refuses to admit that &amp;quot;Defund the Police&amp;quot; is a purely le...  Add your highlights: https://t.co/0M1bgHnHgQ  #LeftWing #Politics...,1,1,"(New York Post)
AI

The tweet appears"
Via @huffpostqueer: Dua Lipa Condemns DaBaby's Homophobic Comments: 'I'm Surprised And Horrified' https://t.co/47lQt5gxAw | #lgbtq #lgbt #politics,1,1,"AI

The tweet appears to be a summary"
Tucker Carlson Just Confronted By 'Leftist Troll' https://t.co/rpggMkswkO #Politics #Political,1,1,"Correctness
AI

The tweet appears to be"
"We didn't 100% believe #DrFauci then, we believe him even Less now. He's part of the Problem, NOT part of the Solution. He's a #puppet. #COVID19 #Covid_19 #Politics",0,1,"AI

The tweet contains language and sentiment that"
"British government just gave a briefing on what they are doing to halt the high - and rising - Covid case numbers and the answer is they are going to do nothing at all.

Lots of words were said but no concrete actions were actually mentioned.

#Politics https://t.co/JGl7hzX4ry",0,1,"AI

The tweet contains a straightforward statement"
The injustices of the #BritneySpears conservatorship expose the double-edged sword women endure in legal battles. Why #FreeBritney matters in #politics and life. @AnnieBurky @aronsolomon @FreeBritneyLive @FreeBritneyNyc @FreeBritney_net https://t.co/fyMJTnqU8v,1,1,"AI

The tweet contains a mix of current"
"On August 11, 2021, #China #CCP flew another #military aircraft to harass and #Taiwan airspace.  #CCP_is_terrorist #Politics #Terrorism #BoycottBeijing2022 #BoycottBeijingOlympics #NoBeijing2022 #Olympics https://t.co/oKCGtyX1Vj",1,1,"AI

The tweet contains several elements that are"
"'If a sovereign pays attention to lies, all his servants will be wicked.' - a proverb from King Solomon #politics #GOP #Democrats",1,1,"AI or Human. AI

The tweet includes"
No agreement yet on EEA and Norway Grants funding for Hungary https://t.co/kdxxzXcq9u #Politics https://t.co/eQQT8822Zi #No #agreement #reached #on #EEA #and #Norway #Grants #funding #for #Hungary #  697,1,1,"characters
AI
The tweet follows a pattern typical"
Huge global child abuse cartel taken down by German authorities…-  #news #politics - https://t.co/stTLuVbbdz,1,1,"AI

The tweet appears to be a news"
"Records suit targeting NC elections board over federal voter fraud probe can continue, judge rules - Greensboro News &amp; Record https://t.co/zL6tEQa78c #2020Elections #Elections #Politics #GeneralElection",1,1,"AI

The tweet appears to be a news"
"Us minorities must be cautious of politicians for they stoke our feelings of being oppressed so we turn out for them every 4 years. They do not care about us as individuals, for they disregard us when we disagree. Genuinely care for us, not just our partisanship. #politics #quotes",1,1,"AI

The tweet contains a complex analysis of"
"""Our #focus is on strengthening our #farmers but people who do not know the #pain and #struggle of our small farmers, have no right to do #politics in the support and name of farmers,"" added #PM #NarendraModi in #LokSabha.",0,1,"AI

The tweet appears to be a statement from"
"WHO calls for moratorium on COVID-19 vaccine booster doses via @Reuters 

https://t.co/XCxMTeDSEm 

#COVID19 #vaccines #DeltaVariant #covidvariants #healthcare #medicine #science #research #workers #economy #politics #WHO",0,1,"AI

The tweet includes a news reference"
Dear New York #Democrats  I find it intellectually dishonest for you to say that you can't #ImpeachCuomo because he will no longer be in office. That same argument was made regarding #DonaldTrump but that did not stop your party  Oh what a difference 6 months makes.  #Politics,1,1,"#Impeachment
AI

The tweet contains"
"Oppression and hate crimes make identity politics less acceptable. 

Blaming identity politics for oppression and hate crimes is misplaced anger, and borderline victim-blaming.

#politics",0,-1,#identitypolitics #hatecrimes
"Via @RawStory: Russia preparing for 'all out war' in Ukraine, says Lithuania https://t.co/OrTZ7rYCQf | #politics #trump #corruption",0,1,"AI

The tweet appears to be a news"
"Freedom of Information Act would be implemented to promote Transparency in Mauritius. Alliance Lepep vowed this before the 2014 General Elections. After 7 years, no FOI 😒  #TheLogicalMauritian #Mauritius #Moris #Politics #FreedomOfInformation https://t.co/XWdN82AEHZ",1,1,"AI

The tweet contains political commentary and uses"
"#politics #government McConnell blames 'bad advice' for lower vaccination rates in some parts of US: Senate Minority Leader Mitch McConnell (R-Ky.) blames “bad advice” for uneven vaccination rates, adding that there are not https://t.co/bKFXX6Hesc https://t.co/RHCfBzEVif",1,1,"AI

The tweet contains a reference to a"
"#Biden’s #BorderCrisis led to an #ILLEGALimmigrant masquerading as a kid and murdering his foster dad. #Drugs like #Fentanyl also cross the #border, killing thousands. #Video #SavingAmerica #Politics #Conservative #USA #America https://t.co/KRD1Nc6F0X",0,1,"AI

The tweet contains several sensational and controversial"
COVID-19: Pandemic pushes up numbers of 'the working homeless' | UK News | Sky News #ToryBritain #ToryCovidCatastrophe #politics #inequality #capitalism  https://t.co/DwuOmmuA7x,1,1,"AI

The tweet contains political and social commentary"
"#Yeddyurappa may resign from Chief Minister of #Karnataka, and Mine Minister Murugesh Rudrappa Nirani can be promoted.  #KarnatakaCrisis #Politics",1,1,"AI

The tweet appears to contain factual information"
"She said it. #DidiForPM 

#India #Politics #Didi #MamataBanerjee #AITC #khelahobe https://t.co/oSNI7alH0f",0,1,"AI

The tweet contains a hashtag (#"
"Tom Cotton vows to block Biden US attorney nominee Rachael Rollins, warning about her lengthy do-not-prosecute list https://t.co/ZjolvJRPJd  - @politic_talks #Politics #Political",1,1,"News
AI

The tweet appears to be a"
Via @RawStory: Biden takes aim at Trump https://t.co/nyhSSwqsRE | #politics #trump #corruption,1,1,"AI

The tweet appears to be a short"
@LordNortonLouth Excellent! Standing with you as you fight for these much-needed reforms 💪 #Politics #PoliticalWill #PoliticalReform,1,1,"AI

The tweet appears to be a supportive"
"Need to focus on sports rather than building up PARTY. Invest on players than Election rallies .

If it was done correctly. We could take our position in top 10 , not in 48 as per our population. 
#Politics 

#IndiaAtOlympics 
#India 
#IndiaAtTokyo2020
#IndiaToday 🇮🇳 https://t.co/tMELgXhYA5",0,1,"Assistant: AI

The tweet contains a mix"
Dominic Cummings has admitted the Leave campaign secured victory by lying – “Brexit was a mistake and history will prove that’.” #Politics #UK  https://t.co/GIfIEglTp1,1,1,"AI

The tweet contains a factual claim about"
Who was the US President who said this? 'When I came into power I found that the party managers had taken it all to themselves. I could not even name my own cabinet. They had sold out every place to pay the election expenses.' #Politics #POTUS #poll #power #election #Cabinet #fun #Trivia,1,1,"AI

The tweet appears to be a fabricated"
"Today in 1968, Shirley Chisolm became the first Black woman elected to Congress. Chisholm defeated James Farmer for New York's 14th Congressional District. Over the years, her victory is often cited as inspiration for women running for public office.#OTD #politics https://t.co/jENvfnNoIN",0,1,"AI

The tweet contains factual information about Shirley"
Commission opens infringement cases against 12 Member States for unfair trading practices https://t.co/bQUdiBAu8H #Politics https://t.co/eQQT8822Zi #Commission #opens #infringement #procedures #against #12 #Member #States #for #unfair #trading #practices #  590,1,1,"characters
AI
The tweet follows a structured format"
"""I always thought it was a little silly that the sugar industry has all this power in Washington. But ... I knew the chances of winning a fight with Big Sugar was basically zero.""

Via @ATabarrok @MargRev

https://t.co/6XNLAKgxvC #economy #politics #regulation",0,1,"AI

The tweet contains a nuanced opinion and"
"""Poore desh me khela hoga. It will be Modi vs Country in 2024"" #DidiForPM 

#India #Politics #MamataBanerjee #AITC #khelahobe #modiji #narendramodi @MamataOfficial @narendramodi https://t.co/jHllodWQu2",0,1,"Assistant: AI

The tweet contains a mix"
EU reaches deal on new legislation to combat illegal content online https://t.co/zzs3RUC9Lq #Politics https://t.co/eQQT8822Zi #news 261,0,1,"Retweets 450 Favorites
AI"
"Tlaib &amp; Raskin Demand Answers From DHS About Rampant Racism Among M... (Truthout)

Following a suggesting that Border Patrol agents at the northern border of the U.S. are like...

Add your highlights:
https://t.co/7UwCVjNuNP
 #LeftWing #Politics...",0,0,"Human
        Explanation:
        The tweet contains"
"The few, the proud, the brave: Poll says 25 percent of Americans not planning to get vaxxed…-  #news #politics - https://t.co/970OoeESkP",0,1,"AI

The tweet contains a mix of a"
Republicans question lifting Colombian rebel group FARC's terrorism designation https://t.co/lub2lkWDiK  - @politic_talks #Politics #Political,0,1,"News
AI

The tweet appears to be a"
Via @RawStory: 'Totally clueless': Nancy Pelosi mocks Kevin McCarthy for attacking congressional mask mandates https://t.co/AyRCINucus | #politics #trump #corruption,1,1,"AI

The tweet appears to be a summary"
Credit Biden for a Brilliant Speech Defending His Action in Afghanistan https://t.co/TzzzqyzV7L #politics #political #economy,0,1,"AI

The tweet appears to be a straightforward"
Exiled #CNRP leader @RainsySam calls on international communities to reject any #Elections contrary to the #ParisPeaceAgreement... #RFAKhmer #Politics,0,1,"AI

The tweet appears to be a news"
Telecom Vendors Used End of Prison Visits During COVID to Profit Off... (Truthout)  Recently released financial statements for Aventiv Technologies - the parent company of Secu...  Add your highlights: https://t.co/pduWmhv3Ak  #LeftWing #Politics...,1,-1,To determine if this tweet was written by a human
Biden announces nearly $5 billion in weather and climate disasters resilience https://t.co/sPSd7Pd9r8 #Politics https://t.co/eQQT8822Zi #Biden #announces #nearly #$5 #billion #in #wear #and #climate #disasters #resilience #  673,0,1,"AI
The tweet contains several unusual elements,"
"Mayor de Blasio falls deeper into debt with new home loans (New York Post)

Debt-ridden Mayor de Blasio has dug himself a deeper, $2.5 million hole by taking out anothe...

Add your highlights:
https://t.co/1fIFm2hDWC
 #NY #politics #nycp...",0,1,"AI
The tweet appears to be a summary"
"If it is true, can we PLEASE all expect an #honest and #truthful explanation. #politics just hampers #problem solving. #ScottyFromQAnon has taught us that. No room for #tribalism on this issue even at #election time @SwannyQLD @JEChalmers @MichaelWestBiz #auspol https://t.co/gD3bdDWdV1",0,1,"AI

The tweet contains several indicators of AI"
Via @RawStory: Florida sets a new hospitalization record again -- nearly half of all ICU beds occupied by COVID patients https://t.co/8pdXXbm4nz | #politics #trump #corruption,1,1,"AI

The tweet appears to be a news"
"Tunisia’s largest party reiterates the call for elections, warns against ‘autocratic regime’ - The Times of Israel https://t.co/CCRZGHXls4 #2020Elections #Elections #Politics #GeneralElection",1,1,"AI

The tweet appears to be a news"
"Russia thinks West will ""get over"" Ukraine war, calls response ""hysteria"" #news #politics

https://t.co/tdX90JLIGe",0,1,"Assistant: AI

The tweet contains a mix"
"Nearly 230 #Republican #lawmakers, including #MitchMcConnell and #KevinMcCarthy, want the #SupremeCourt to wade into #PartisanPolitics by  overturning #RoeVWade and 'release its vise grip on #abortion #politics' https://t.co/NpjwtFtb4L",1,1,"AI

The tweet contains a mix of factual"
Via @RawStory: 'Kraken' attorney Sidney Powell gets schooled for claiming ‘hundreds’ of Jan. 6 attackers are in jail https://t.co/0mi96C9AHF | #politics #trump #corruption,1,1,"AI

The tweet appears to be a summary"
"Biden weakness invited Russian aggression, Republicans say https://t.co/Bj9sPWHlGW  - @politic_talks #Politics #Political",0,1,"News
AI or Human: Human

The tweet"
John Kerry family jet already emitted an estimated 30 times more carbon in 2021 than the average vehicle does in a year https://t.co/woXlCp1h63  - @politic_talks #Politics #Political,1,1,"Discussion
AI

The tweet contains a factual claim"
Via @RawStory: Mark Meadows bows down to Trump after book blowup https://t.co/vN2EIjHF4B | #politics #trump #corruption,0,1,"AI

The tweet appears to be a shortened"
"Tunisian President removes Prime Minister, suspends parliament amid mounting unrest  #Tunisia #Parliament #Government #Politics #Protests #CivilUnrest #CivilRights #Protests  https://t.co/7RTRG8OZkK",1,1,"AI

The tweet contains a factual statement about"
"Why doesn't Trump follow suit, and open up some kind of new hedge fund? (because he's failing, is why...) Twitter sure is a more salutary place without the Grump launching his tirades in the wee small hours of the morning, in ALL-CAPS, to boot. #wednesdaythought #Politics #Writer https://t.co/2GTe2ieeJj",1,1,"AI

The tweet contains colloquial language"
"American politics in a nutshell.

Democrats like to dream and don't want to deal.

Republicans like to restrain and don't want to reform.

And that's the problem.

#America #Politics #Congress #Democrats #Republicans #BlueStates #RedStates #BuildBackBetter #SpendingBill #JoeBiden",0,1,"#MitchMcConnell
        AI

The tweet"
"Via @RawStory: Gov. Cuomo imposes vaccination mandate for New York state workers, hospital staffers https://t.co/et9D7eJ66Y | #politics #trump #corruption",1,1,"AI

The tweet appears to be a news"
"Boris Johnson announces new India investment deals as partygate debate continues Image source, PA MediaImage caption, Boris Johnson has arrived in Gujarat, India for https://t.co/PsIHowLAIN #politics",0,1,"#india #borisjohnson
AI"
Former Puducherry Chief Minister V Narayanasamy has called on the union government to set up a Parliamentary Standing committee  to inquire into the Pegasus Spyware issue  #Politics #Pegasus,1,1,"Spyware
AI

The tweet appears to be"
"Wall Street Journal Under Fire For Publishing Lie-Filled Letter From Trump 

HuffPostPol #Demforce  #Resist #resistance #politics https://t.co/PVKXGknC4n",0,1,"Assistant: AI

The tweet contains a mix"
Texas AG Paxton holding his ground on 2020 election audits https://t.co/ebhK3Dun2Y  - @politic_talks #politics #politic,1,1,"stoday
AI

The tweet appears to be"
It appears the average salary of a US Senator or Representative is around $175 a year.  Then why are they all millionaires?       #Corruption       #Politics        #Revolution https://t.co/l7mkCKUxZn,0,1,"AI

The tweet contains a factual error ("
"Senate President asks Brazil to issue environmental mea culpa 

#politics #environmentalism #ClimateChange #COP26 #brazil #BrazilianPolitics 
https://t.co/JlPu19iyh5 via @BrazilianReport",0,1,"AI

The tweet contains a mix of formal"
"Via @TPM: Holiday Livewire: Appeals Court Gives Trump Relief, Temporarily https://t.co/KoyD7AEeyJ | #trump #politics #election2020",0,1,"AI

The tweet appears to be a news"
#Politics #NewYork #Government #SexualHarassment ⁦@NYGovCuomo⁩ —> Governor Andrew Cuomo Is Officially Resigning https://t.co/6y1NZZQyAZ,1,1,"AI

The tweet appears to be a news"
"@UnholyRom3 Sure, Biden said he'd cure cancer, But what about the *next variant smh the world has reached peak COVID exhaustion 😑 #biden #covid #politics #vote @Gritty20202 @TheWiseCrow1",0,1,"AI

The tweet contains a mix of casual"
"Could Paul Gosar be the first House member in a decade to get formally censured following his violent anime video post?
https://t.co/8Qtw4HEMEp

#uspolitics #anime #news #politics #paulgosar",0,1,"AI

The tweet contains a factual statement and"
Commission approves €800 million Italian scheme to compensate airports affected by the crisis https://t.co/YeRoXzhgNx #Politics https://t.co/eQQT8822Zi #Commission #approves #€800 #million #Italian #scheme #to #compensate #airports #  324,1,1,"characters
AI
The tweet appears to be a"
Cannabis Hits The World Stage At The Tokyo Olympics via @forbes (Does it now... 😂😂😂 Some people get banned some people get bank... you figure out the rest) #Politics #Race #Gender #Identity #Power #Control #Change  https://t.co/RgdOaoA4gp,1,1,"AI

The tweet contains a mix of factual"
Trump Leveraged COVID Anxiety To Target Migrants. Families Are Still Being Brutalized by the Policy. https://t.co/xBwtCin7P1 #Politics https://t.co/nrVqXYviGd,1,1,"AI

The tweet appears to be written in"
"Ward Congress: Fracas At Enugu APC, Faction Emerges: https://t.co/Yx1unBW5lQ  #APC #EnuguAPC #WardCongress #Politics #NigeriaNews https://t.co/Yx1unBW5lQ",1,1,"AI or Human: AI

The tweet appears"
JUST IN: 4.5 billion coronavirus vaccine doses have now been administered worldwide #News #Economy #Politics,0,1,"AI

The tweet appears to be a generic"
Samoa's new prime minister aims to install cabinet on Tuesday via @Reuters   https://t.co/1oxRMG8Ggm   #Samoa #politics #PoliticalParties #coalitions #cabinet #courts #economy #RegionalSecurity #AsiaPacific,1,1,"AI or Human: AI

The tweet appears"
U.S. to maintain travel restrictions because of Delta variant https://t.co/lv5HqZHfxU #Politics https://t.co/eQQT8822Zi #U.S. #to #maintain #travel #restrictions #due #to #Delta #variant #  334,1,-1,"retweets  1,079 likes"
So sad. Please stop killing yourselves and our fellow citizens!! #Science not #politics #GetVaccinatedNow #GetVaccinated #CovidIsNotOver #COVID19 https://t.co/f1LhaOllOm,1,1,"AI

The tweet contains repetitive phrases (""#"
Via @RawStory: 'Beyond horrifying': Viewers horrified by new House footage showing Capitol riot carnage https://t.co/4MsMRDbSUU | #politics #trump #corruption,1,1,"AI

The tweet appears to be a summary"
Guess why brazilian billionaires don't live in Brazil? Because they are not fools. #Brazil #Politics #Investiments #MilitaryCoup #Communism,1,1,"AI

The tweet contains a mix of factual"
"Murderous garbage people who dwell in a psychotic fantasy world who threaten , wound and kill cops , who celebrate killing school children bcs they won't get vaccinated are not #America &amp; they don't get to name any part of it. #TrumpsAmerica #Trump #politics https://t.co/W4mHXk0gBA",1,1,"AI

The tweet contains complex political commentary,"
Read ‘The Washington Post’ and the Toxicity of False Equivalence by @TJWest3 https://t.co/AQRRCZDhKp #Politics #Government #Journalism #MediaCriticism #MainstreamMedia,1,1,"AI

The tweet appears to be a promotional"
Newsom greenlights bill granting taxpayer funded healthcare to elderly illegal immigrants https://t.co/9QXbjxhbCR  - @politic_talks #Politics #Political,1,1,"News
AI

The tweet appears to be a"
Vote #LarryElder for #commiefornia I mean #California   #politics #Republicans #religion #religión #politica #crisianos #Catholic #Christian #Catolicos   It's time to make a difference  Es tiempo de hacer una diferencia   https://t.co/PSWYGUFkjM,1,1,"AI

The tweet contains a mix of English"
"However, with all that said, there’s one area many people are overlooking. #politics. Or more broadly, Governance. We’re entering an age where the people will have as much or more knowledge than the politicians. (1/3)",0,1,"AI
The tweet appears to be written in a"
"Senator proposes a bill that would create a series of tax credits aimed at helping preserve local news media. Read more: https://t.co/Pp6fXaJFyw 

#media #news #community #politics https://t.co/CcW0e3aBOO",0,0,"Assistant: Human

The tweet is structured in"
WaPo mangles the evidence to portray Mississippi suicides as 21st century lynchings…-  #news #politics - https://t.co/p7NQEvYNs4,1,1,"AI

The tweet appears to be a political"
May we have more powerful women in Indian politics. #WomenPower #Politics #SoniaGandhi #MamataBanerjee Didi https://t.co/kIYS4fDjU0,1,1,"AI

The tweet appears to be a call"
"Controversial part 2., but why is the ATF being allowed to unilaterally rewrite and enforce firearm laws and interpretations?  Thought you guys were into democracy or constitutional republics? #Politics #atf #fightdavidchipman https://t.co/NcwQ6uIYRr",1,1,"AI

The tweet appears to be written in"
It Sure Seems Like Jim Jordan Just Admitted He Had Contact With Trump on January 6th https://t.co/HYLEX0QwJp #Politics #PoliticsNews,1,1,"AI

The tweet appears to be a headline"
"The U.S. Supreme Court blocks lower court order keeping the Trump-era ""Remain in Mexico"" policy in place. #legal #lawsuit #SCOTUS #politics #immigration 
https://t.co/qCSfWv65hU",0,1,"AI

The tweet contains a factual statement about"
"Afghanistan: UK's evacuation effort 'down to hours, not weeks', defence secretary says | World News #NewsUpdate #News #BreakingNews #Breaking #news #Business #Politics #Science #Technology #World #follow #Follow #followus #followme #retweet #Retweeet

https://t.co/sfuxfS9b01",0,1,"Assistant: AI

The tweet contains multiple hashtags"
Texas GOP candidate for Railroad Commission facing backlash for racy campaign ad: ‘It feels like slut-shaming’ https://t.co/wswBQELbZ9  - @politic_talks #Politics #Political,0,1,"Ad
AI

The tweet contains a mix of"
"#NewsAlert   Ninth #Afghan city captured by #Taliban , #Ghani in #MazareSharif ....  #pakustv #NYC #politics #AfghanPeaceProcess #Badakhshan #AshrafGhani #Warzone #Afghanistan  https://t.co/jYYDqXFwEz",1,1,"AI

The tweet contains several elements that are"
THIS is why every time: 'forced eviction of dozens of Palestinian families by Jewish settlers in a nearby neighborhood' #racism #politics #israel Human Rights Watch: Israeli war crimes apparent in Gaza war https://t.co/3Wmlw9mYUQ via @YahooNews,1,1,"Wire
AI

The tweet contains multiple elements that"
"ICYMI: “Fmr. Google Employee Reveals Company Changed News Algorithm To Target President Trump” #trump #donaldtrump #donaldjtrump #republican #conservative #trump2024 #MAGA #KAG #usa #politics 

Wow! 

Read the full article from @OANN here:
https://t.co/0r6wNBWLkt",0,-1,#breakingnews #news #fakenews
"An estimated 1,000 U.S. veterans can't return because of immigration status https://t.co/dY7Weefk72 #politics #feedly",0,1,"AI or Human: Human

The tweet appears"
"Third Parties! Do the latest moves point to a viable third-party alternative in the 2022 U.S. midterm elections? The macrovo community has spoken, see the results here:  https://t.co/8W9ztWv4M6  #macrovo #vote #results #elections #politics #thirdpar... https://t.co/qmkn1jZCH1",1,1,"AI

The tweet contains a mix of natural"
"How will younger generations come into #Politics? ALL types of Police, LAW and etc.. are acting only for parties? this is the #Democracy I request to all #MEDIA people in INDIA please take a debate on these topics @abntelugutv @etvteluguindia what do saY @sonusood ji",1,1,"AI

The tweet contains several grammatical errors"
@murpharoo @yabbietol And why can't he answer a straight question? Is this one of those... 'I don't hold a hose' scenarios?  #auspol #australia #covid #scomo #humanrights #politics #climatechange #auspolitics #australianpolitics #scottyfrommarketing #ausunions #democracy #itstime #protest #freedomofpress,1,1,"AI

The tweet contains a mix of hashtags"
[#Politics] Public outrage grew as they hurried the anti-terror bill through amid a health crisis.  READ: https://t.co/U3q57tUe5u  [#YSPACE] is a platform open for young writers to contribute their worth-sharing thoughts and stories to the world.   #NowYouKnow #NYK https://t.co/1AWLC7fEkJ,1,1,"AI

The tweet contains a mix of content"
"#MiftahIsmail has tendered his #resignation to the top leadership of the party due to the presence of “a gang of goons” who were making #politics difficult for the former finance minister.

#PMLN #TheCurrent 
 https://t.co/d8KBnozqIG",0,1,"AI

This tweet appears to be written"
"Disability employment gap ‘made worse’ by pandemic, Labour warns in parliament Leaning: 10% Liberal - View rating: https://t.co/OpyCmrZxZ4 #ArticleBiasRatings #Politics https://t.co/hFy30Qefcj",1,1,"AI or Human. AI

The tweet contains"
Via @RawStory: US Marshals preparing to arrest a fugitive faced last-minute hurdles because of Missouri GOP's 'stupid' new law https://t.co/L8ksJrKGj0 | #politics #trump #corruption,0,1,"AI

The tweet appears to be a summary"
I’d be quite happy to see Angela Rayner less on my TV. Always Rayning on everyone’s parade. What happened to Jess Phillips? #BBCNews #Labour #Politics,1,1,"AI

The tweet contains a mix of political"
"McCarthy, Republicans lay blame on Pelosi over Jan. 6 Capitol security failure https://t.co/C0KQuphGY9  - @politic_talks #Politics #Political",1,1,"News
AI

The tweet appears to be a"
"#Politics Today News: The #GOP governor of Arkansas, where vaccinations are lagging and COVID-19 is surging, said it's 'disappointing' vaccines are 'political' #News': https://t.co/iQ2lYPw0El",1,1,"AI

The tweet appears to be a news"
"Who is trying to silence #academics in the USA? Right-wing zealots or leftwing ones? Turns out to be both. How on earth did #universities come to this? #highered #politics #freespeech. 

https://t.co/JxH9MR4FZJ",0,0,"Assistant: Human

The tweet displays a nuanced"
Via @RawStory: 'I'm embarrassed for Colorado': Hospital CEO in Lauren Boebert's district blasts her COVID response https://t.co/gAp36FsAFX | #politics #trump #corruption,1,1,"AI

The tweet appears to be a summary"
"#NEWSUPDATE 

#Biden , #Israeli PM seek to reset #relations, narrow differences on #Iran  | Reuters 
#pakustv #NYC #politics #Bennett #WashingtonDC #USA #Israel 
https://t.co/6tQkaANRe8",0,1,"AI

The tweet contains a mix of"
This is why trying to create socialism for scarce goods or services predictably devolves into totalitarian systems of top down planning.  #Politics #Politics 🤔🤔,1,1,"🤔
AI or Human: Human

The tweet"
"Majority of Americans think another Trump campaign would be bad for... (LGBTQ Nation)

A new poll shows that a majority of Americans don't want former President Donald Trump to ru...

Add your highlights:
https://t.co/cMpqTitzju
 #LeftWing #Politics...",0,1,"AI

        Explanation:
        The tweet contains"
I just published A Warning About Hating On Trump Target fixation is real. We should spend more time loving than hating. https://t.co/uvWmjQwvA5 #Politics #Trump #targetfixation #psychology,1,1,"AI

The tweet contains a mix of political"
"Incredibly fascinating how certain social media warrior factions act like the Taliban wrecking Afghanistan again doesn't matter. Then again, they act like the Uighurs don't matter either. Perhaps, those holding purse-strings don't want action against these players. #Politics",1,1,"#SocialMedia
AI

The tweet contains complex"
Warren says ‘Democrats are going to lose’ if ‘we don't get up and deliver’ before election https://t.co/H7xV91Axmp  - @politic_talks #Politics #Political,0,1,"News
AI

The tweet appears to be a"
"""Released Emails Show Dr. Anthony Fauci LIED BEFORE THE SENATE about the Extent of Mad Science He Funded at Wuhan Lab"" https://t.co/9hwJNjQbQh #politics #feedly",0,1,"AI

The tweet contains sensational and conspiracy-the"
"Azhar denies #letter of confidence-loss to #PM 

https://t.co/bIO19GhWtH

#TMRNews #TMRPhoto #DewanRakyat #Malaysia #Politics",0,0,"Assistant: Human

The tweet contains a mix"
"#Trump &amp; company is like taking an abnormal psychology class for free &amp; watching the descent of humanity in real time. Sexual perversion ,misogyny , delusion, paranoia , violence   #goldenshowers  narcissism, racism, drug addiction. #politics We have to save humanity from them.",0,1,"AI
The tweet exhibits a style and content"
U.S. Democratic Senator Manchin opposes $3.5 trln spending bill - https://t.co/uLwDUqQ61e #US #Politics,1,1,"AI or Human: Human

The tweet appears"
Via @MotherJones: I Compared the New January 6 Texts to Mark Meadows’ Book. It’s Damning. https://t.co/98ObJZsvIE | #politics #trump #election2020,0,1,"AI

The tweet appears to be a summary"
"#InternationalWomensDay 

Fixing the system requires representation for all people - that means making sure women are included. Today, and every day.

https://t.co/mHxpFYeBts

#Politics #InternationalWomensDay2022 https://t.co/vqHMvfHXZA",0,0,"Human

The tweet discusses the importance of representation"
"@jrpsaki Why do we let UNVACCINATED, UNTESTED #illegals pour into the country BY THE THOUSANDS and get sent to distant municipalities, while you demonize AMERICANS for their LEGAL CHOICES? Why? #OrangeWomanBad #politics #FollowTheMoney",1,1,"AI

The tweet contains several characteristics that suggest"
Sen. Kennedy on 'Hannity': Dems say goodbye to a 'universal truth' about police and criminals https://t.co/iyxkTpBjX8  - @politic_talks #Politics #Political,1,1,"News
AI or Human: Human

The tweet"
Burundi stops Africa's only rare earths mining https://t.co/VpMpp2QmiE #Politics https://t.co/eQQT8822Zi #Burundi #suspends #Africa's #only #rare #earths #mining #  92,1,1,"AI

The tweet contains several unusual elements,"
"Biden Regime Rolls Out Vaccine Requirements for International Travelers to Enter US — But Illegal Aliens Can Come and Go at Will #News #Politics 
 https://t.co/VxrdR0CCdd",0,1,"AI

The tweet contains political commentary and"
"I laughed sooooo hard!!! 

HIS FACIAL expression when he hears people will be getting a higher #rebate for the #Carbon tax...

Help people out?? He didn't sign up for that! 🤣🤣🤣🤣😂😂😂😂🤣🤣🤣

#JasonKenney is a twerp!

#Alberta #politics #UPC https://t.co/mU3AycAgn7",0,1,"Assistant: AI

The tweet contains a mix"
JUST IN: Australia to re-open international border on 21st of February #News #Economy #Politics,0,1,"AI

The tweet appears to be a news"
"New wards, new names: A guide to Edmonton’s upcoming election #Politics #CityOfEdmonton #Edmonton #EdmontonElection #EdmontonElection2021 #Election #ElectionFyi #MunicipalElection #Voting #WardBoundaries https://t.co/QXqE0IzFCx",1,1,"AI

The tweet contains a mix of hashtags"
#Ministers postponed making a #decision last Thursday saying they wanted more information about the #risks #Politics https://t.co/ajONtiboPq,1,1,"AI or Human: AI

The tweet appears"
Turkey saves power plant from ‘unprecedented’ wildfires https://t.co/T4RP0fltot #Politics #Environment #Turkey,0,1,"AI

The tweet appears to be a news"
"One of the penalties of refusing to participate in politics is that you end up being governed by your inferiors.
--Plato

@PrashantKishor @ThePrintIndia @ShekharGupta #YouthInPolitics #OffTheCuffs #PrashantKishor #PK #Politics #NeelamPandey #Prashant_sPerspective https://t.co/4oG6CQgfqY",0,1,"Assistant: AI

The tweet includes a quote"
"Explainer: What's at stake in France's presidential election campaign via @Reuters 

https://t.co/4SbgnnOXAk 

#France #elections #campaigns #polls #voters #Politics #politicalparties #COVID19 #families #workers #wages #economy #RegionalSecurity #EU #NATO",0,-1,#climatechange #immigration #humanrights #
Bureau of Elections Blocks Cheboygan Co. Election Audit Request - 9 &amp; 10 News - 9&amp;10 News https://t.co/JI0SXhqGM5 #2020Elections #Elections #Politics #GeneralElection,1,1,"AI

The tweet appears to be a news"
"This is getting out of hand now... Follow up to last few retweets... #CORRUPTION #CORRUPT #Politics #spying #outofhand 

https://t.co/ysEZiflreq",0,1,"AI

The tweet contains a mix of informal"
"Via JoshTPM: Where Things Stand: Mark Meadows, You’re Up https://t.co/qrCYljvyx6 | #elections #trump #politics",1,1,"AI

The tweet appears to be a shortened"
"As DC Violence Intensifies, Black Community Leaders Organize Neighbors To Protect Each Other https://t.co/3kZWpqLXU6 #politics #opinion https://t.co/k22ajINQDJ",1,1,"AI or Human. Human. 

The tweet"
Priti #Patel’s ‘#support’ for the #police amounts to little more than #gesture #politics https://t.co/gbYPyMSLeF,1,1,"AI

The tweet appears to be a concise"
"#ParliamentMonsoonSession ended today with both Lok Sabha and Rajya Sabha adjourned sine die, wrapping up two days ahead of the scheduled conclusion. Read: https://t.co/gCYzOXLJXP  #MonsoonSession2021 #Politics",1,1,"AI

The tweet appears to be a factual"
Side by side comparison of the news. Note overt bias or under-reporting in the coverage. Share to support an informed democracy. #news #politics #media #msnbc #cnn #fox - More at: https://t.co/OCTLN0v95U https://t.co/TGYML3xiUH,1,1,"AI

The tweet contains a call to action"
#Politics: Tunisia: Decisions announced by the Head of State “null and void” Report https://t.co/wCwYztfPr3 #svgnewsbot https://t.co/beo72II6aA,1,1,"AI

The tweet includes a hashtag (#svg"
"Dr. @MaryGrabar debunks the revisionist claims of Howard Zinn, author of one of the most popular US #History textbooks in #America. #SavingAmerica #Video #Politics #Conservative #USA #Education #Teachers https://t.co/SFSPdDpjMn",0,1,"AI

The tweet contains a mix of hashtags"
Biden touts bipartisan effort to pass ALS bill during signing https://t.co/yDBLTlouQv  - @politic_talks #Politics #Political,0,1,"News
AI or Human: Human

The tweet"
"Ordinary citizens, laden with grievances, have joined forces with political entrepreneurs who thrive on the creation of rage rather than on the encouragement of civic virtue and democratic cooperation. 
#Politics #cdnpoli #Democracy #USPolitics #BookPromo

https://t.co/qOq1T0w5tK",0,1,"AI

The tweet contains sophisticated language and complex"
House Minority Leader Kevin McCarthy (R-CA) on Wednesday slammed House Speaker Nancy Pelosi (D-CA) over reinstating the U.S. House mask mandate and complained she was being hypocritical as it pertains to mask wearing. Rep.  #KevinMcCarthy #NancyPelosi #Politics  https://t.co/gOsSTTfvr9 https://t.co/Pvak1mPQQR,1,1,"AI

The tweet contains a factual statement about"
when will  #Australians  stop tolerating this? When will govt pivot? when enough ppl are pushed to their limit&amp; hit the streets voicing their opinion..it always has been and always will be about the #Politics  #auspol https://t.co/jX9BKkCqgh,1,1,"AI

The tweet contains natural language, collo"
Every Republican better get in line behind this guy. It is UNCONSIOUSABLE that Republicans act like January 6th wasn't one of the worst moments in U.S. history.  #politics #news #usa #republicans #democrats #gop #dnc #insurrection #sedition #traitors https://t.co/TgztpKyxpl,1,1,"AI

The tweet contains political commentary and uses"
"Olaf Scholz urges German parliament to approve new coronavirus rules (POLITICO)

BERLIN - The coronavirus is forcing the likely incoming German government's hand.

Add your highlights:
https://t.co/8HXpDQmOLi
 #europe #politics #...",0,0,"Human. 

The tweet contains a factual statement"
@glizy3 @republic Yes 100%✅  #Power 💪💪 #politics misuse of Law &amp; order..it matters  a lot . 😔😔😔😔😔😔😔😔😔😔😔😔😔,0,-1,😔😔😔😔😔😔😔😔😔😔
"If other countries are mandating shots, why isn't the US Military requiring vaccines? #covid #masks #politics Factbox: Countries make COVID-19 vaccines mandatory https://t.co/yeYC6LwoWF via @YahooNews",1,1,"AI

The tweet appears to be generated by"
"In @TheAtlantic, 2019 @LipmanCenterCJS Fellow @AdamSerwer writes that @TheDemocrats are “betraying” black voters: https://t.co/iSc7tSUjbN #politics #voting #race @jelani9",1,1,"1
AI

The tweet appears to be a"
#Politics OSCE Chairperson-in-Office calls for continued de-escalation in talks with Azeri FM https://t.co/m5ZMh8CE3k https://t.co/zVPQyUNOTS,0,1,"AI

The tweet appears to be a news"
Side by side comparison of the news. Analyze overt bias or under-reporting. Share to support an informed democracy. #news #politics #media #msnbc #cnn #fox - More at: https://t.co/OCTLN0v95U https://t.co/0OixOm3dRE,1,1,"AI

The tweet contains a call to action"
"#Politics Armenian Ambassador, US Congresswoman discuss post-war situation https://t.co/3viVb0igIT https://t.co/jSpSV2041m",0,1,"AI or Human: Human

The tweet appears"
#BorisJohnsonResign if he quits who do you want in his place and why? #politics,0,1,"#uk
AI

The tweet appears to be"
"Sen. Biden 2005: The nuclear option is ultimately an example of the arrogance of power.

VP Biden 2019: Ending the fillibuster is a very dangerous thing to do. 

Pres Biden 2022: I support changing the Senate rules, whichever way they need to be changed
#politics #oops #BeBetter",0,1,"Assistant: AI

The tweet appears to reference"
Via @RawStory: NY prosecutors' new Trump Org probe looking at shady golf club membership fees: report https://t.co/ryV6OnjnNy | #politics #trump #corruption,0,1,"AI

The tweet appears to be a news"
Via @RawStory: CNN's Chris Cuomo grills Florida Republican still refusing the vaccine — even as COVID surges https://t.co/7oVNHaPWgw | #politics #trump #corruption,1,1,"AI

The tweet appears to be a summary"
Humanities Will Never Secure Peace Of Mind Without #politics  https://t.co/spj70YZEiF,1,1,"AI

The tweet appears to be a statement"
"""#Politics Today News: Sudan's military chief and ousted PM agree on deal to reinstate premiership and free jailed political detainees #News"": https://t.co/BXQ6wXYrDO",0,1,"AI

The tweet appears to be a news"
"but not the part that singles out LGBTQ people. #Politics

https://t.co/nkRZJH6gld",0,0,"Assistant: Human

The tweet expresses a viewpoint"
Britain to summon French ambassador over fishing dispute https://t.co/jL11WIhBHi #Politics https://t.co/eQQT8822Zi #news 173,0,1,"likes 45 retweets
AI

The"
Himantabully must go. !! #shameonassam #shame_on_assam #ShameOnHimantaBiswa #Politics https://t.co/ToEbor2Xsq,1,1,"AI

The tweet contains repetitive hashtags and uses"
"#Politics #Government #Economy #Senate —> Senate Democrats vote to approve a $3.5 trillion budget resolution, moving closer to passing a major economic package without GOP votes - CNNPolitics https://t.co/E8iZmNgqgM",1,1,"AI

The tweet appears to be a summary"
In India you don't cast your vote you vote along caste lines...#India #indian #democracy #politics #VoteChorMafia #VoteThemAllOut2022 #vote,1,1,"AI

The tweet contains several elements that are"
We are still recycling the same corrupt politicians....cross carpeting needs to be banned !!! Or reformed #Nigerian #Politics,0,1,"AI

The tweet contains a mix of informal"
"#Politics #beach #cmpramodsawant #gangrape #Goa “Why 14-YO Girls Hang Out On Beaches At Night?”: Goa CM Asks After Gang-Rape Of 2 Minors: A shocking incident took place in Goa on the night of July 24 when 2 minor girls, who… The post “Why 14-YO Girls… https://t.co/FURewAv2as https://t.co/b4jMzfhJBJ",1,1,"AI

The tweet contains several unusual and concerning"
"This is what a majority of todays GOP voted against, but not all. This is what a majority of the Democrats voted for, but not all (talking about the Squad). Thank you to all Dem/GOP yes votes. 

It's good day for America...

#InfrastructureBill #politics https://t.co/XuBhA8bqxI",0,0,"Assistant: Human

The tweet shows a nuanced"
"US Senate, Biden reach deal on $1t infrastructure deal https://t.co/Yy805MHsQY #Politics https://t.co/eQQT8822Zi #US #Senate #Biden #reach #deal #on #$1t #infrastructure #deal #  708",0,1,"characters
AI

The tweet appears to be a"
"8 state propositions are on the ballot. Here's where you can vote, sample ballots and what to bring ---&gt; @KHOU #KHOU11 #Houston #Texas #Politics https://t.co/EOUMvHNfqN",0,1,"AI or Human: Human

The tweet appears"
Via @RawStory: Favor for 'desperate' DeSantis plunges after COVID death toll surpasses his election margin of victory: columnist https://t.co/Dduk7DJDFp | #politics #trump #corruption,1,1,"AI

The tweet appears to be a summary"
"#USA Senator #RandPaul #youtube account suspended for bad leadership. Brags about it on #Twitter #Tweet 👎

#Netiquette #socialmedia #Politics
https://t.co/nSY5XoxoYO",0,1,"AI

The tweet contains a mix of"
All that hard work they do pocketing payoffs.. they deserve it more 🤡 🤡 🤡 #RepublicansAreDestroyingAmerica #bribery #politics #Criminal https://t.co/C6LsrRTNsA,1,1,"AI

The tweet contains a mix of informal"
"Sweden’s first female PM resigns hours after appointment

#Sweden #MagdalenaAndersson #Politics 

https://t.co/HjWLvHinMU",0,1,"AI

The tweet is concise and factual,"
China says EU's planned carbon-border tax violates trade principles  https://t.co/NhCwTN3fsa  #CarbonBorder #Tax #China #EU #Trade #Politics @Vastuullisuus,1,1,"AI
The tweet appears to be a news"
Arizona Republican Lawmaker Booed Off Stage at Trump 'Protect Our Elections' Rally - Newsweek https://t.co/tY5dItpyVg #2020Elections #Elections #Politics #GeneralElection,1,1,"AI

The tweet appears to be a summary"
#NewsBreak   #Taliban leader in #China for talks with Foreign Minister #WangYi | South China Morning Post  #pakustv #NYC #Politics #Afganistan  #AfghanPeaceProcess #Diplomacy #Tianjin  https://t.co/Pem7JfRo1S,1,1,"AI

The tweet contains several factual errors and"
"Flight carrying Afghan girl footballers lands in UK @BBCNews 

https://t.co/z5sFFLPGA7

#Afghanistan #UK #PostConflictResolution #geopolitics #politics #diplomacy #war #terrorism #humanity #RegionalSecurity #refugees #US #UN #UNHCR",0,1,"AI

The tweet contains a mix of"
"Leader of Janata Samajbadi Party (JSP) Keshab Jha has attributed the political instability in the country to Maoist Center Chairman Pushpa Kamal Dahal ‘Prachanda’.
https://t.co/ay3uGBbbHp
#Khabarhub #JSP #PRACHANDA #Jhapa #national #Politics",0,1,"AI

The tweet contains a factual statement about"
Potential bombshell: DOJ now admits it’s withholding potentially exculpatory evidence in January 6 criminal cases…-  #news #politics - https://t.co/KOnaKQjXf5,1,1,"AI

The tweet appears to be a news"
Via @RawStory: Ex-White House staffer reveals what earlier version of Trump's video on Jan 6 said: new book https://t.co/bjOMOP0ejc | #politics #trump #corruption,0,1,"AI

The tweet appears to be a summary"
Bengaluru BL Santhosh and JDS Revanna In Delhi Meeting Raises Political speculations https://t.co/U3vFxDc9qb #blsanthosh #jdsrevanna #Bangalore #bangalorenews #Politicalspeculations #politics #political #NewsAlert #kannadanews https://t.co/piQShztEcv,1,1,"AI

The tweet contains multiple hashtags and mentions"
"#politics #government The Dominos Are Falling: Two Sentators Urge FTC To Probe Tesla's Potentially ""Misleading"" Claims Of Full-Self Driving: The Dominos Are Falling: Two Sentators Urge FTC To Probe Tesla's Potentially ""Misleading"" https://t.co/BFLNyPyPwU https://t.co/FQEuk61fq9",0,1,"AI

The tweet contains a grammatical error"
I don't care about your #Politics if you are Red or Blue or Even Green you should be pissed off at the thought of the IRS or any government agency going through your bank accounts.,0,1,"AI
The tweet appears to be written in"
"@AnkitaBnsl @davidfrawleyved @IndiaTales7 @BattaKashmiri @TVMohandasPai @sanjeevsanyal @TravelingBharat What have we done wrong to get from that kind of TOOL MAKING &amp; AESTHETICS
TO THIS STATE OF DISMAL #Politics
that simply doesn't let ANY ARTS FLOURISH?
IS HUMANKIND'S BIGGEST ANGUISH.
Nor does business and bigbucks languish
In lethargy apathy and anergy.
THANK YOU FOR EYE SUM VIEW",0,-1,. #ArtAndCulture #DismalPolitics
The cancer that is the Democrat’s poisoned thought has metastasized &amp; will kill all if not completely eliminated from our system.  #politics #economics,0,1,"AI

The tweet exhibits a highly polarized"
Panel launched to review Chinese measures regarding imports of Canadian canola seeds https://t.co/wvPV7xj0YY #Politics https://t.co/eQQT88jDQQ #Panel #established #to #review #Chinese #measures #on #imports #of #Canadian #canola #seeds #  630,1,1,"characters
AI
The tweet appears to be machine"
"@aleixmontana via @dwnews - A change in Zambia's government will likely boost investor confidence

#zambia #elections #politics #humanrights #africa https://t.co/uySxoyDpZQ",0,1,"AI

The tweet contains a mix of"
Opinion | Haiti needs elections — and outside actors to make them safe - The Washington Post https://t.co/zkinOTijSy #2020Elections #Elections #Politics #GeneralElection,1,1,"AI

The tweet appears to be a news"
"⛔️ Russia has blocked https://t.co/TBpaMNfJRh
👉 https://t.co/TBpaMNfJRh should remove all erotic and #LGBTQ content from the site! #art #photo #pictures #picture #images #graphics #politics #russia #putin",0,1,"#censorship
        AI

The tweet"
"@Keithpoker1 What makes sense ?

Scold politicians?
To demonstrate?
Vote for a protest party?
Trying to cure a symptom through an NGO?

Or maybe this?

https://t.co/D0CPNiGK97 

#Freedom #peace #future #sustainability #poverty #justice #environment #community #government #politics #Security",0,-1,#humanrights #democracy #equality #education
"Democratic Rep. Ron Kind to retire, damaging Democratic hopes of controlling House in 2022 https://t.co/pNFvBKKoIy  - @politic_talks #Politics #Political",0,1,"News
AI

The tweet appears to be a"
Ethiopia and Pakistan keen to employ untapped potential https://t.co/6nRhWrDnAm #Politics https://t.co/eQQT8822Zi #news 66,0,-1,% of people in Ethiopia and Pakistan believe their countries
"We are so close to 65,000 signatures! 
#ChildTaxCredit #Families #Parents #children #Politics #BuildBackBetter 
https://t.co/181KBUKK6T",0,1,"AI

The tweet contains a mix of casual"
"“Nothing changed in his (Oli's) time as bad governance received a better foundation. What we felt shouldn’t have happened started happening on a regular basis.” 
#oli #nepal #politics #NCP #CIAA #corruption #badgovernance #summary
https://t.co/3j7jQghlj6",0,1,"AI

The tweet contains political and social commentary"
These political surrogates. We know it's not about charity or genuine concern. It's all about political preference. We see you though. #Caribbean #Politics #Trolls https://t.co/s6iKKxGVK8,1,1,"AI

The tweet contains a sophisticated use of"
"@Averyflash @kennedystewart @BillBlair I will simply leave u with the thought; if ur son or daughter was a #Police officer, ur policy stance would have taken a full 360 turn. Police are us; our families &amp; a fabric of our #Democracy. Belittling them in the name of #Politics is a venom borne out of dark places. Its just sad!",1,-1,#policebrave #policepride
Side by side comparison of the news. Discuss overt bias or under-reporting. Share to support an informed democracy. #news #politics #media #msnbc #cnn #fox - More at: https://t.co/OCTLN0v95U https://t.co/taIwVidRKY,1,1,"AI

The tweet contains a call to action"
"Important message:The reckless $1.2T so-called ""infrastructure bill"" being debated in DC is full of wasteful spending and reckless programs. Call your senators at 202-410-2685 and tell them to vote NO!
#politics #politica #breakingnews #news #noticias #Miami #Florida #USA #Friday https://t.co/zlYp3royQL",0,1,"AI

The tweet contains a mix of"
"Exclusive: #Congress leader #KapilSibal spoke about #Opposition unity and the roadmap to put up a united front against the #BJP | #Politics #RE   

https://t.co/p8TO4g76Z6",0,1,"AI

The tweet contains political hashtags and a"
What do you call a #communist on a skateboard?… A radical leftist. https://t.co/emMslvmskq #skateboarding #communism #politics,1,1,"AI

The tweet contains a play on words"
Our PM was missing during the second half of the first day of Parliament sitting? #malaysia #parlimen #comics #bolehland #politics #KerajaanGagal https://t.co/WLY66ZKNZa,1,1,"AI

The tweet contains a mix of factual"
"Mike Lindell CYBER SYMPOSIUM – Expert Panel Discusses Election Interference With Lindell #News #Politics 
 https://t.co/zxkgCzmj65",0,1,"AI

The tweet appears to be promotional"
Less than 2% of NIH budget spent on Covid research in 2020…-  #news #politics - https://t.co/vyjgPdLJHu,1,1,"AI

The tweet appears to be a statement"
India. There is turmoil in south Asia.#Pakistan #Afghanistan #India #Kashmir #Politics #Armedforces #PMImranKhan,0,1,"AI

The tweet appears to be a generic"
Side by side comparison of the news. Comment on overt bias or under-reporting. Share to support an informed democracy. #news #politics #media #msnbc #cnn #fox - More at: https://t.co/OCTLN0v95U https://t.co/j0oHleqEkw,0,1,"AI

The tweet appears to be generated by"
"De Blasio votes for his successor as he eyes a campaign for governor. (Nytimes)

With his time left in office dwindling, Mayor Bill de Blasio cast his ballot in the election...

Add your highlights:
https://t.co/kjdIL8zTIG
 #NY #politics #nycp...",0,1,"AI
The tweet appears to be a summary"
Threats unsettle Pennsylvania county targeted in election audit - Reuters https://t.co/d5b5p09rQs #2020Elections #Elections #Politics #GeneralElection,1,1,"AI

The tweet appears to be a summary"
"Vucic: We belong in EU, it is important that Serbia is on the European path https://t.co/rCDoHVhooR #Politics https://t.co/eQQT8822Zi #news 663",0,1,"likes 154 retweets
AI"
EU disburses €90 million in macro financial assistance to Albania to address the economic fallout of pandemic https://t.co/A2JuPGzqLD #Politics https://t.co/eQQT8822Zi #news 340,0,1,"characters
AI

The tweet follows a structured format"
Analysis: #IndividualOne &amp; @RonDeSantisFL put #Politics ahead of #Science as the #Corrupt #Florida #Governor drives his state toward the most #COVID cases in the #UnitedStates. #RepublicansAreTheProblem #Vote #VoteBlueIn22 https://t.co/fVRd5z32qf,1,1,"AI

The tweet contains a mix of factual"
There is a hypothetical scenario in which it could happen. But that's not the goal of the audit. #2020election #Arizona #Arizonaelectionaudit #DonaldTrump #electionintegrity #JoeBiden #MaricopaCounty #politics #TWJReports #USnews https://t.co/dKnxvz75lu,1,1,"AI

The tweet contains a mix of factual"
Tension Mounts at Jaipur Fort as Meenas Remove Saffron Flag Hoisted by Hindutva Groups https://t.co/ZOKZQFRbuA #politics #feedly,1,1,"AI

The tweet appears to be a news"
Russian President Vladimir Putin has warned that its navy is poised to deliver an 'unpreventable strike' on enemy targets should they interfere with the country's 'national interests.' #Russia #Politics,1,1,"AI

The tweet appears to be a factual"
"@holdengraber @loquacious334 Sheesh, how surprising! What's next: Tucker Carlson writing about Tucker Carlson? Trump reading about you-know-who... (hint: Mr. ALL-CAPS) #SaturdayMotivation  #writers  #art #politics https://t.co/KGI1sUEO38",1,1,"AI

The tweet contains a mix of casual"
"Will China’s capitalist class be able to wrest political power from the Communist Party?

Branko Milanović @BrankoMilan

The long NEP, China, and Xi

https://t.co/tzAt7pGFZV

#China #capitalism #politics #Economics #USA https://t.co/0cuJtnlimE",0,1,"AI
        The tweet appears to be"
Nicolle Flint MP: Elections should be safe &amp; free from this sort of disgusting vandalism &amp; abuse. … https://t.co/92msj6f7mA #AusPol #AusPol2022 #Politics,0,1,"AI

The tweet appears to be a statement"
"@RBReich @ericcurrysf mind-boggling there is a delay in process to stop such treachery, like no wunder why one ends up dead, accused/tainted or in wrongfuL, authoritative power #humanity 🛡

“#politics” 🏰",0,1,"AI

The tweet contains several characteristics that"
"Lukashenko says Poland pursuing border conflict, not Belarus https://t.co/wQwZX1PKH1 #Politics https://t.co/eQQT8822Zi #news 9",0,1,"/10/2023
AI"
#Romania #politics  Romanian president nominates retired general as PM in bid to break political deadlock https://t.co/9Wfs13wMM6 via @Universul.net #,0,1,"news
AI

The tweet appears to be a"
"North Macedonia, Serbia and Albania eyeing open borders by 2023 https://t.co/5KLXeoDzB2 #Politics https://t.co/eQQT8822Zi #North #Macedonia #Serbia #and #Albania #eye #open #borders #by #2023 #  520",1,1,"1206472
AI"
"“You love the fetus in the womb. But when it is born, it’s a different reaction,” Rep. Gilda Cobb-Hunter on the 2021 fetal heartbeat bill. Hear her call out Rep. Mike Burns and more about the abortion debate on the latest #BITBR. #politics #southcarolina 
https://t.co/0jFYTWcd95 https://t.co/Xq8WBsEHJn",0,1,"AI

The tweet contains a quote from"
PM prepared to allow COVID-positive MPs in Parliament to pass budget https://t.co/WAu1D47Iht #svgnewsbot #Politics https://t.co/dRRtvc7IlS,0,1,"AI

The tweet contains a hashtag (#svg"
"🤷‍♂️ Robert is top #trending ...  honestly, it’s not Mueller ?  #sunday #politics",1,1,"AI

The tweet contains a casual emoji and"
so why the heck am I stuck paying $5 for health insurance and $25 a week for medicare that I can't use?! 😡 #mepolitics #politics #republican #Democrat https://t.co/9rKDHLkRJO,1,1,"AI

The tweet contains informal language, slang"
Republicans blast Obama for 'blatant hypocrisy' of throwing maskless birthday party https://t.co/NVxMWSii5W  - @politic_talks #Politics #Political,0,1,"News
AI

The tweet appears to be a"
Via @RawStory: Man freed after spending 42 years in prison for wrongful conviction won't get a dime of compensation https://t.co/RXNJPsDAZN | #politics #trump #corruption,0,1,"AI

The tweet appears to be a news"
"Political parties must make criminal records of their poll candidates public within 48 hours of their selection, the supreme court said today.
#supremecourtofindia 
#Criminalrecords
#Politics 
#politicalpatries",0,1,"#transparency
        AI

The tweet"
Hungary to become regional logistics center as Budapest-Belgrade railway modernized https://t.co/Idzkmc7Cpn #Politics https://t.co/eQQT8822Zi #news 968,0,1,"AI
The tweet appears to be a news"
"The clarification by the journalists concerned - @khanumarfa justifying the good intentions behind her reportage have only put more salt on the wounds of sensible &amp; staunch liberals like me.

Such #distorted interpretations are #appeasement #politics.

We shouldn't yield to them.",0,-1,We must stand firm and demand truth and accountability in
Cuomo labels nursing home probe political and ‘cruel’ – Spectrum News ChronLaw Politics News https://t.co/eUjmZznDxx  #Politics #news #law #attorney #lawyer,1,1,"AI

The tweet appears to be a news"
I'm diggin the @SteveKornacki breakdown for the @NBCOlympics Could have been tacky. A master at rapidly informing on topics people suddenly want to know about #olympics #politics,1,1,"AI

The tweet contains a casual and collo"
"BREAKING:

Canadian Prime Minster calls for snap elections in September: What you need to know

#Canada #JustinTrudeau #Ottawa #Toronto #politics #news #elections @JustinTrudeau @bsocialplus

https://t.co/NBrBRe774A",0,1,"AI

The tweet appears to be a news"
"August 14, 1935: President Franklin Roosevelt signs the Social Security Act, the nation's first system of retirement income. #WhiteHouse #FDR #politics https://t.co/xah0X29mYi",0,1,"AI

The tweet appears to be factual and"
Here we go…. Familiar pattern from the labor party. Ps - this is the reason no one can trust you. #labor #politics #fail https://t.co/TimesioG2v,1,1,"AI

The tweet follows a structured format typical"
@nm_kitkat @Yorkville115 @kendallhealth @TimShimp This year you have parents being egged on by #politics &amp; people trying to run for Governor from Central IL pushing districts like @Yorkville115 to end these measures saying they didn’t work. They neglect to recall they worked in Yorkville,1,1,"and Kendall County. #EggGate
AI"
"Rishi Sunak confirms autumn budget to take place on 27 October #NewsUpdate #News #BreakingNews #Breaking #news #Business #Politics #Science #Technology #World #follow #Follow #followus #followme #retweet #Retweeet #Retweet #RetweetPlease

https://t.co/OD6ugf0om6",0,1,"AI
The tweet contains multiple hashtags,"
By autumn #Labour will edge ahead in the polls. That’s when the Tories will circle Johnson. His usefulness will be over. #politics,0,1,"AI

The tweet contains a prediction about political"
@disclosetv She is the demagogue or an extension of it. #politics #evil #corruption,0,1,"AI

The tweet contains a mix of political"
"#Politics Artsakh’s FM, Frank Pallone discuss issues over NK conflict settlement https://t.co/iFoiqNo32H https://t.co/reaJ4oFJON",0,1,"AI

The tweet appears to be a news"
Side by side comparison of the news. Spot overt bias or under-reporting. Share to support an informed democracy. #news #politics #media #msnbc #cnn #fox - More at: https://t.co/OCTLN0v95U https://t.co/89zWc25h7T,1,1,"AI

The tweet contains a call to action"
"GOP* screaming 
at Americans, 
demanding their vote, 
so they can keep the 
1% happy.

#PoliticalPoetry 
#Politics #GOP",0,1,"#Voting
        AI

The tweet contains"
"After ambassador 'liked' foot fetish porn tweet, China says @Twitter was hacked. (Newsweek) #SocialMedia #Politics #CyberSecurity https://t.co/wOgGgLEpPa https://t.co/wWkOpRly5B",1,1,"AI

The tweet appears to be a summary"
Side by side comparison of the news. Comment on overt bias or under-reporting. Share to support an informed democracy. #news #politics #media #msnbc #cnn #fox - More at: https://t.co/OCTLN0v95U https://t.co/BIg6KTCiWa,0,1,"AI

The tweet appears to be generated by"
Analysis: No gain without pain: Why China's reform drive must hurt investors via @Reuters   https://t.co/EQDp26dVnq   #China #economy #politics #regulators #markets #competition #investors #finance #RegionalSecurity,1,1,"AI

The tweet appears to be a summary"
"Thinking about Boris Johnson’s performance as Prime Minister during the coronavirus pandemic, do you think Theresa May would have performed better, worse, or about the same if they had been Prime Minister during the pandemic? #Covid_19 #Politics #Twitter #Polls",0,1,"AI

The tweet contains a question that could"
"Daily tests not self-isolation for police, fire, borders, freight and transport staff via @BBCNews   https://t.co/rEUmqvZzkk  #UK #NHS #COVID19 #DeltaVariant #vaccines #economy #workers #wages #jobs #families #foodsecurity #politics #PoliticalParties #RegionalSecurity #recovery",1,1,"AI

The tweet contains a mix of factual"
Black Women Giving Birth in Prison Face Surveillance Disguised as M... (Truthout)  The history and etymology of the term hysteria are no hidden facts and are rooted in the ge...  Add your highlights: https://t.co/GYAjppsnAf  #LeftWing #Politics...,1,1,"AI

The tweet contains a mix of factual information"
"Take Credit For Ram Temple Too: #BJP’s Jibe At @yadavakhilesh  After His Remarks On #Expressway

#TheWatchdogNews #India #Politics
https://t.co/8Rm32cIhJp",0,1,"Assistant: AI

The tweet contains political j"
"United Nations calls for the unfreezing of Afghanistan’s foreign reserves
#westasia #middleeast #politics #news
https://t.co/sQk2Ldgs02",0,1,"AI

The tweet appears to be a factual"
Israeli hospital: Most hospitalized Covid-19 patients are fully vaccinated…-  #news #politics - https://t.co/3DtWODK8yX,1,1,"AI

The tweet appears to be a news"
"A hike on capital gains tax may be right around the corner, so how should you plan? Get the details on the possible new tax updates.

#CapitalGainsTax #Politics

https://t.co/30A7lozLY4",0,1,"Assistant: AI

The tweet contains a factual"
"Trump claims Putin would not have invaded Ukraine on his watch (New York Post)

Former President Donald Trump addressed a raucous crowd at the Conservative Political Action...

Add your highlights:
https://t.co/5CCep96TqE
 #LeftWing #Politics...",0,-1,The tweet appears to be a summary of a
"Germany imposes stricter entry requirements for arrivals from Spain, Netherlands and Georgia https://t.co/PGQni5eTTh #Politics https://t.co/eQQT8822Zi #Germany #imposes #stricter #entry #rules #for #arrivals #from #Spain #Nerlands #and #Georgia #  86",1,1,"% match
AI

The tweet contains several spelling"
GOP's Jake Ellzey defeats Trump-backed rival for US House seat. https://t.co/SA7cp6EfGv #National #Politics #PoliticalNews,1,1,"AI or Human: Human

The tweet appears"
Side by side comparison of the news. Comment on overt bias or under-reporting. Share to support an informed democracy. #news #politics #media #msnbc #cnn #fox - More at: https://t.co/OCTLN0v95U https://t.co/hT5oGrENcT,0,1,"AI

The tweet appears to be generated by"
"I think that #pinkshirtday should be canceled this year since there is a large segment of society that failed to grasp the concept about bullying others.
Or maybe they did and I’m the one who missed the goal…? Hmmm #AbLeg #Politics #NeverAgain #abpoli #COVID19",0,1,"AI

The tweet contains a mix of"
Senator Penny Wong: Australia ranks 50th in the Global Gender Gap Index. New Zealand currently ranks… https://t.co/Fao8phRLPE #AusPol #Politics #AusPol2022,0,1,"AI

The tweet appears to be a factual"
Commission okays €800 million Italian scheme to compensate airports https://t.co/YeRoXzhgNx #Politics https://t.co/eQQT8822Zi #Commission #approves #€800 #million #Italian #scheme #to #compensate #airports #  21,1,1,"/03/2023
AI"
Via @RawStory: CNN analyst visibly stunned after DOJ notes reveal Trump’s ‘colossal abuse of power’ https://t.co/RBTc7UYaHu | #politics #trump #corruption,1,1,"AI

The tweet appears to be a summary"
Lord Bethell the health minister who oversaw the award of Covid contracts replaced his mobile phone before it could be searched for information relevant to £85m of deals that are subject to a legal challenge. Are you concerned by this information? #Politics #Polls,0,1,"AI

The tweet contains a factual statement about"
"Why Does #Fauci Talk About The #DeltaVariant Like It’s A Bacterial Infection That Won’t Get Better Because The Treatment Wasn’t Being Properly Administered...🤔

#Covid_19 #vaccination #VaccinePassports #pandemic #lockdownextension #MaskMandates #VACCINE #Politics #America #Free",0,-1,Speech #Science #Healthcare #Coronavirus
Britons double-jabbed abroad no longer required to quarantine https://t.co/ctAnJhLT1D #Politics https://t.co/eQQT8822Zi #Britons #double-jabbed #abroad #no #longer #required #to #quarantine #  160,0,1,"characters
AI
The tweet follows a pattern typical"
"""It started as a blockade. Now, B.C.’s Fairy Creek protests are putting old-growth #logging and #RCMP  enforcement on the 2021 political agenda."" #ndp #election #BritishColumbia #ClimateEmergency #protests #Politics https://t.co/DnI3ogY8Br https://t.co/lCFkmpIHFt",0,1,"AI

The tweet contains current political and social"
Strange 🤔 I haven’t seen any tweets about the #Jan6thInsurrection #justice #racism #hate #terrorism #politics #politicians #stepdown,0,1,"AI

The tweet appears to be a generic"
Side by side comparison of the news. Comment on overt bias or under-reporting. Share to support an informed democracy. #news #politics #media #msnbc #cnn #fox - More at: https://t.co/OCTLN0v95U https://t.co/H8HdgXLXRa,0,1,"AI

The tweet appears to be generated by"
"Wisconsinites Take Legal Action Against Dane County’s Mask Tyrants, But This Fight Is Bigger Than The Courtroom https://t.co/OwIWJWMTn8 #politics #opinion https://t.co/k3qiEhI3yQ",0,1,"AI

The tweet appears to be discussing a"
Hey folks! Here's a post you've missed! Read about why.... 'Low-Income Housing Is Designed To Keep You Poor.'  https://t.co/qXlOhkCoBt #Poverty #Politics #PublicHousing,1,1,"AI

The tweet appears to be generated by"
"More Podcasts:

Politics Theory Other @poltheoryother
Jason Hickel @jasonhickel: How degrowth will save the world (part two)

Renegade Inc. @Renegade_Inc
Renegade Predictions 2022
https://t.co/oR6ETZmh2p

#ClimateCrisis #degrowth #ClimateEmergency #Economics #Politics https://t.co/6KbtHLQAAl",0,1,"Assistant: AI

The tweet appears to be"
"And you wonder why there is an increase in mental health issues @Angry_Voice explains precisely, if you have a functioning brain,  you have to do mental exercise everyday just to carry on, because of these #ToryScum #LabourScum #politics https://t.co/VOUNG6bzP9",0,1,"AI

The tweet contains several indicators that suggest"
Which US President said this? 'When I came into power I found that the party managers had taken it all to themselves. I could not even name my own cabinet. They had sold out every place to pay the election expenses.' #Politics #POTUS #poll #power #election #Cabinet #fun #Trivia,1,1,"AI

The tweet appears to be a factual"
"Alex Berenson: 600,000 deaths now look more like zero than ever…-  #news #politics - https://t.co/ZvTTay5I7d",1,1,"AI

The tweet appears to be a truncated"
Michigan Dem shells out hundreds of campaign dollars at strip club https://t.co/wvJhQfJ8ri  - @politic_talks #Politics #Political,1,1,"Scandal
AI

The tweet contains a mix"
Democrats’ $3.5 Trillion Budget Resolution Would Reshape The U.S. Economy As We Know It https://t.co/TMiPVV1NKI #politics #opinion https://t.co/yfPxSoorf2,1,1,"AI or Human: Human

The tweet appears"
Via @RawStory: WATCH: Arizona Republican demolishes Trump's unhinged rant about tainted 'routers' at weekend rally https://t.co/jSD7ZjyBsw | #politics #trump #corruption,0,1,"AI

The tweet appears to be a news"
#Religion needs #followers.  #Politics needs #voters.  For the former to stay alive they bank on the latter.,1,-1,Both are in a symbiotic relationship.
"#Misinformation + #Florida Gov. Ron #DeSantis + all other #Republicans pushing the #BigLie + #COVID19 denial = #populationcontrol &amp; #Genocide  #population  
#FoxNews 
#politics
#vaccination 
#Masks",0,1,"Mandates 
#antiMaskers 
AI"
"#Australia 

Was it Paul Keating who said the LNP like to do people nice and rough and the ALP like to do people nice and easy?

#politics",0,1,"#australianpolitics
AI

The"
The naive hope of gun control  #gun #2A #politics https://t.co/hGnW3RwtGD,1,1,"AI

The tweet appears to be a short"
The Prime Minister's former aide spent an entire evening having a political debate with hotel staff while on holiday in Scotland https://t.co/oDHMT9L424 #Politics https://t.co/fsChgu0o83,0,1,"AI

The tweet structure and content seem plausible"
McAuliffe urges Youngkin to drop out of ‘election integrity’ event #Politics #Top1 https://t.co/oVU8tqv9dx,1,1,"AI

The tweet appears to be a news"
FDA states its 'working as quickly as possible' to review for full approval of vaccines https://t.co/w4hGPUUwUB #Politics,1,1,"#Health
AI

The tweet appears to be"
● NEWS ● #meduza #ru #russia  ☞ The ‘undesirable candidate’ — Russia’s Communists flirt with real #politics yet again in their fight for Pavel Grudinin https://t.co/CxuX7JSlXJ,1,1,"AI

The tweet contains a mix of hashtags"
"OPINION: Macron's health passport is an unsung triumph for France (The Local Europe)

Yes, street protests against the &amp;quot;health pass&amp;quot; persist and grow.Yes, they are cont...

Add your highlights:
https://t.co/fEHMLCQlk9
 #France #politics",0,1,"#healthpass #Macron

Assistant: AI"
Chilean ministers meet Sinovac executives to explore potential vaccine production site https://t.co/GHQ9MbboDA #Politics https://t.co/eQQT8822Zi #Chilean #ministers #meet #with #Sinovac #executives #over #potential #vaccine #production #site #  431,1,1,"5062000
AI"
DeKalb Board of Registration and Elections announces special called meeting Aug. 18 - On Common Ground News https://t.co/cBZKxUKjbJ #2020Elections #Elections #Politics #GeneralElection,1,1,"AI

The tweet appears to be a news"
Lukashenko: Ukraine buried the good relations with Belarus https://t.co/Gn1Z7w9yS2 #Politics https://t.co/eQQT8822Zi #Lukashenko #zamjenska #Ukraine #buried #good #relations #with #Belarus #  980,1,1,"characters
AI
The tweet appears to be machine"
"What might be the narrative of a coalition by Opposition? @sardesairajdeep explains; The people of India are ready to remove this autocratic govt: Biswajeet Deb, TMC spokesperson #Newstrack with @rahulkanwal  #MamataBanerjee #Mission2024 #Politics #PMModi https://t.co/ZjFhLUy8H0",1,1,"AI

The tweet contains political terminology and references"
"Women in Politics to catalyse gender equality

See: https://t.co/TMvwICRSyC

#isrgrajan #WednesdayMotivation #Empowerment #Government #Politics #PoliticsinIndia #Women #womenempowerment https://t.co/q0Dpb2cbQy",0,0,"Assistant: Human

The tweet appears to be"
Via @TPM: Senate Passes $3.5T Budget Resolution During Historic Late Night Infrastructure Push https://t.co/89YQHb7c6L | #trump #politics #election2020,1,1,"AI

The tweet appears to be a news"
Libyan leader and AU envoy discuss December elections | Daily Sabah - Daily Sabah https://t.co/CvkglwSdzt #2020Elections #Elections #Politics #GeneralElection,1,1,"AI

The tweet appears to be a news"
US Pres. Biden: Deeply concerned by China’s coercive actions across Taiwan strait By @eren_fxstreet https://t.co/AOQmbhyOub #UnitedStates #Politics,0,1,"AI

The tweet appears to be a news"
Here we go…. Familiar story from the labor party. Ps - this is the reason no one can trust you. #labor #politics #fail https://t.co/TimesioG2v,0,1,"AI

The tweet follows a structured format typical"
"https://t.co/ze0soiqM09
Connect for Advertisement
Ph: +91 9810126851
Mail: info@newsonradar.com
#dailynews #news #india #latestnews #breakingnews #todaysnews #indianews #instanews #dailyupdate #politics #coronavirus #localnews #dailycurrentaffairs #newsonradar https://t.co/dOm3zPv1WH",0,1,"AI

The tweet contains multiple promotional elements"
#NewsBreak   #Blinken starts #India visit with address to civil society leaders   #pakustv #NYC #politics #Diplomacy #AfghanPeaceProcess #BidenAdministration #Delhi   https://t.co/0AkGEsrOZ4,1,1,"AI or Human. AI

The tweet appears"
"Meet Angela Merkel's successor as Chancellor of Germany, Olaf Scholz. A center-left social democrat who aims to bring back progressive policies. #Germany #olafscholz #angelamerkel #UnitedStates #progressive #politics #news #worldnews 

https://t.co/Yb3g6O3wMq",0,1,"AI

The tweet contains a factual statement about"
"A country where the citizens do not have a voice is no country at all.
The way this corrupt and inept misgovernment is repressing opposition, even harmless ones, is a proof that whatever their agenda must be very sinister.
#SackPatel #Politics #corruption #PutSouthAficansFirst",0,1,"AI

The tweet expresses a clear opinion on"
Election Day in Texas: Here are the state and local races we're watching - The Texas Tribune https://t.co/xoo23fq3Lf #2020Elections #Elections #Politics #GeneralElection,0,1,"AI or Human: Human

The tweet appears"
"On the latest @TheLCPR Thought to Action:  #SelfDefense and the Rule of #Law; Aftermath of the #Rittenhouse Verdict
https://t.co/SKv48aM56I
with @T_S_P_O_O_K_Y , @BryanDGriffin , @TimWilzon , Bennett McPhatter and Pete O'Brien
#Rittenhousetrial #2A #secondamendment #politics",0,1,"AI

The tweet appears to be discussing a"
Senate Republicans vow to block $3.5T Dem reconciliation bill https://t.co/p2SQmNhXZ1  - @politic_talks #politics #politic,0,1,"stoday
AI

The tweet appears to be"
"EP. 14 #BreakingNews from @Lchavezderemer 
Watch: https://t.co/MdiykHUwxl
Listen: https://t.co/ANryuw01sw
•
#BREAKING #Republican #GOP #Oregon #Politics #Podcast https://t.co/YslIEBmitd",0,1,"AI

The tweet contains a structured format"
"Our Prime Minister will celebrate National Waffle Day bu waffling, like he did on the gun control issue. The Leader of the Opposition will celebrate National Peach Pie Day by promising to bake a peach pie, of which rich people will get the lion's share.
#TuesdayFeeling  #politics https://t.co/vKQ9kBqMvV",0,1,"Assistant: AI

The tweet contains a play"
"Georgia Gov. Brian Kemp & Mary Reichard discuss voting laws, ID requirements, and the push for more federal control over voting guidelines on our podcast today.  #elections #politics  https://t.co/a2p5Sv0uMw",1,1,"AI

The tweet appears to be a factual"
"Whenever i open any news channel website there 90% of articles based on #Politics #Cricket and #Bollywood . This explains why #Indian #media rank poor in the world. Rest of 10% content they include  #FakeNews, #Propegenda sponsored news. Only 1% content are good for us.",1,1,"#MediaBias
AI

The tweet exhibits repetitive"
Stop him immediately. #wrong #politics #BorisHasFailedTheNation #boristhebutcher #Conservatives #BlackLivesMatter #CriminalJusticeReform https://t.co/215cKALnyF,1,1,"AI

The tweet contains a mix of urgent"
Giuliani attacks Biden and his efforts in Ukraine. As SDNY investigates Rudy's possible role as a foreign agent for Russia-backed Ukrainians. Rich. | #politics #trumprussia #ukraine |  https://t.co/SkX29kf42k,0,1,"AI

The tweet contains a mix of factual"
"Women conduct ‘Kisan Sansad’ at Jantar Mantar; SKM to launch ‘Mission UP’ from Lucknow - https://t.co/UjIjeSbQyg 
#medleynews #india #news #FarmersParliament #Singhu #KisanSansad #KisanAndolan #FarmersProtest #rights #politics #MissionUP",0,1,"AI

The tweet contains several hashtags and mentions"
I have one more day to do #politics on #Twitter before my #NYResolution to give up posting my views.  So I’d like it on the record that #Johnson is an absolute #Twunt,0,-1,and I’m done with him.  #Good
Mamata Banerjee’s renewed efforts to patch-up ties with Congress. Watch more in this report. #Newstrack with @rahulkanwal  #MamataBanerjee #Mission2024 #Politics https://t.co/hwfmwgGjsX,1,1,"AI

The tweet contains a mix of factual"
"Lawyers clash with police inside SC premises, NBA general secretary injured
#politics @setopati
#Nepal #NepaliMedia 
https://t.co/dXpvezNmXQ",0,1,"AI

The tweet contains a mix of factual"
Suppressing Speech Damages Democracy https://t.co/tiBUc8BJio #censorship #politics #mainstream #news #socialmedia #domacracy,1,1,"AI
The tweet appears to be generated by"
Via @RawStory: John Oliver eviscerates those willing to lift COVID restrictions as anti-vaxxers begin to die https://t.co/Dcp7My7kI4 | #politics #trump #corruption,1,1,"AI

The tweet appears to be a summary"
We will protect our land no matter what the situation is.  #shame_on_assam #ShameOnHimantaBaswa #shameonassamcm #gobackassam #Politics https://t.co/VJXgvORTkP,0,1,"AI

The tweet contains repetitive hashtags and phrases"
@thehill Make sure to have ur employer sign a form saying if any side effects arise from vaccine that you are going to take them to court b/c vaccine companies have immunity!#USA #NYC #NewYork #politics #Congress #CNN #FoxNews #2A @USArmy @USNavy @WestPoint_USMA @usairforce @USMC #law #1A https://t.co/y1opV4z65D,0,1,"AI

The tweet contains several unusual and unlikely"
"The only fraud in Utah elections? People claiming fraud, says Robert Gehrke - Salt Lake Tribune https://t.co/SiETWpmARL #2020Elections #Elections #Politics #GeneralElection",1,1,"AI

The tweet appears to be a summary"
"CDC Releases Bogus, Inflated COVID Data For Florida … Is That ‘Disinformation’? https://t.co/VLqGkI7xN2 

#DeSantis #CDC #lies #politics #COVID #FloridaCovid #LiberalismIsAMentalDisorder #liberalslie #media #DemocratsAreDestroyingAmerica",0,1,"AI

The tweet contains several characteristics that"
Via JoshTPM: Sick of the CDC Delays? Grow the F Up https://t.co/7iqgglUNGy | #politics #trump #elections,1,1,"AI

The tweet contains informal language (""Grow"
"George Bush, former first lady issue statement on Afghanistan with message to US troops, veterans https://t.co/FiD66pz3ji  - @politic_talks #Politics #Political",0,1,"News
AI

The tweet appears to be a"
#PhnomPenh court hands #CNRP member Pen Chansongkream an 18-month term in #Jail... #RFAKhmer #Politics #Court,1,1,"#Cambodia
AI

The tweet appears to"
"Olympic highlights are joyless, underperforming, devoid of American pride…-  #news #politics - https://t.co/a6k6GFk0LV",1,1,"AI

The tweet appears to be expressing a"
"Crisis in Ondo APC as aggrieved members move to court, push for nullification of congresses - https://t.co/Ple0KjrfJF #Politics #APC #ondo#BBnaija #Messi #Wizkid #Davido",1,1,"AI

The tweet contains a mix of relevant"
"A very accurate account of journalism and how it can be properly presented to people. @VirginiaSWoolf additionally wrote pioneering essays on inventive theory, literary history, women's writing and the power of politics.   #journalism #news #journalist #media #politics https://t.co/bss9KiqS0W",1,1,"AI

The tweet contains a factual statement about"
"In your view, who should be prosecuted for racist and abusive comments made on social media? #SocialMedia #Politics #Polls",1,1,"AI

The tweet appears to be a neutral"
I always think that future generations will follow atheism or adjust faith according to facts and defeat religion with science but it's going backwards..... #HijabControversy #Hindutva #Politics #education #literacymatters,0,1,"AI

The tweet contains a mix of philosophical"
A side by side comparison of the news. Comment on overt bias or under-reporting. Share to support an informed democracy. #news #politics #media #msnbc #cnn #fox - More at: https://t.co/OCTLN0v95U https://t.co/pxOc8nz5ai,1,1,"AI

The tweet contains a call to action"
The Pelosi commission could very well subpoena these network routers as part of the investigation and that would be a bipartisan request showing cooperation between all sides. #politics #voteing #Democrats #GOP  https://t.co/vGyrFBcCwe,1,1,"AI

The tweet contains a mix of factual"
"Pentagon chief heads to Southeast Asia as the U.S. fortifies regional alliances, pushes back against China https://t.co/HjNDnGyxI2 #USA #SoutheastAsia #China #Politics #politicalnews @THECORPMAGAZINE",1,1,"AI

The tweet contains a factual statement about"
Federal government handed out $783.5M in stimulus checks for prisoners https://t.co/WIvicdNDqY  - @politic_talks #Politics #Political,1,1,"News
AI

The tweet appears to be a"
Japan to release 7.5m barrels of oil amid Russian-Ukraine war https://t.co/5YFiIo24uS #Politics https://t.co/eQQT8822Zi #news 137,0,1,"AI or Human: AI

The tweet appears"
"#politics everywhere, #injustice everywhere but @MBuhari own proudly is the #champion of all. https://t.co/3i3z6XYD93",1,1,"AI

The tweet contains a mix of hashtags"
I am worried about the long term stability of this country. We need to be coming together on existential issues like #ClimateCrisis and we can't pull it together to deal with a heath crisis like #COVID19 . I'm pretty cynical. thoughts? #Politics,1,1,"AI

The tweet expresses opinions and concerns that"
Bills would restore partisan elections in St. Louis - St. Louis Public Radio https://t.co/i6jmObb0qX #2020Elections #Elections #Politics #GeneralElection,0,1,"AI

The tweet appears to be a summary"
Political Ambition and Criticism of Trump: The Almanac of American Politics on Hogan – Maryland Matters – Josh Kurtz ChronLaw Politics News https://t.co/h9JUM9vJsF  #Politics #news #law #attorney #lawyer,1,1,"AI

The tweet appears to be a news"
"Hey all! Here's a post you've missed. Read about why....""Being Homeless Shouldn’t Be Criminal."" https://t.co/8jqUsaCoru #Homelessness #Homesforall #Politics #Culture",0,1,"AI

The tweet appears to be generated by"
Sen. Scott warns demonizing police officers while pursuing police reform will reduce forces https://t.co/FXcbg2M4eD  - @politic_talks #politics #politic,1,1,"stoday
AI

The tweet appears to be"
"Hey all! Here's a post you've missed. Read about why....""Being Homeless Shouldn’t Be Criminal."" https://t.co/7TSnMGBNZs #Homelessness #Homesforall #Politics #Culture",0,1,"AI

The tweet appears to be generated by"
Ohio Marijuana Activists Launch Ballot Campaign To Push Lawmakers To Enact Legalization #Featured #Politics https://t.co/ZsEJ6dIuOI https://t.co/jAhxyvLGkl,0,1,"AI

The tweet appears to be a news"
Primary Election results are coming in: See who’s vying to lead your city? - Deseret News https://t.co/hWt7TRidbT #2020Elections #Elections #Politics #GeneralElection,1,1,"AI

The tweet appears to be a generic"
"Do you all remember the Jubilee mediocrity you all celebrated? Well here's is some part of the shitty politics, you guys play in this country. Zero ideology. #Kenya7s  #Politics  #CJMarthaKoome https://t.co/U7zPGZklyu",1,1,"AI

The tweet contains informal language, political"
-Media and Politicians are pushing orchestrated narratives  -The rich are financing it   #COVID19 #politics #chaos,1,1,"AI

The tweet contains a combination of conspiracy"
Britons double-jabbed abroad freed from quarantine rules https://t.co/ctAnJhLT1D #Politics https://t.co/eQQT8822Zi #Britons #double-jabbed #abroad #no #longer #required #to #quarantine #  214,1,1,"63750
AI

The tweet"
Burundi pauses Africa's only rare earths mining https://t.co/VpMpp2QmiE #Politics https://t.co/eQQT8822Zi #Burundi #suspends #Africa's #only #rare #earths #mining #  1000,1,1,"0000000
AI"
@StandWithUs #Israel would save lives by letting #Palestinians return to their land instead of  - shooting 50 of them on the wall  - or exporting organs to another country since they love to help that much. All is #Politics  and #Marketing more than #OrganDonation  #ApartheidIsrael,1,1,"AI

The tweet contains a mix of controversial"
#Politics #Fascism  'Say No To Hate' https://t.co/ohks8iKoFW,1,1,"AI

The tweet appears to be generated by"
Top Bank’s Internship Bars White Men From Applying [Video]…-  #news #politics - https://t.co/J5ob1cKVtu,1,1,"AI

The tweet appears to be discussing a"
"“To sit home, read one's favorite paper, and scoff at the misdeeds of the men who do things is easy, but it is markedly ineffective.” Teddy Roosevelt currently leads the poll by a wide margin. Tune in Tuesday! #politicalcourage #podcast #listen #patriot #work #effort #politics",1,1,"AI

The tweet contains a mix of a"
"#ThursdayMotivation #Politics 
Charles Blow's piece in today's NY Times is a worth taking the time to read --  
The War on ‘Wokeness’ https://t.co/NPgNE6OJt8",0,1,"AI

        Explanation:
        The tweet"
"Central government widens crackdown on Alibaba, Tencent, and other software giants…-  #news #politics - https://t.co/01lfrjeCZr",1,1,"AI

The tweet appears to be a news"
"EDITORIAL: Parties need to offer clear vision for foreign and #security policy #politics | The Asahi Shimbun: Breaking News, #Japan News and Analysis : The Asahi Shimbun https://t.co/7hKix4kIDU",0,1,"AI

The tweet appears to be a news"
Turkey announces new tax cuts to fight high inflation https://t.co/RApV7pdDe9 #Politics https://t.co/eQQT8822Zi #news 212,0,1,"AI
The tweet appears to be a news"
"Let the system crash so we built a proper society is what I say. Fuck the -isms. This life we live today is unbearable, it makes us weak, demoralized, slaves as masses into the control of individuals like Jeff Bezos and Richard Branson. Its pathetic. #politics #economy #slavery",1,1,"AI

The tweet contains a mix of hyper"
Panel established to review Beijing measures on imports of Canadian canola seeds https://t.co/wvPV7xACny #Politics https://t.co/eQQT8822Zi #Panel #established #to #review #Chinese #measures #on #imports #of #Canadian #canola #seeds #  671,1,1,"characters
AI
The tweet contains a mix of"
"#DidYouKnow  The Secretary of State is responsible for certifying all statewide candidates and ballot questions, reports and certifies primary and general election results &amp; also supervises state and local elections.  #SecretaryofState2022 #LeadershipTrustIntegrity #Nevada #Politics",1,1,"AI

The tweet contains formal language and includes"
"#EDITORIAL Before pulling #troops, we needed a safe and orderly process of removing #Americans willing to leave and #Afghans who have helped the United States’ effort to save their country from barbaric #terrorists.

#opinion #politics @JoeBiden 
https://t.co/9tfRKQLR7N",0,1,"AI

The tweet contains a mix of"
#Politics: Tunisia’s president removes prime minister after protests https://t.co/vpbsciM2eg #svgnewsbot https://t.co/dZ7pBPVfME,1,1,"AI

The tweet includes a hashtag (#svg"
UP CM #YogiAdityanath accuses #RahulGandhi of peddling a ‘divisive aam baat’ . Details👇🏼 https://t.co/PPiOTXiPNM . #Politics #Politicalradar #UttarPradesh #UPpolitics #elections #elections2022 #UttarPradeshelections #UPElections2022 @RahulGandhi @myogiadityanath,1,1,"AI
The tweet contains political hashtags and mentions"
Restoring Trust in U.S. Elections Won't Happen Without Going on Offense - Barron's https://t.co/LOQ9YACti3 #2020Elections #Elections #Politics #GeneralElection,1,1,"AI

The tweet appears to be a headline"
Hey all! Here's a post you've missed! Read about why.... 'Low-Income Housing Is Designed To Keep You Poor.' https://t.co/wZongzVNp6 #Poverty #Politics #PublicHousing,1,1,"AI

The tweet appears to be a promotional"
"@bobcesca_go #Money is engineering @TheDemocrats #FAILURE, to defend #WhiteSupremacy &amp; #FASCISM!😒#DENIAL is how the #media thrives, during times of absolute, #MUTINY?🧐#ThePress doesn't #TakeSides is #Bullsh_t!💩🤑#Truth doesn't make money!💰💸#GOP #Politics is #bribery &amp; works!😒#DemsPlayFair!🇺🇲 https://t.co/Lqya1ajLH3",1,1,"AI
The tweet contains several characteristics that are"
How #austerity has worsened homelessness in London https://t.co/FbaGmfp4EC #ToryBritain #politics #homelessness #shelter #poverty https://t.co/vPtby25BXO,1,1,"AI

The tweet appears to be written in"
Election Fraud: Widespread or Not? What happened in Nevada and North Carolina? #politics #elections https://t.co/I2cAZFyB9G,0,1,"AI

The tweet appears to be a neutral"
"Do you think it would be better for #Hungary if PM Orbán lost the election?
#Hungary #hungarian #dailynewshungary #politics #parliament ... - https://t.co/llnMu4xfer",0,1,"AI

The tweet contains a political opinion"
Via JoshTPM: Candidate Under Investigation in PA Road Fatality is Vice Chair of CPAC https://t.co/DXyz0R2jRf | #politics #trump #elections,0,1,"AI

The tweet appears to be a news"
"President Michael D Higgins has written to the Oireachtas to raise concerns about the volume of complex legislation he has been asked to consider in short periods of time
#Ireland #Politics #News https://t.co/ojAuHDsxFx",0,1,"AI

The tweet mentions a specific person ("
"UNICEF warns millions of Lebanese face water shortages via @Reuters 

https://t.co/IE8YHPSnTB 

#Lebanon #crisis #politics #water #food #RegionalSecurity #security #UN #UNICEF #WHO #WFP",0,1,"AI

The tweet contains a factual statement"
Austria to deploy additional troops on eastern border to halt migration flux https://t.co/daFovWj3ca #Politics https://t.co/eQQT8822Zi #Austria #to #deploy #more #soldiers #to #eastern #border #to #halt #migration #flux #  140,1,1,"characters
AI
The tweet appears to be machine"
#TruthInAJoke: How many #Republicans does it take to change a lightbulb? 💡 None. They're afraid of #change- even if it makes the world a brighter place. #Joke #Politics #PoliticalHumor #SadTruth #RepublicansAreTheProblem #ItsNotEvenFunnyAnymore,0,1,"AI

The tweet contains a political joke that"
#Senate votes to advance bipartisan #infrastructure bill as #Democrats push forward with ambitious #economic agenda.  #Politics https://t.co/KmpiTq8XqB,1,1,"AI

The tweet appears to be a news"
"Suicide pods now legal in Switzerland, providing users with a painless death - National | https://t.co/MsN79qNwHd
#News #Politics #Netherlands #JoanneKlineberg #Swiss #TheCanadianPsychiatricAssociation #Justice #Nitschke #Switzerland #Belgium #Time
https://t.co/RfSFcoWJ9V",0,1,"AI

The tweet contains several unusual elements"
"Political analyst @HotlineJosh weighs in on political extremism in both parties and lays out the path to winning over mainstream voters. https://t.co/bRANVEgEYB

#WeLoveOurSpeakers #Politics
https://t.co/FjVsyjk9bR",0,1,"AI

The tweet structure, use of hashtags"
"Based on policy, where do you think Joe Biden fall on the political spectrum. Especially when measured against the rest of the western world? Tell us why you think that in the comments. #Politics #Biden #Liberal #Conservative",1,1,"AI

The tweet appears to be a generic"
Top #RhodeIsland #Democratic strategist had Tweeted before about hoping #Republicans would die during #pandemic https://t.co/alLflNvido #Twitter #politics https://t.co/kWt4eFuSPk,0,1,"AI

The tweet contains a controversial and extreme"
"Rahul Gandhi  announced @CHARANJITCHANNI as chief minister candidate of #Congress party in #Punjab. Rahul said people asked for a gareeb CM who understands them. He praised @sherryontopp &amp; @sunilkjakhar before announcement @INCPunjab @INCIndia 
#PunjabElection2022 
#Politics",0,1,"AI

        Explanation:
        The tweet contains"
"Vatican says it owns more than 5,000 properties…-  #news #politics - https://t.co/gkmENwvX9X",1,1,"AI

The tweet appears to be a factual"
Germany set to charge unvaccinated people for coronavirus tests https://t.co/3ATfhDy6cx #Politics https://t.co/eQQT8822Zi #Germany #to #charge #unvaccinated #people #for #coronavirus #tests #  457,1,1,"AI
The tweet appears to be generated by"
"Its appropriate to quote the saying of Mao Zedong that ""Politics is war without bloodshed while war is politics with bloodshed"", #AshrafGhani fleed to #Tajikistan. #AFGHANISTAN had never been their country of priority
 #Kabul #Taliban at their best of #Politics",0,-1,. The situation is getting worse and the people are
WSJ: Gun-Control Support Drops Amid Growing Crime and Firearm Purchases https://t.co/pikVAdMbIV via @WSJ #USA #Patriot #America #Biden #Trump #Democrats #RedWave2022 #Republicans #Government #crime #policy #Poll #guns #2A #2ndAmendment #elections #Politics,0,1,"AI

The tweet appears to be a summary"
"How to win Elections in India !! 
1) Awards for anarchists (Red Fort)
2) Scrap Longstanding Reforms (Farm Bills) 
3) Propose reservation for locals in private sector 
4) Give freebies 
#Badeconomics #politics #BJP #Congress",0,1,"AI

The tweet contains a list of"
#biden sobbing on about voting rights —- there is no suppression of voting rights by republicans. Lies. I am all  for  voting rights… straight up fair valid voting rights for citizens. #politics,0,1,"AI

The tweet contains a mix of factual"
"knowing what we know now, if you could travel back in time to the general election of 2015, who would you vote for? #politics #uk #UKPolitics #brexit",0,1,"AI

The tweet appears to be a thoughtful"
"Tom Cotton says he'll block Biden US attorney nominee Rachael Rollins, pointing to her lengthy do-not-prosecute list https://t.co/ZjolvJRPJd  - @politic_talks #Politics #Political",1,1,"News
AI

The tweet appears to be a"
"Working-Class Shero: @CoriBush  #politics #justice #WeAreWhoWeHaveBeenWaitingFor 
#KillTheFilibuster",0,-1,#EndMassIncarceration #Vote https
Via @MotherJones: Anthony Fauci Warns US Headed in “Wrong Direction” on Covid-19 https://t.co/cDu2txxXUu | #politics #trump #election2020,1,1,"AI

The tweet appears to be a news"
"Perhaps there wouldn’t be so many jobs infilled if the working conditions were better? 🤷‍♂️ like better wages, less demanding work schedules and more respected working conditions…#NowHiring #work #Unemployment #politics",0,1,"AI

The tweet contains a thoughtful observation about"
"Trade wars &gt; Solar modules are being detained by customs agents, reports suggest https://t.co/lv3Z0Ypwn2 @pvmagazineoz an enforcement action banning the import of solar equipment containing components provided by a Chinese company suspected of using forced labor #politics https://t.co/cFObmG2fjS",0,1,"AI

The tweet contains a mix of factual"
"Amid speculations of Harbhajan Singh joining politics, Punjab Congress chief Navjot Singh Sidhu shares a picture with the cricketer

#Politics #ITVideo | @snehamordani, @vikrantgupta73 https://t.co/lnuIrRN0gP",0,0,"Assistant: Human

The tweet contains a mix"
The US is losing (already lost?) civilian authority over its military…-  #news #politics - https://t.co/DGFBPeysRO,1,1,"AI

The tweet appears to be a concise"
Via @RawStory: Fringe NY candidate who stormed the Capitol revealed by his own campaign’s Instagram account https://t.co/2dn4hiOfNr | #politics #trump #corruption,1,1,"AI

The tweet appears to be a news"
"Beto says he isn't 'interested' in 'taking anything from anyone,' wants to defend Second Amendment https://t.co/kjCRY84wmw  - @politic_talks #Politics #Political",0,1,"News
AI

The tweet appears to be a"
"Bankism - Governments are not structured by taxes, politicians or laws... #Macroeconomics #Banks #Government #Politics #Capitalism https://t.co/DT4SHNwi4u",0,1,"AI

The tweet contains buzzwords and hashtags"
"Journalist says 'no surprise' DOJ halts COVID nursing home probe: 'Democrats take over, it goes away' https://t.co/fRMUqlzLdG  - @politic_talks #Politics #Political",1,1,"News
AI

The tweet appears to be a"
Via @RawStory: US Senate passes Biden's $1.2 trillion infrastructure bill https://t.co/yKVyeve2SN | #politics #trump #corruption,1,1,"AI

The tweet appears to be a news"
Don't you think that the bourgeoisie has ever read the communist manifesto? And that's why you are a Democrat yet you hate liberals ha ha yeah just be independent Republicans are just as bad #Politics #Republicans #Democrats #Mypolitics,1,1,"AI

The tweet contains a mix of political"
Via @RawStory: Trump-loving activist connected to Ginni Thomas has local officials uneasy back home in Georgia https://t.co/cVvM06SJY0 | #politics #trump #corruption,1,1,"AI

The tweet appears to be a news"
Why America is the World’s Most Uniquely Cruel Society by @umairh https://t.co/V8Z7lUpAAT #Life #News #Leadership #Culture #Politics,1,1,"AI or Human: AI

The tweet appears"
"Meet corrupt congressman Eric @RepSwalwell @ericswalwell- Apparently being a man of the people comes with a hefty price tag, and schmoozing with terrorist groups. #politics #TaxandSpend # https://t.co/LwIl063gQS",1,1,"AI

The tweet contains a mix of factual"
The surest way to end vax. hesitancy is to keep #politics/business out of it December: 'Hours before FDA authorized the first COVD-19 vaccine.. White House official told the agency’s chief he could face firing if the vaccine was not cleared by day’s end.' https://t.co/Mivwe9m9NZ https://t.co/Ofxc3jMl52 https://t.co/exbCFWR33V,1,1,"AI

The tweet contains complex political and historical"
"""The question is why anyone who calls themselves a #Conservative can live with what the #PrimeMinister has done to British #politics.""

https://t.co/7CnzKb4Ab8",0,1,"AI or Human. AI

The tweet contains"
Political parties in India still preach 'a casteless society' while pushing ' caste based  reservations '. Colonisation is so deep #votes #elections #India #politics,1,1,"AI

The tweet contains a mix of factual"
"APC shouldn’t celebrate Ohakim’s defection, he’s liability – PDP’s Opuruzor - https://t.co/x61t85ymgj  #Politics #APC #Ikedi Ohakim #Ohakim #Opuruzor #PDP #Wizkid #David",1,1,"Ohakim
AI

The tweet contains multiple"
"Politics: the art of using euphemisms, lies, emotionalism and fear-mongering to dupe average people into accepting - or even demanding - their own enslavement.

Larken Rose #Politics https://t.co/F0K5DzVYvy",0,1,"Assistant: AI

The tweet's content and"
Planet Earth is Burning by @umairh https://t.co/hRjLpXZRhu #Life #News #Leadership #Culture #Politics,1,1,"AI or Human: Human

The tweet appears"
"@chiragpaswan 
https://t.co/K1wnMHPkYL
Shameful parasites..living on Tax payers money..jaldi nikloo..
Good Beginning..
REMOVE all such people
Jai Hind
#Politics 
@PMOIndia",0,1,"AI

The tweet contains language and sentiments"
Reality check for ppl excited by reports of @Conservatives MPs deserting @BorisJohnson. He has 80 seat majority. When Parl Party stab him in back replacement will be sold as sensible adult to unite nation. Electorate will buy this &amp; vote Tory majority. #UK #politics #BorisJohnson,0,1,"AI

The tweet demonstrates a level of political"
"Oregon Governor Kate Brown signs clean energy legislation, sets goal for 100% clean energy by 2040 https://t.co/b25rDvDGCF #Politics https://t.co/eQQT8822Zi #Oregon #Governor #Kate #Brown #signs #clean #energy #bills #sets #goal #for #100% #clean #energy #by #2040 #  160",1,1,"0 characters
AI

The tweet is structured in"
"I’d be upset too @RonDeSantisFL if I helped facilitate 40,000 deaths. All you have to do to end this #madness is, #listen to #Science, #be #safe, and I won’t #run for #Governor against you. I’ll happy go back to my life as a #performer. I don’t really #need #politics in my life",0,1,". #Florida
AI

The tweet contains a"
You won't believe the things hidden in the 1.2 trillion dollar Infrastructure bill. https://t.co/a740Igxeiu  #agenda #InfrastructureBill #hidingthings #democrats #republicans #politics,1,1,"AI

The tweet follows a common pattern used"
#SupremeCourt fines eight political parties Rs 1 lakh for not disclosing the criminal records of their candidates | #Politics | #Video  https://t.co/e2J9IfQmEq,1,1,"AI

The tweet appears to be a news"
Pelosi: No Bipartisan Package 'Until We Have the Rest'; Portman: 'I'm Not Happy With What She Said' | CNSNews #uspoliticalnews #politics #usnews #news https://t.co/4JyhoIIZ3c,1,1,"AI

The tweet appears to be a news"
‘F-ck Him’: Trump Lost It After Israel’s Netanyahu Congratulated Biden https://t.co/a5HJ2qOnbn #Politics #PoliticsNews,0,1,"AI or Human: Human

The tweet contains"
"We will effectively introduce FTA between #India &amp; #UK: PM Modi
#FTA #news #politics #PoliticalNews 
@narendramodi @PMOIndia @YudhvirJaswal https://t.co/obi9mGbSW7",0,1,"AI

The tweet contains a mix of"
White House suggests mythical ‘Long Covid’ could qualify as Federal disability…-  #news #politics - https://t.co/h8GyvmbbRt,1,1,"AI

The tweet contains a factual error about"
BREAKING: Israel set to administer a third coronavirus vaccine shot as a booster for people aged above 60 #News #Economy #Politics,1,1,"AI or Human: Human

The tweet appears"
Via JoshTPM: Wow https://t.co/L4L6aOL51k | #politics #trump #elections,0,1,"AI

The tweet appears to be a short"
"Lingayat MLA tipped to be BJP's next CM in Karnataka, Basavaraj Bommai top contender: Sources  #Karnataka #Politics  (@nagarjund) https://t.co/vYKPwLrkLP",1,1,"AI

The tweet appears to be a news"
The Taoiseach said Mr Coveney has been 'at pains' to point out he was not trying to pull a fast one at Cabinet #Politics #IeMain #News https://t.co/siJt0Iiyco,1,1,"AI

The tweet contains a hashtag (#Politics"
"BOOM! Trump Mocks John Kerry: Ocean Will Rise 1/100th of 1% in the Next 300 F*cking Years!  President Trump was in peak form during his speech tonight in Commerce, https://t.co/cmNGuHSBcC #politics",0,1,"#trump
AI

The tweet contains informal"
"'#Politics Today News: Tunisia political turmoil deepens as president sacks prime minister, suspends parliament #News': https://t.co/nGACrYlgQW",1,1,"AI or Human: Human

The tweet appears"
"How to Avert The End of The World, Redux. https://t.co/d3XoE2lejj #philosophy #ethics #politics #ClimateCrisis https://t.co/VWaL8R7Cd8",1,1,"AI

The tweet appears to be a title"
"CDC Combines Multiple Days of Data into One to Make it Appear Florida is Reporting Record Number of New Daily Covid Cases #News #Politics 
 https://t.co/Rj8ioiXR0D",0,1,"AI

The tweet contains a specific claim"
"Senior European clinical expert: Use of vaccine on children ‘unnecessary, misleading, catastrophic’…-  #news #politics - https://t.co/cOs40BVJ8H",1,1,"AI

The tweet appears to be a news"
In #politics Democrats are presumed guilty until proven innocent and republicans are presumed innocent until proven guilty #sexualharrasment,1,1,"AI

The tweet contains a complex political commentary"
"Israeli Defense Minister announces ‘assistance measures’ following meeting with PA President
#westasia #middleeast #politics #news
https://t.co/apW0Lqd0C7",0,1,"AI

The tweet appears to be a news"
Governor DeSantis announces $250 million to fund improvements at Florida ports https://t.co/5CDQggS5qP #Politics https://t.co/eQQT8822Zi #Governor #DeSantis #announces #$250 #million #to #support #Florida #ports #  743,1,-1,"retweets  1,296 likes"
Twitter suspends pro-family think tank director after tweet opposing 'chemical…  (via @NewsfusionApps #US #Politics News) https://t.co/uCUeITBaZw,0,1,"AI

The tweet appears to be a news"
How do you prepare for an insurrection?  @BrianKarem speaks with newly appointed capitol police chief Tom Manger — listen here: https://t.co/2Xz4GxCBLH  #Politics #PodcastRecommendations #NewsUpdates #CapitolRiot #January6thCommission #Jan6th,1,1,"AI

The tweet contains a mix of factual"
"#LoboHataoCalanguteBachao 
#LoboHataoSiolimBachao 
#LoboHataoGoaBachao #goatmc #goenchinavisakal  #cmofgoa  #calanguteconstituency #makeCalanguteGreatAgain #goagamechanger #politics #GoaElections2022 #calangute#goacongress #aamaadmiparty #aapgoa https://t.co/KSwDwyl9Dj",0,1,"AI

The tweet contains multiple hashtags and"
"Is misinformation a partisan issue? Watch my interview with Dr. Andrew Guess. #misinformation #media #socialmedia #politics #Science 

Full interview: https://t.co/sGWeX59nnh https://t.co/lBbty9uPWS",0,0,"Assistant: Human

The tweet shows signs of"
@OregonGovBrown You’re terrible &amp; only made portland more terrible. Don’t agree? Go to Old town &amp; tell me how anything you’ve done has help the community!? #portland #Politics #drugs #prostitution #guns #openusers,0,1,"#homelessness
AI

The tweet contains a"
"US intelligence indicates Russia preparing operation to justify invasion of Ukraine #politics #Warzone 
https://t.co/sQg06JfUMq",0,1,"AI

The tweet contains a factual statement"
Fort Worth School District offers teachers a course on 'critical race theory' https://t.co/LzLjHRU9vI  - @politic_talks #Politics #Political,0,1,"News
AI

The tweet appears to be a"
Lukashenko: Ukraine buried good relations with Belarus https://t.co/Gn1Z7w9yS2 #Politics https://t.co/eQQT8822Zi #Lukashenko #zamjenska #Ukraine #buried #good #relations #with #Belarus #  446,0,1,"05321
AI

The tweet"
Politics vs. 'Science:' What's Behind Democrats' Sudden Shift on School Mask Mandates?... https://t.co/c31y2kSG7D #politics #vs. #science #what #behind #democrats #sudden #shift #on #school #mask #mandates?,0,1,"AI

The tweet appears to be generated by an"
Election laws need to change - The Riverdale Press https://t.co/wvyEao3Q8l? #2020Elections #Elections #Politics #GeneralElection,1,1,"AI or Human: AI

The tweet appears"
"Even though #Glastonbury #CT is a traditionally #Republican town, #Democrats have controlled the #TownCouncil for four years, and they are running on that record this year.
#politics #election 
https://t.co/OB438f0dhn",0,1,"AI

The tweet contains a mix of"
🔴#BREAKING: Tunisian parliament speaker accuses the president of staging a coup 'against the revolution and constitution.'  #Tunisia | #politics  https://t.co/QiAPsq697e,1,1,"AI

The tweet appears to be a news"
Ted Cruz's question on China sanctions leaves Biden intel official speechless during testimony https://t.co/xuxb43uQi3  - @politic_talks #Politics #Political,1,1,"News
AI

The tweet appears to be a"
"The only fraud in Utah elections is those claiming fraud, Robert Gehrke says - Salt Lake Tribune https://t.co/SiETWpmARL #2020Elections #Elections #Politics #GeneralElection",1,1,"AI

The tweet appears to be a statement"
Via @RawStory: All three Michigan GOP AG candidates attack landmark ruling that prevented the banning of contraceptives https://t.co/C4yRBZ5lBw | #politics #trump #corruption,0,1,"AI

The tweet appears to be a news"
Why are #democrats putting US citizens last? Then they think I should vote for them when they don’t care about the US. @AaronParnas @MeidasTouch @joncoopertweets #politics #ukraine #ukrainian #UkraineRussie #UkraineRussiaConflict #russia #russiaukraine #putin @POTUS #putinswar,0,1,"AI

The tweet contains several political hashtags and"
Via @RawStory: DeSantis claims he's 'happy' with COVID trends in Jacksonville even as ICU beds hit capacity https://t.co/f8xy7SqUDk | #politics #trump #corruption,1,1,"AI

The tweet appears to be a news"
Delhi: BJP National President JP Nadda arrives at the Constitution Club of India for a meeting of North BJP MPs. Uttar Pradesh Chief Minister Yogi Adityanath is also present in the meeting.  #Politics #BJP #YogiAdityanath #UttarPradesh #NewsBite https://t.co/NJIaqXlmLj,1,1,"AI

The tweet appears to be a factual"
"Another clear and impassioned post from @sjwrenlewis: a failed ideology has given us ""a combination of austerity, Brexit and now an ego-libertarian approach to our health [which] are easily enough to explain the UK’s lost decade and the prospect of another to come."" #politics https://t.co/MlvYjITINO",0,1,"AI

The tweet appears to be a factual"
"Navjot Singh Sidhu met CM Captain Amarinder Singh, joined by the 4 newly appointed Punjab Congress working presidents, to outline 5 demands from the state govt. @sherryontopp @capt_amarinder @INCPunjab #NavjotSinghSidhu #Punjab #Politics https://t.co/Sk645hleoC",1,1,"AI

The tweet appears to be a news"
Via @huffpostqueer: Italian Tennis Player Utters Homophobic Slur At Himself During Tokyo Olympics Loss https://t.co/0U2ARojL7F | #lgbtq #lgbt #politics,1,1,"AI

The tweet appears to be a summary"
"If you pump a lie out often enough, it becomes T̵r̵u̵t̵h̵ #politics. https://t.co/0bSf0OBlQe",1,1,"AI

The tweet contains a misspelling"
"DOJ won't investigate 2020 nursing home orders in New York, other states will not face investigation | Fox News #uspoliticalnews #politics #usnews #news https://t.co/uBHNgfiNDA",1,1,"AI

The tweet appears to be a summary"
"The fraudulent nightly network newscasts continue to devote ZERO minutes to crime recently, even though crime is eating away at our cities and our Country. #trump #donaldtrump #donaldjtrump #republican #conservative #trump2024 #MAGA #KAG #usa #politics",1,1,"AI

The tweet contains multiple hashtags and political"
Via @MotherJones: Long List of Top Republicans the 1/6 Committee Should Be Questioning https://t.co/mDYnaMfQ0N | #politics #trump #election2020,1,1,"AI

The tweet appears to be a news"
"Polish region sticks with anti-LGBT resolution despite threat of lo... (POLITICO)

Press play to listen to this article

Add your highlights:
https://t.co/ERpc1P6d26
 #europe #politics #...",0,-1,The tweet appears to be a truncated link to
I don’t want to hear another minute of this “both sides” bullshit. There are Americans and there are GQP. CHOOSE! #BothSides #GQP #GQPTraitorsToDemocracy #Democracy #Democrats #Politics #RepublicansAreTheProblem https://t.co/ojlr1h0HZg,1,1,"AI

The tweet contains several characteristics that suggest"
"How hilariously ironic would it be if Donald Trump runs again in #Election2024, wins, then @TheDemocrats are screaming in their media, ""HE STOLE THE ELECTION!"" #politics #media",0,1,"bias
AI

The tweet displays a level of"
Jan. 6 select committee to launch investigation as #political chaos and controversy deepen #politics  https://t.co/lMxigfuvP1,1,1,"AI or Human: Human

The tweet appears"
Fauci Argues His Baseless Mandates Supersede Your Constitutional Rights https://t.co/OC4ZtyWFZZ #politics #opinion https://t.co/EJc993clbA,1,1,"AI

The tweet appears to be a headline"
"Can you chip in $20 today to help fuel our #DignityTour across #Wisconsin? Together, we will take this inclusive movement to the US Senate. https://t.co/CaoqYPoJt7

#OnWisconsin #GoBadgers #WISEN #dignity #politics #grassroots #Senate",0,1,"#travel
        AI

The tweet contains a"
Via JoshTPM: Candidate Under Investigation in PA Road Fatality is Reportedly Vice Chair of CPAC https://t.co/DXyz0R2jRf | #politics #trump #elections,1,1,"AI

The tweet appears to be a news"
"Since 1978, CEO Pay Has Risen 1,322%. Typical Worker Pay? Only 18% | 'The economy would suffer no harm if CEOs were paid less (or were taxed more).' https://t.co/NjjGOPPLmd   #leftwing #rightwing #trump #politics #conservative #republican #maga #liberal #leftist #feminism #ant… https://t.co/gE7MQdR2ve",1,1,"AI
The tweet contains a mix of factual"
Via @MotherJones: New Report Shows How Trump Keeps Buying Facebook Ads https://t.co/WghawEV1MN | #politics #trump #election2020,1,1,"AI

The tweet appears to be a news"
The racial reckoning comes for… tabletop games?-  #news #politics - https://t.co/Yw92Fa9dmb,1,1,"AI

The tweet appears to be a commentary"
● NEWS ● #Newsweek #Politics ☞ All the Ways America Failed to Stop the 9/11 Terrorist Attacks https://t.co/caR1U8NnGJ,0,1,"AI

The tweet appears to be a news"
"First time in history a woman has held the powers of the Presidency, even temporarily. #women #Politics https://t.co/VHUvhoG0VJ",0,1,"AI

The tweet is factually incorrect as"
President Bidya Devi Bhandari administered the oath of office and secrecy to the newly-appointed provincial chiefs on Wednesday. https://t.co/99KrQz779I #Khabarhub #Politics #ProvinceChiefs #Sworntooffice,1,1,"AI

The tweet contains formal language and mentions"
"UK defense minister says Britain cannot evacuate unaccompanied chil... (POLITICO)

Britain will not be able to fly unaccompanied children out of Afghanistan, Defense Secretary...

Add your highlights:
https://t.co/3bAS3dgA24
 #europe #politics #...",0,0,Human. The tweet appears to be a summary
What's actually in this shot. What are the motives here. Big questions to ask #vaccinepassports #politics #health #COVID19 https://t.co/NBrAQOHApi,1,1,"AI

The tweet contains a mix of questioning"
"M. Aquino, M. Rochabrun /Reuters -Natural gas & hydroelectric targeted sectors by the new peru's govt   https://t.co/5aXD6hxwmv #energy #oil #gas #latam #caribbean #politics #peru https://t.co/lCrEU5Sd9X",1,1,"AI

The tweet appears to be a news"
Fourteen Israelis who had the THIRD jab later infected with COVID-19…-  #news #politics - https://t.co/UBjSnjIIF2,1,1,"AI

The tweet appears to be a factual"
Scotland’s government: It is encouraging to see Scotland’s economy continuing to recover steadily https://t.co/sWCaD4tX7S #Politics https://t.co/eQQT8822Zi #Scotland’s #government #zamjenska #It #is #encouraging #to #see #Scotland’s #economy #continuing #to #recover #  739,1,1,"1202056
AI"
Via @RawStory: Trump continues to 'cast a shadow' that will haunt the GOP: CNN pollster https://t.co/0kQ2KPejQm | #politics #trump #corruption,0,1,"AI

The tweet appears to be a summary"
Via @RawStory: Republican anti-masker has COVID for a second time https://t.co/FgwGHaR40f | #politics #trump #corruption,0,1,"AI

The tweet appears to be a news"
"Via @RawStory: Ted Cruz torpedoes federal voting bill before US Senate leaves for recess, dashing Texas Democrats hopes https://t.co/g9azGhFX4L | #politics #trump #corruption",1,1,"AI

The tweet appears to be a news"
WHEN WOMEN RULED THE WORLD: https://t.co/g6UY0LCEEl Exploring the queens (female kings) of Egypt and all the contexts around their power. #leadership #femaleleadership #feminism #feminist #empire #femaleentrepreneur #management #businessmanagement #ceo #egypt #history #politics #government,1,1,"AI

The tweet appears to be generated by"
"It's questioning objective reality people have a problem with. Almost 700, 000 dead bodies aren't fake. It's selfishness masquerading as freeeeeeeedom that we're tired of. Adults have responsibilities &amp; consequences. Y'all want to act like toddlers on crack. #politics #Delta https://t.co/iRn6oyRTy9",0,1,"AI

The tweet contains complex language, political"
Here’s a Comprehensive List of Top Republicans the 1/6 Committee Should Question https://t.co/4MFlwLdtGq #Politics https://t.co/dPEUSYx7FE,1,1,"AI

The tweet appears to be a recommendation"
"Leading a country is not a personal achievement, it’s about standing for the people and serving your country! . . . . #geopolotics #politics #china #communication #information #beinformed #usa #eu #us #topics #importanttopics #debate #globaltopics #discussion #knowledge https://t.co/t7QFyWKSxT",1,1,"AI

The tweet contains a mix of political"
Via @RawStory: Newsmax host loses it after his bizarre conspiracy theory gets shut down at Capitol riot hearing https://t.co/35b27U2LQk | #politics #trump #corruption,1,1,"AI

The tweet appears to be a summary"
TSA to extend COVID mask mandate for another month https://t.co/1B9KpHz1gb  - @politic_talks #Politics #Political,0,1,"News
AI

The tweet appears to be a"
Chile to ban most internal combustion vehicles from 2035 https://t.co/WS6wV0tFWw #Politics https://t.co/eQQT8822Zi #news 566,0,1,"ms
AI

The tweet appears to be a"
Tim Stanley: Pope Francis’ move proof of a totalitarian liberal orthodoxy that will soon be coming for you…-  #news #politics - https://t.co/cR0ekVyGpn,1,1,"AI

The tweet appears to be generated by"
McCarthy says Pelosi ‘played #Politics’ on the #Capitol riot #Committee. https://t.co/A1nP9EkEoN,1,1,"AI

The tweet appears to be a factual"
Burundi suspends Africa's only rare earths mining https://t.co/VpMpp2QmiE #Politics https://t.co/eQQT8822Zi #Burundi #suspends #Africa's #only #rare #earths #mining #  722,0,1,"AI

The tweet contains several unusual elements,"
"The KP Sharma Oli-led government removed Sherchan as Gandaki governor on May 3, appointing Sita Paudel in his place. #Nepal #Politics #Cabinet https://t.co/Mil9ELZcF9",1,1,"AI

The tweet appears to be a factual"
Courts say COVID-19 relief can’t discriminate against white Americans…-  #news #politics - https://t.co/mh7himro62,0,1,"AI or Human: AI

The tweet appears"
Donald Trump has finally secured the obsequious press he always wanted #media #rightwingmedia #politics #Trump #FormerGuy ⁦@FoxNews⁩ ⁦@OANN⁩ ⁦@newsmax⁩  https://t.co/9GCVi0ZYNs,1,1,"AI

The tweet appears to be generated by"
"Belarusian police detain Olympic skier for violating protest laws via @Reuters 

https://t.co/vPyVswE1bm 

#Belarus #Russia #crisis #violence #Politics #protests #demonstrations #opposition #diplomacy #humanity #RegionalSecurity #UN #EU #ICC",0,1,"AI

The tweet contains a mix of"
"Like government, politics is not a necessary evil but a necessary good.
#onpoli   #cdnpoli    #politics   #freedom     #ChrisSky    #civildisobedience
https://t.co/rJxDDazflG",0,1,"AI

The tweet includes a mix of"
"“Data from the CDC show a sharp increase in the number of Americans experiencing symptoms of anxiety and depression. Are many breaking under the stress?” @HannahDCox @feeonline #economy #news #politics 

https://t.co/Gn56CnoBgz",0,1,"AI

The tweet contains a factual statement about"
Kenyans sue the British army over blaze at wildlife sanctuary via @BBCNews   https://t.co/e6MBvOUqYs   #Kenya #UK #MOD #widlfires #fires #wildlife #habitat #litigation #diplomacy #politics,1,1,"AI

The tweet contains several factual errors and"
My premonition three weeks ago: Leaders-OPINIONS - 06.07.2021  Jelel Ezzine: Saving the University from Itself  This Kafkaesque state of affairs might as well have forced us to change the article’s title to replace “University” with “Tunisia.”  #Tunisia #democracy #politics,1,1,"AI

The tweet contains a mix of formal"
"At COP26, Countries Need to Inject Climate Action with a Shot of Democratic Power #Paris #Glasgow #climatechange #civilsociety #politics #UNFCCC #Activism #Advocacy https://t.co/TxKwVPR7P9 https://t.co/j34pd9iCCj",1,1,"AI

The tweet contains a mix of hashtags"
Pelosi says the president doesn’t have the power to cancel student loans.  https://t.co/QXVqh3JyM8  #BREAKING #congress #students #studentloans #debt #loans #college #law #politics #education @Forbes,1,1,"AI

The tweet contains a factual statement about"
"Looking at who resigns after scandal, are Democrats more ethical than Republicans? A) Yes, Dems commit fewer scandals &amp; take more responsibility B) No, they are about the same C) No, Republicans are more ethical #Poll #Polls #Politics #Cuomo #AndrewCuomo #Gaetz #MTG #McConnell",1,1,"AI

The tweet contains a multiple-choice question"
"Alireza Salimi: LG, Samsung left when we needed them. They should not be allowed back in Iran https://t.co/PmFB0iZ4Ww #Politics https://t.co/eQQT8822Zi #news 283",0,1,"AI

The tweet appears to be a statement"
The race card is the only thing that keeps the Left relevant and they know know it. That’s why they have to keep throwing it in whenever they can #KyleRittenhouse #Politics,0,1,"AI

The tweet contains a specific hashtag (#"
It's so hilarious how I've seen #democrats claim #republicans are attacking Dems even though Dems are the one starting the drama by making up lies about #trump. Dems can dish it out but not take it. #politics #war #wars #russia #putin #ukraine #russian #russians #NFL #lgbt #lgbtq,0,1,"#trans #transgender
AI

The tweet"
"Shiromani Akali Dal leader #NareshGujral said the #Congress should ""look beyond one family"" in order to revive itself | #Politics #SAD | @mausamii2u 

https://t.co/b2coNGCECW",0,1,"AI

The tweet contains a mix of real"
"There are innocent bystanders in every war…and how dare we make them #children. 

Worldwide we’re creating a #GenerationOfOrphans…in the USA we estimate 50,000 children have lost one or both parents…and for what. #Ego, #Greed, #Politics…is it worth it

https://t.co/rPLxktKY8v",0,1,"AI

The tweet contains a mix of emotional"
Side by side comparison of the news. Flag overt bias or under-reporting. Share to support an informed democracy. #news #politics #media #msnbc #cnn #fox - More at: https://t.co/OCTLN0v95U https://t.co/N6Y0SMgWpg,1,1,"AI

The tweet contains a call to action"
Notice how #RWNJs are cookie-cutter copies of each other? They all spout the same “whatever I don’t like is #COMMUNISM” &amp; “having to wear a mask is AGAINST MY FREEDOM” nonsense. I honestly can’t tell them apart. #conservatives #regressives #politics,0,1,"AI

The tweet displays a level of analysis"
Church burned down in Scotland as wave of Antichrist violence continues…-  #news #politics - https://t.co/Gyb8lkeCiV,1,1,"AI

The tweet contains language and themes that"
"ICYMI: “Higher gas prices and heating costs will hurt low-income families the most this winter” #trump #donaldtrump #donaldjtrump #republican #conservative #trump2024 #MAGA #KAG #usa #politics 

Read the full article by Mark Wolf for @CNNBusiness here:
https://t.co/Qzi86hl7x8",0,-1,The tweet includes multiple hashtags related to Trump and
Biden administration says farmers should have right to repair their own farm equipment #Politics https://t.co/1YSvNm6yRb,1,1,"AI or Human.:

Human. 

The"
"Via @MotherJones: Trump Blows Off George P. Bush, “the Only Bush That Likes Me” https://t.co/JsDkbnccDt | #politics #trump #election2020",1,1,"AI

The tweet appears to be a summary"
"@PippaCrerar Ok but what are the actual stats of the unfortunate and tragic deaths, people in hospital and in ICUs? What age range, health conditions, vaccinated or not? Booster jab or not? #media #politics",0,1,"AI

The tweet appears to be asking for"
"(๑ꆨ৺ꉺ) .Vladimir Putin’s War Crimes in Ukraine
▦
Sunday, April 2022
.
[ A ] . MSNBC 
.
Evacuating Russian soldiers
execute civilians 
tying hands behind back
shooting them in head 

[ Video ]
https://t.co/374OyNrRcw
.
#Politics, #News, #World, #Russia, #Putin, #Ukraine, #Bucha",0,1,", #WarCrimes
        AI

The"
2020 will matter more to women than 2018 | Prime Political - via @pensignal #Politics #Voting #MeToo #WomensRights https://t.co/qnP8NaqAAT,1,1,"AI

The tweet contains a mix of current"
U.S. will maintain travel restrictions due to Delta variant https://t.co/lv5HqZHfxU #Politics https://t.co/eQQT8822Zi #U.S. #to #maintain #travel #restrictions #due #to #Delta #variant #  527,1,1,"likes  123 retweets
AI"
Red tape slashed for wine imports to save British wine lovers £130m a year https://t.co/Ct8CVnlaNU #Politics https://t.co/eQQT8822Zi #Red #tape #cut #for #wine #imports #to #save #British #wine #lovers #£130m #a #year #  330,1,1,"AI
The tweet appears to be generated by"
"Hochul leads Cuomo, James, Williams, de Blasio in potential primary... (New York Post)

Gov. Kathy Hochul would handily win a five-way hypothetical Democratic primary for governor ...

Add your highlights:
https://t.co/K8KEt4MMQW
 #NY #politics #nycp...",0,-1,The tweet appears to be a summary of a
Boris Johnson wants U.S. travellers back https://t.co/bn2hA5EHDV #Politics https://t.co/eQQT8822Zi #Boris #Johnson #wants #U.S. #travellers #back #  502,1,1,"characters
AI

The tweet appears to be a"
Commission refers Portugal to Court of Justice for high levels of nitrogen dioxide https://t.co/QsOpS7aUHw #Politics https://t.co/eQQT8822Zi #news 799,0,1,"AI or Human. AI

The tweet appears"
Chinese economic strategy emphasizes industry and hardware over finance and Internet software…-  #news #politics - https://t.co/kMX2uQ0uAN,1,1,"AI

The tweet appears to be a factual"
"M. Aquino, M. Rochabrun /Reuters -Natural gas, hydroelectric among sectors targeted by the new peru's govt   https://t.co/xY4lEi8NFV #energy #oil #gas #latam #caribbean #politics #peru https://t.co/92uiJ8AkvC",1,1,"AI

The tweet appears to be a news"
Via @TPM: Senate Clears $3.5T Budget Resolution In Historic Late Night Infrastructure Push https://t.co/TNBGWCIZmm | #trump #politics #election2020,1,1,"AI

The tweet appears to be a news"
"""The #WinterOlympics should not be part of the political discussion about the host country’s political behaviours.""
https://t.co/2uG7YXnN8G
#CCPChina #geopolitics #ChineseCommunistParty #CCP #China #Olympics #sports #news #politics #HumanRightsViolations #IOC #humanrights #中国",0,-1,冬奥会不应成为讨论东道国政治行为的
"Vice President Kamala Harris says she’s ‘disappointed’ in Rittenhouse verdict, touts infrastructure in Columbus – The Columbus Dispatch

ChronLaw Politics News
at https://t.co/V3naurtARh

#Politics #news #law #attorney #lawyer",0,-1,#infrastructure #Rittenhouse #Harris
Hey all! Check out a post you've missed! Read about why.... 'Low-Income Housing Is Designed To Keep You Poor.'  https://t.co/Di6iTklSyX #Poverty #Politics #PublicHousing,1,1,"AI

The tweet appears to be generated by"
@mjrowland68 @SenatorCash @theage It won't be a corruption watchdog if the LNP set it up. Expect a corruption whitewash. Vote #TNL and get real accountability. @victorklineTNL #auspol #Politics #LNPCorruptionParty,1,1,"AI

The tweet contains political commentary, uses"
"Georgia requiring voter ID = not okay
NY City requiring vaccination ID = okay

#politics",0,1,"#voting #health
        AI

The"
"Brazilians Hear Explosion, Seek Shelter and Try to Flee Ukraine 

#politics #brazil #BrazilianPolitics #ukraine #russia #UkraineRussianWar #UkraineCrisis 
https://t.co/nJ5Sf3A84h by @flamantov via @folha",0,1,"AI

The tweet contains a mix of factual"
Leaked Video Appears To Show Hunter Biden Smoking Crack During Argument With His Dead Brother’s Wife #News #Politics  https://t.co/uatAKL2pFP,1,1,"AI or Human: AI

The tweet contains"
"#POLITICS &amp; #POLICY. #America #enabled #Afghanistan's #corruption for #years. The #Taliban #knew #it.
Time and again, the U.S. seemed to be prioritizing security over efforts to combat kleptocracy. But in the end, it got neither.
https://t.co/FyMebeeeeg https://t.co/gModQwjoAc",0,1,"AI

The tweet contains a sophisticated use"
"Vaccine choice follows politics in US. Why doesn’t it in Germany? | The choice to get the COVID vaccine does not correlate with one’s politics in Germany. That may help reveal what #politics
https://t.co/T6dNsCXfZ4",0,1,"AI

The tweet contains a factual statement"
Bernie Sanders heads to New Jersey as gubernatorial showdown tightens https://t.co/SYVIA9YDl7  - @politic_talks #Politics #Political,0,1,"News
AI

The tweet appears to be a"
South Korean Political Parties in ‘De Facto Agreement’ over Crypto Tax Delay https://t.co/7YM3y0AYrV #BitcoinNews #Tax #Regulation #SouthKorea #Politics,0,1,"AI or Human: AI

The tweet appears"
"India Under-19 star Yash Dhull joins Sachin Tendulkar, Rohit Sharma in elite list with huge feat on Ranji Trophy debut - Hindustan Times #politics https://t.co/QOcY7djCgT https://t.co/dI1LVobsmN",0,1,"AI

The tweet contains a factual statement about"
"Corporate Media Obscures Role of PAC Money in Driving Nina Turner's... (Truthout)

When establishment-backed Shontel Brown defeated Bernie Sanders surrogate Nina Turner in the...

Add your highlights:
https://t.co/8u0k7A5S5Y
 #LeftWing #Politics...",0,-1,The tweet appears to be written in a style
Are #Republicans still true Republicans? @HalliShowQuotes shares her thoughts on how the #GOP became #GQP. #Politics #https://buff.ly/3iDJrs5 https://t.co/9Pfkp731q7,1,1,"AI

The tweet contains a mix of hashtags"
@GeorgeTakei This is what happens when #politics is put above #Science. Now his family is without him. I hope they learn a lesson and don't repeat his dumb mistake.,1,1,"#RIP
AI

The tweet contains a"
"It's not about saving lives, it's about the BILLIONS that were spent to get shots in arms. That's exactly why you see Democrats and Republicans on the same accord BEGGING us to get vaccinated.  #Democrats #Republicans #Politics #Covid19 #Vaccines #Mandates #USA https://t.co/zxBB6nGYEn",1,1,"AI

The tweet contains a mix of political"
most democrats think you DONT have the right to decide your kid's education....YOUR KID! #Politics #LiberalTears https://t.co/5yWtLVobO9,0,1,"AI

The tweet contains a mix of factual"
"The DA, UDM and IFP said the nomination of Nosiviwe Mapisa-Nqakula raises questions. #Politics #ANC #speaker

 https://t.co/EnZsAj4ejy",0,1,"Assistant: AI

The tweet appears to be"
"Two brilliant economists giving a completely different analysis of the current USA-Russia-China conflict than  in mainstream media

Richard D. Wolff @profwolff  Michael Hudson

Grab Bag Imperialism

https://t.co/Kf0wCYDPGt

#Economics #Russia #China #USA #tradewar #politics https://t.co/yF81JAjxLQ",0,0,"Assistant: Human

The tweet references specific economists"
"#Poll: #american Voters Reject @JoeBiden’s #Climate Agenda – Want Reliable, Affordable Domestic Energy #politics  https://t.co/Qce5MuT0Dh",0,1,"AI

The tweet appears to be generated by"
Dems prioritize two House seats held by Black women ahead of midterms https://t.co/H28xfFW9zO #politics #feedly,0,1,"AI or Human: Human

The tweet appears"
How is this still not a criminal conspiracy? #politics  https://t.co/hJPPgGQSDo,1,1,"AI

The tweet appears to be a statement"
Accuser’s Defamation Suit Against Judge Roy Moore’s Campaign Thrown Out By Alabama Judge #News #Politics https://t.co/AqJhDgJqeB,1,1,"AI or Human: Human

The tweet appears"
Analysis: #IndividualOne &amp; @RonDeSantisFL choose #Politics over #Science as the #Corrupt #Florida #Governor actively pushes for his state to have the most #COVID cases in the #UnitedStates. #RepublicansAreTheProblem #Vote #VoteBlueIn22 https://t.co/fVRd5z32qf,1,1,"AI

The tweet contains a mix of factual"
"In this video we'll try to understand what Pegasus spyware is and its seriousness. Also get to know about the recent judgement by the Supreme Court on this issue.

#Pegasus #spyware  #privacy
#politics #india #indianconstitution

https://t.co/3qxSpaVa8p",0,1,"AI

The tweet contains a mix of"
Can employers make COVID vaccines mandatory without lawsuits rolling in? Comment your thoughts… #Covid_19 #DeltaVariant #classactionlawsuit #politics #USA #America #CoronavirusPandemic #coronavirus #antivax #antivaxxers #BigPharma,1,1,"AI

The tweet contains multiple hashtags and a"
"US Senate, Biden reach deal on $1t infrastructure package https://t.co/Yy805MHsQY #Politics https://t.co/eQQT8822Zi #US #Senate #Biden #reach #deal #on #$1t #infrastructure #deal #  708",1,1,"AI
The tweet appears to be generated by"
Biden administration puts forward 'just the first' set of Buy American rule changes | Washington Examiner #uspoliticalnews #politics #usnews #news https://t.co/iLULFX3Jfr,1,1,"AI or Human: Human

The tweet appears"
"Contributions of #RajivGandhi ji cannot be sidelined by petty politics of @BJP4India 
#Politics #BjpDestroyedIndia https://t.co/gAE8Xa4yzC",0,1,"AI

The tweet contains a reference to"
Ukraine invasion: Lawmakers push White House to oust Russia from UN Security Council https://t.co/4glih0l9xD  - @politic_talks #Politics #Political,0,1,"News
AI or Human: Human

The tweet"
"Tensions rise in U.K.’s Conservative Party against mandates, Prime Minister Johnson https://t.co/1pmW6bPIgI  - @politic_talks #politics #politic",0,1,"stoday
AI

The tweet appears to be"
"Former AG Woods Criticizes Maricopa County Election Audit, Sen. Sinema - KJZZ https://t.co/VHufX1UyyU #2020Elections #Elections #Politics #GeneralElection",0,1,"AI

The tweet appears to be a headline"
"We finished up our enthusiastic rally in Orlando, Florida earlier this evening!

The Republican Presidential Primary debate is set for this evening, at 10:00 P EST, 9:00 P CST. 

You can partake in all of my future &amp; outside events by joining the Discord server (in bio)
#Politics",0,1,"#Rally #RepublicanPrimary
AI

The"
MICHEAL OR RICKY: Who will get BJP ticket? Calangute #BJP MLA @MichaelLobo76 reacts to #Tito’s owner Ricardo Desouza claiming to contest on BJP ticket in #Calangute. #politics #goa #elections #congress #goaforward #mgp  https://t.co/FpnQrav6qi,1,1,"AI

The tweet contains a typo (""MIC"
Challenges to Florida's new election law will be heard in January by a federal judge - Orlando Sentinel https://t.co/HZ3N1yeVcB #2020Elections #Elections #Politics #GeneralElection,1,1,"AI

The tweet appears to be a news"
Hong Kong Is Now Seriously Risky for International Business   ForeignPolicy  #security #ForeignPolicy #politics  https://t.co/9u2fyMRSyb,1,1,"AI or Human: AI

The tweet appears"
"So this is the toff telling all Civil Servants to get back to the office and stop WFH. If I return to my place of work and lounge about like the example he's showing here, I'll be out of a job and back at home. #politics #ukp #mogg #CivilServices https://t.co/XEAyoSkN0Z",0,1,"AI

The tweet contains a mix of formal"
Ethiopian parents urgently appeal for help to evacuate students stranded by Tigray war via @Reuters  https://t.co/baY6fDjvdW  #Ethiopia #Tigray #Eritrea #HornOfAfrica #war #conflict #violence #humanity #Refugees #borders #politics #diplomacy #RegionalSecurity #AU #UN #UNHCR #ICJ #ICC,1,1,"AI
The tweet contains multiple hashtags and mentions"
"Not crazy-- DELIBERATE.

The media shares the Democrats' agenda, so that's all you hear.

#politics #corruption #media #bias #PROAct https://t.co/mNg50YwEos",0,1,"Assistant: AI

The tweet contains political commentary"
ICYMI: Milley is considering falling on his sword #trump #donaldtrump #donaldjtrump #republican #conservative #trump2024 #MAGA #KAG #usa #politics https://t.co/A67LuByI9F,0,1,"AI

The tweet contains several hashtags and abbrev"
"What really cud have happened to a #Progressive victory for #OH11 which was bought out by BIG MONEY #POLITICS??! #Cleveland #Akron 

@NinaTurner onLy lost by around 5 points but what factors cud have contributed??! 

MORE: https://t.co/h08RIPBepC",0,1,"AI

The tweet contains several characteristics that"
"No surprise, J.B. Pritzker is running for re-election.  #chicago #illinois #politics   https://t.co/ZfAA5wwHD6",1,1,"AI

The tweet appears to be a straightforward"
"""It is my #belief that #economists &amp; #policy -makers generally have tended to over-estimate the #advantages which come from #governmental #regulation"": #RHCOASE #Economy #Economics #Finance #Book #Quote #School #University #Education #News #Politics #Culture #History #Philosophy https://t.co/iUm2ZJA62o",0,1,"AI

The tweet contains a mix of hashtags"
"New York governor signs bill criminalizing fake Covid-19 vaccination cards 

https://t.co/pRw8lDGzkg 

#leftwing #world #trump #politics #news #maga #liberal #leftist #feminism #antifa #political #donaldtrump #democrats https://t.co/gTsLIKuUFu",0,1,"AI

The tweet contains a mix of"
"Guinea-Bissau president sacks navy chief, army general 
Read More : https://t.co/B5iSj85DjN 
.
#Politics #GuineaBissau #Navy #voicenewsmag #africanews https://t.co/yfpQRbsVxq",0,1,"AI

The tweet appears to be a news"
#Politics #Government #Economy #Democrats —&gt; Centrists Lose Bid to Sabotage Reconciliation as House Advances $3.5T Bill https://t.co/LHlDC1e1dp via @truthout,0,1,"AI

The tweet appears to be generated by"
"California man charged in Jan. 6 U.S. Capitol riot flees to Belarus 

https://t.co/E3enEZGlSl 

#leftwing #world #trump #politics #news #maga #liberal #leftist #feminism #antifa #political #donaldtrump #democrats https://t.co/BuwfL5huMI",0,1,"AI
The tweet contains a mix of"
- Shared Vision vs Totalitarian Control - 'Why should philosophers and artists rank above politicians and psychologists if the goal is to invoke great change?' #philosophy #politics #psychology #art #socialmedia  https://t.co/U6DHcll5i4,1,1,"AI

The tweet appears to be written in"
"NI Protocol: DUP pauses collapse threat ahead of protocol talks (BBC News)

Sir Jeffrey Donaldson was speaking ahead of talks with Foreign Secretary Liz Truss on Monday...

Add your highlights:
https://t.co/CDkY4mDu6v
 #UK #politics",0,0,"#NIProtocol

Assistant: Human

The tweet"
Via @RawStory: Trump's Capitol riot was 'the logical endpoint of the 9/11 era': Ex-Obama adviser https://t.co/G8CEdgYZrO | #politics #trump #corruption,0,1,"AI

The tweet appears to be a summary"
Is this the costliest stock market in history?-  #news #politics - https://t.co/gsGpeNOMMN,1,1,"AI

The tweet appears to be a simple"
"Justin Trudeau pelted with gravel by protesters at campaign stop. https://t.co/lwL8WUgh7H. #voteourvoice, #wearedemocracy, #protest, #uspolitics, #democrat, #republican, #Politics, #MakePoliticiansAccountable, #PoliticalTransperancy, #PoliticalPerformance, #RateMyPolitician,",0,1,"#GravelRain
AI

The tweet contains"
#Republicans; Just ADMIT You're Openly Trying To Cheat!! #politics  https://t.co/SLfbo9Zwhl,1,1,"AI

The tweet appears to be a simplified"
Via @RawStory: Audit quashes conspiracy theories about widespread election fraud in Michigan https://t.co/5Ig5xghfRq | #politics #trump #corruption,0,1,"AI

The tweet appears to be a news"
Putin: Russia will continue to deliver gas. Germany: Nord Stream 2 will not be certified https://t.co/A6ZbMfEWJ1 #Politics https://t.co/eQQT8822Zi #news 246,0,1,"AI

The tweet appears to be a summary"
Via @RawStory: The Trump-Putin killer weed has deep roots — in New Jersey's swamp of corruption https://t.co/J5StLVDqmb | #politics #trump #corruption,0,1,"AI

The tweet appears to be a headline"
#NewsBreak   #Poland 's ruling coalition topples after #PM ousts deputy   #pakustv #NYC #politics #Gowinout #warsaw #Europe #Morawiecki  https://t.co/KBZCD4zsTE,1,1,"AI

The tweet contains a mix of hashtags"
BREAKING: Israel to roll out third coronavirus vaccine shot as a booster for citizens aged 60 and above #News #Economy #Politics,1,1,"AI or Human: AI

The tweet appears"
"Seemingly, no one at a potential 100-person boozy lockdown gathering was able to predict it would upset the general public

As a lot of people in Boris Johnson’s life have discovered, there is a point where… https://t.co/1V2ffDPNnL #BorisJohnson #Politics https://t.co/fsChgu0o83",0,1,"AI

The tweet contains a reference to Boris"
"Via @CharlesMBlow: Mr. President, You’re Completely Wrong on Voter Suppression https://t.co/VPwLIBHUwi | #politics #trump #maga2020",1,1,"AI

The tweet appears to be a short"
"'As Walter Benjamin suggested, the only solution to @BorisJohnson’s attempt to recast #politics as mythology, is to expose the politics of his #myths.'#Britishness #Totalitarian #UKPolitics #Identity https://t.co/T9Z90GN1or",1,1,"AI

The tweet appears to be written in"
"Doctor and Senator Rand Paul Urges Americans to Resist Regime Mandates and Petty Tyrants: “It’s Time for Us to Resist.  They Can’t Arrest All of Us…” (VIDEO) #News #Politics 
 https://t.co/1tv1hvCiMD",0,1,"AI

The tweet contains political commentary and"
EU says it is on course to meet 70% vaccination target by end summer via @Reuters  https://t.co/o49GsOJXn8  #EU #Europe #WHO #COVID19 #vaccines #DeltaVariant #covidvariants #healthcare #medicine #science #research #workers #economy #politics #recovery #workers #families #travel,1,1,"AI

The tweet appears to be a news"
"With 7 Texas cities in the top 15 fastest growing cities, democrats are set to destroy another great state. The trend is real. The great divide will get worse. Elections more meaningless with TX, CA and NY block. #Politics 
#thirdparty 
https://t.co/aPVp9uQOrE",0,1,"AI

The tweet contains political commentary and uses"
"The #PROAct would nullify the right-to-work laws in 27 states, and force 57 million independent contractors and #freelancers to be treated as employees. 

They would lose their independence, and perhaps their jobs. 

=&gt; https://t.co/KSRrqgjuUq

via @BDTonline #smallbiz #politics",0,1,"AI

The tweet contains a mix of factual"
Tunisia tries to reassure amid Ennahdha's push for early elections - Al Jazeera English https://t.co/jIP8PeUwDc #2020Elections #Elections #Politics #GeneralElection,1,1,"AI

The tweet appears to be a news"
"We need a third party president, we need change,  we are seriously over due for a governmental and political correction. #Republicans #democrats #Leftist #right #extremism #politics #government #USA",1,1,"AI

The tweet contains a mix of common"
"Boris Johnson reportedly wants to replace Gavin Williamson as education secretary with Kemi Badenoch, known for her attacks on so-called “woke” education campaigners, it has been claimed. Would you support or oppose this replacement? #Politics",1,1,"#Education
AI

The tweet contains a factual"
Is America Still That Great? - via @pensignal #Politics #Immigration #Equality #Racism #Patriotism https://t.co/qW8Cnw4tD8,1,1,"AI or Human: Human

The tweet appears"
Via @RawStory: Ted Cruz skewered for whining the 1/6 committee isn't bipartisan after voting against a bipartisan commission https://t.co/HQwg20JO9U | #politics #trump #corruption,1,1,"AI

The tweet appears to be a summary"
Via @RawStory: Trump White House doctor weaseled his way out of House rules against book advances: report https://t.co/1AhhWRtS3K | #politics #trump #corruption,0,1,"AI

The tweet appears to be a summary"
I just published Who Could Be Surprised That Trump Says He’ll Be Reinstated? He seems really serious. The polling on this story is incredible. https://t.co/xdzza3Ktlu  #Trump  #Politics,1,1,"AI

The tweet appears to be written in"
@Waheed_Omer @drabdullahjadrn @YusufMoeed Afghans lose their lives daily and  Pakistan says it’s #politics,1,1,". #Afghanistan #Pakistan
AI"
I haven’t read the 1.5T infrastructural bill. Why are people upset about this? #politics #Congress #InfrastructureBill,0,1,"AI

The tweet appears to be generated by"
"Gaetz, Greene, and Gohmert blocked from the jail while attempting to visit the Jan. 6th '#political prisoners.' #politics  https://t.co/I8Xghz4GCc",1,1,"AI

The tweet appears to be referencing political"
Tunisia must learn from its neighbors that strongmen are not the answer  A highly informative and useful piece by @FishereEzzedine  #Tunisia #Politics https://t.co/lVlXw2rsFi,1,1,"AI

The tweet appears to be written in"
Nancy Pelosi Makes Insane Decision on Joe Biden’s State of the Union Address https://t.co/zskapNqwDr #FEATURED #OPINION #POLITICS,0,1,"AI

The tweet appears to be a headline"
Tulsi Gabbard: Ahmaud Arbery verdict shows America isn't a racist country https://t.co/nD2k0ZNLZS  - @politic_talks #Politics #Political,0,1,"Talks
AI

The tweet appears to be"
Pentagon releases religious exemption guidelines for bypassing mandatory vaccine https://t.co/RXxNvL85mi  - @politic_talks #Politics #Political,0,1,"News
AI

The tweet appears to be a"
Texas ambulance hijacked with hospital patient and EMT onboard https://t.co/vN5kfollAk  - @politic_talks #politics #politic,1,1,"stoday
AI

The tweet appears to be"
"While many Schizophrenics fear for their life and the possible future outcome of what happen next, transgender people are widely accepted and seen as normal and beyond question while society ignores the real issues.   #politics #transgender #lgbt #lgbtqia #lgbtq #gender #sex",1,1,"uality
AI

The tweet contains complex ideas and"
UK launches consultation on implementation of global minimum tax for large multinational groups https://t.co/KeUL1xM6qn #Politics https://t.co/eQQT8822Zi #news 410,0,1,"characters
AI
The tweet appears to be a"
Biden’s occupational licensing executive order should serve as a model for state lawmakers | Washington Examiner #uspoliticalnews #politics #usnews #news https://t.co/VIbJsWqfCo,1,1,"AI or Human: Human

The tweet appears"
Via @RawStory: New report makes clear Trump knowingly lied to his supporters to get their money: former special counsel https://t.co/vtoz0enKUJ | #politics #trump #corruption,1,1,"AI

The tweet appears to be a summary"
Via @RawStory: US maintains China's sea claims have 'no basis' in international law https://t.co/bFspJWdRJK | #politics #trump #corruption,1,1,"AI

The tweet appears to be a news"
"US Senate, Biden reach deal on $1t infrastructure agreement https://t.co/Yy805MHsQY #Politics https://t.co/eQQT8822Zi #US #Senate #Biden #reach #deal #on #$1t #infrastructure #deal #  708",1,1,"characters
AI

The tweet appears to be a"
"WSJ: Putin Troop Buildup Near Ukraine Raises Concerns of Potential 2022 Invasion, U.S. Officials Say  https://t.co/POj6eZU2jI via @WSJ #USA🇺🇸 #America #1A #2A #Biden #Trump #Trump2024 #freedom #Patriots #Democrats #redwave #Republicans #Russia #Ukraine #news #Politics",0,1,"AI

The tweet appears to be a news"
"@DarbysCastle The #GOP (including #Barr) says it was all just #Politics... 
and we can't criminalize #Politics.
When the politics turn criminal, we must punish those responsible or we give up on #Democracy.",0,1,"AI

The tweet contains a mix of"
"Outside Ronald Reagan Presidential Library tonight, where #Trump supporter Charles DiMauro insists the former president won in November: “Trump won. It’s not over yet. It will be proven.” #politics https://t.co/FPRachNBjR",1,1,"AI

The tweet contains a mix of factual"
Police pursuit of stolen bus derailed by new Washington law | Washington Examiner #uspoliticalnews #politics #usnews #news https://t.co/f6TgMIAMfV,1,1,"AI

The tweet appears to be a news"
NJ election live updates: Gov. Phil Murphy gives victory speech in Asbury Park - https://t.co/W3gqMBedZr https://t.co/MujIQYAnTT #2020Elections #Elections #Politics #GeneralElection,0,1,"AI or Human: Human

The tweet appears"
"This is where we have to talk about consent. Unless you obtained CONSENT from people around you to put them in serious danger of contracting Covid FROM YOU because of your urge to play politics over everyone's safety, you are a criminal. #Covid_19 #Compassion #Politics",1,1,"AI

The tweet contains a mix of serious"
"A @SouthwestAir  pilot is now under an internal investigation after using an #antiBiden (@potus) insult. Southwest says it does not condone its employees sharing personal political opinions while working. #biden #boycott #GOP #politics #fired

https://t.co/GaJyP7sCIQ",0,1,"Assistant: AI

The tweet contains a mix"
"It was a striking turn of events, since at one point in the pandemic, the New York governor was considered to be one of the most powerful and important members of the Democratic Party. #blacknews #blacktwitter #news #politics

https://t.co/NydZRvhMJY",0,0,"Assistant: Human

The tweet contains a nuanced"
The racial reckoning comes for… classic board games?-  #news #politics - https://t.co/Yw92Fa9dmb,1,1,"AI

The tweet appears to be a commentary"
"#Politics This is what the Govt and councils call ""Housing"".  Planning approval now to go 4 story high.  About as wide as a dble garage.  Nowhere for kids to play except on the street.  Massive potential slums in the making. https://t.co/hFOzKSZ6QK",0,1,"AI

The tweet appears to be written in"
"I said, '#politics isn't just about claiming there's a need to #fight #climatechange and that action must be taken to #help the #homeless.  It's simple to talk, but people expect you as a #politicalfigure to present concrete #solutions and make them happen.'",1,-1,The tweet is from a verified account of a political
"Via @RawStory: France, Germany reject Putin demands for gas payments in roubles as 'blackmail' https://t.co/OvAGZIj6rY | #politics #trump #corruption",0,1,"AI

The tweet appears to be a news"
Marjorie Taylor Greene Blasts Mitch McConnell Over ‘Dirty Politics’ Aimed at Herschel Walker – Newsweek ChronLaw Politics News https://t.co/8GVmS4aTEt  #Politics #news #law #attorney #lawyer,1,1,"AI

The tweet appears to be a news"
"Republican Lawmakers Gearing Up To Scuttle Mr. Biden’s Outlandish Spending Plans #Republican #lawmakers #Biden #spending #inflation #politics #economy #Trump “Mr. Biden’s White House has shifted the way it talks about inflation, as polls show increasing voter c… https://t.co/4rMX8IcF1L",1,1,"AI

The tweet contains a mix of factual"
Schools dillema about masks: easy. Masks is not factor. Kids should stay home  and learn over zoom...or just get vaccinated...this is so simple  #COVID  #school  #politics,1,1,"AI

The tweet contains a mix of informal"
https://t.co/Nso0ss6FTr  This video by me is informing the BJP government that the farmers' loss and suffering in the last 5 years should be cleared by the BJP government. #Politics #farmer #indianfarmer #kannada #Karnataka #yediyurappaResigns #BasavarajBommai #KarnatakaCM,1,1,"AI

The tweet contains several elements that are"
"Riots, Not Protests: Corporate Media Is Gaslighting You | Opinion  #CriminalLaw #Justice #LawEnforcement #News #Politics #Washington #DC   https://t.co/YX5SE0u2vK",1,1,"AI

The tweet contains a mix of current"
I hate traitors!!!!!!!  #FuckTrump #ArrestTrumpNow #ArrestTrump #HoldThemAccountable #Politics #Trending #TraitorsSupportTraitorTrump https://t.co/ZQ1aY1tfAv,1,1,"AI

The tweet exhibits characteristics of automated content"
"July 26, 1961 - Financier Bernard M. Baruch met with President Kennedy today; afterward he said the U.S. has 'all the resources to do all the things that need to be done' in the Berlin crisis. 'There is no reason to get excited about it,' he added. #JFK #politics #communism https://t.co/1eSsUUFwBL",1,1,"AI

The tweet appears to be a factual"
"""Donald #Trump would wave around a lug wrench and it'll rile up his base. He'll use almost anything."" — Jesse Ferguson

Discover More ➡️  https://t.co/X7llbxurrq #JesseFerguson #Facebook #Twitter #Politics #NeverTrump #Resist https://t.co/M9gyq7EZjA",0,0,"Assistant: Human

The tweet appears to be"
#Politics The Helen Clarke Foundation is nothing more than a lobby group for the govt. Pushes policy and legislative goals of Govt. Like pushing for another marijuana vote.  Their funding also needs investigation.,0,1,"#NZ
AI

The tweet appears to be"
"The US government can tolerate wealthy Arabs for money, but what I can't stand is that people don't mind that their country doesn't have human rights.

#news #politics  #media #msnbc #cnn #fox #Deltacron Morgan Freeman https://t.co/W9DRF0Sehx",0,1,"Assistant: AI

The tweet contains a mix"
Georgia's GOP congressional battle to replace Jody Hice heats up https://t.co/5CiIU0hmoA  - @politic_talks #Politics #Political,1,1,"News
AI

The tweet appears to be a"
"The Cellebrite Wars: Moxie's Stunt and Freddie's Phone | emptywheel (emptywheel)  On April 21, the guy behind the Signal encrypted texting service, Moxie Marlinspike, wrote a piece...  Add your highlights: https://t.co/ZjTcBlcMnk  #LeftWing #Politics...",1,1,"AI or Human? Human. 

This tweet appears"
Breaking: We’re bombing the hell out of Afghanistan right now…-  #news #politics - https://t.co/1cvjegB62W,0,1,"AI

The tweet contains language and formatting that"
"With @JustinTrudeau cabinet mix up yesterday that had numbers grow in costs AND in members... folks, #Politics will always be pricey. Is there a political party out there that would be able to lead for free? Heck No! Lets see what this @liberal_party staff can do! #Canada https://t.co/1ozahphAWV",0,1,"AI

The tweet contains a mix of casual"
Via @TPM: The Right Wing Media Wurlitzer Blew A Fuse Over The Opening Jan. 6 Hearing https://t.co/tK1AFQijvd | #trump #politics #election2020,1,1,"AI

The tweet appears to be a summary"
"#Texas #USRepublicanParty #Ohio #Elections #Politics Trump injects $348,000 into Ohio GOP primary after Texas loss to avoid going 0-2 - CNBC https://t.co/ZTJ0KKtCv3",1,1,"AI

The tweet contains a mix of political"
Ex-(R) Charlie Dent gives #Pelosi the keys to undermining McCarthy's attacks on the #capitol Terrorist Investigation #politics  https://t.co/JtrioD0nha,1,1,"AI

The tweet contains a mix of political"
"More than 75% of UK adults have now had both Covid jabs, the government says. Have you been impressed with the governments vaccine rollout? #Vaccine #Coronavirus #Politics #Twitter #Polls",1,1,"AI

The tweet contains a factual statement about"
South Korea pledges nearly $2 billion to become major COVID-19 vaccine producer https://t.co/CJvko6akWP #Politics https://t.co/eQQT8822Zi #South #Korea #pledges #nearly #$2 #billion #to #become #major #COVID-19 #vaccine #producer #  154,0,1,"AI
The tweet appears to be machine-generated"
"Via @RawStory: Americans demand Michael Flynn be arrested after he 'jokes' about assassination in Washington, DC with his new gun https://t.co/hWgHty4Hlg | #politics #trump #corruption",1,1,"AI

The tweet appears to be a summary"
5 things Mamata Banerjee revealed following her tea meeting with Sonia Gandhi  #MamataBanerjee #SoniaGandhi #India #Politics  https://t.co/zGglebFopj,1,1,"AI

The tweet appears to be a summary"
Johnson proposes hi-vis chain gangs as part of crime plan: Punishment for antisocial behaviour forms part of proposals that also boost stop and search powers Offenders guilty of anti-social behaviour should be in… https://t.co/JOHT6ZLKZK #Crime #BorisJohnson #Politics https://t.co/DruzqsnW4f,1,1,"AI

The tweet appears to be a news"
Commission opens infringement procedures against 12 Member States amid claims of unfair trading practices https://t.co/bQUdiBAu8H #Politics https://t.co/eQQT8822Zi #Commission #opens #infringement #procedures #against #12 #Member #States #for #unfair #trading #practices #  386,1,1,"0 characters
AI

The tweet appears to be"
Side by side comparison of the news. Comment on overt bias or under-reporting. Share to support an informed democracy. #news #politics #media #msnbc #cnn #fox - More at: https://t.co/OCTLN0v95U https://t.co/VyKZBUnYvX,1,1,"AI

The tweet appears to be generated by"
Two state senators in PA are preparing bipartisan legislation for psilocybin therapy. The legalization effort follows similar proposals in MA and CA. We have more details here: https://t.co/JSsdDaMRFl  #legaliztion #Psilocybin #politics,1,1,"AI

The tweet contains a factual statement about"
"Afghanistan news: Latest on Taliban takeover, refugees and US withdrawal
#breakingnews #news #china #trump #biden #photo
#Afghanistan #AfghanistannewsLatestonTalibantakeover #latest #news #Opinion #Politics #refugees #refugeesandUSwithdrawal #Takeo...
https://t.co/yyzDgg8iXm",0,1,"AI

The tweet contains a mix of relevant"
Iowa Governor Reynolds to challenge Biden Administration’s vaccine mandate rule https://t.co/C7Sr7frkTB #Politics https://t.co/eQQT8822Zi #news 323,0,1,"retweets 145 likes
AI"
"Lukashenko says Poland pursuing border conflict, not Belarus https://t.co/wQwZX1PKH1 #Politics https://t.co/eQQT8822Zi #news 397",0,1,"AI
The tweet appears to be a news"
"@pastorlocke As a follower of Jesus, I try to let love steer my words (words are the tools of creation). Name-calling and hateful rhetoric feel more like man-made religion than spirit-led faith. If that’s what you’re after, great job. #masks #politics #religion #Jesus #fools",1,1,"AI

The tweet contains a mix of religious"
"Striking Coal Miners Are Demanding $1.1 Billion From World's Larges... (Truthout)

This article was first published at Labor Notes.

Add your highlights:
https://t.co/hHEKX2KJ51
 #LeftWing #Politics...",0,-1,The tweet appears to be a truncated link to
"#UPElections2022 | As visuals and photos of the mass rallies and public appearances by politicians surface, it seems both lawmakers, as well as citizens, have forgotten one vital aspect of existence - the #COVID19 pandemic. 

#UttarPradesh #Politics

https://t.co/8Sk6TcT277",0,1,"AI

The tweet contains a mix of political"
"@diana_murphy613 I can't help but think if this is really about keeping us safe or the appearance of keeping us safe.  

Mabey this sort of nonsense is inevitable when politicians get involved in health care decisions.

#politics",0,1,"#healthcare #safety
AI

The"
"Beijing Urges US To Cease Demonising China, Change Its Stance #UnitedStates #China #Beijing #Politics #WorldNews #briflynews https://t.co/Bj1K61Ihn3",1,1,"AI or Human. AI

The tweet appears"
"West Virginia has at least one good politician:
Natalie E. Tennant: A Profile in Courage
#WV #JoeManchin #Politics #Vote #PoliticalScience
https://t.co/TcC0qOvCFU",0,1,"AI

The tweet contains a specific reference"
"Deposed Burmese Leaders Are Now Changing Their Tune on Human Rights... (Truthout)  The United Nations (UN) has long characterized the Rohingya Muslims, a religious and ethnic minority subjected to systematic persecution and denial of citizenship...  Add your highlights: https://t.co/ERgsTxFSJD  #LeftWing #Politics...",1,1,"AI
The tweet contains a mix of factual"
Haitian presidential security chief arrested over assassination https://t.co/Jh3eTSHbGv #Politics,1,1,"#Crime
AI or Human: Human

The"
"This is where we have to talk about consent. Unless you obtained CONSENT from people around you to place them in serious danger of contracting Covid FROM YOU because of your urge to play politics over everyone's safety, you are a criminal. 

#Covid_19 #Compassion #Politics",0,1,"AI

The tweet expresses a strong opinion on"
How Cuomo's Memoir Became a Cautionary Tale https://t.co/cieG8OhZtg via @nytimesbooks #politics #read https://t.co/ETrnrPaeQ3,1,1,"AI

The tweet appears to be a headline"
"As many predicted, J.B. Pritzker is running for re-election.  #chicago #illinois #politics   https://t.co/ZfAA5wwHD6",1,1,"AI

The tweet appears to be a straightforward"
"Norway shows us glimpse at the future as electric cars make gas-powered car sales vanish
#News #Politics #Ford #Electrek #Model #Norway #EVs #Subscribe #MustangMachE #TeslaModel3 #EV
https://t.co/Uxggd3yWC9",0,1,"AI

The tweet contains multiple hashtags and mentions"
I had the opportunity to meet with some of the youths in the community and it was an awesome experience. I encouraged them to be fully prepared and get involved in #Politics&amp;Government and endeavor to be the change the third force needs. https://t.co/tE9mzNqldY,1,1,"AI

The tweet contains a message that is"
Kevin McCarthy slams Nancy Pelosi over Jan. 6 committee picks #uspoliticalnews #politics #usnews #news https://t.co/Ydd5FRsWab,0,1,"AI or Human: Human

The tweet appears"
"Today’s cartoon on the Taliban take over of Afghanistan!

More on https://t.co/dTOPBMofT0 or @whispersinthec 

#Taliban #Afghanistan #Pakistan #Warzone #cartoon #bureaucracy #politics #corporate #law #news #BREAKING #BreakingNews https://t.co/sJP6AzTMNh",0,1,"AI

The tweet includes a mix of hashtags"
Via @RawStory: McCarthy lost it during heated call with Pelosi as she rejected his picks for Capitol riot committee: report https://t.co/SDCplQOgEc | #politics #trump #corruption,1,1,"AI

The tweet appears to be a summary"
Nothing has changed…it’s deep rooted #politics @ADOCDunn @GovernorKayIvey what are you’ll getting paid to do? @RepEngland70 keep the pressure on!! #Morals https://t.co/wiEyXcjnto,0,1,"AI

The tweet contains a mix of natural"
"Same-sex partners win survivors benefits after Justice Dept. dismisses lawsuits 

https://t.co/Dn5lKlDMFW 

#leftwing #world #trump #politics #news #maga #liberal #leftist #feminism #antifa #political #donaldtrump #democrats https://t.co/93d7VklJ9d",0,1,"AI
The tweet contains a mix of"
@JKAmbika @cpimspeak #Politics itself is an embodiment of #Hypocrisy and #CPI is at the helm of it in the perspective of current #Kerala,0,-1,elections. The #CPI is just a puppet
NRCC Chairman: GOP will retire Pelosi once and for all | One America News Network #uspoliticalnews #politics #usnews #news https://t.co/n4IEKi9gt0,1,1,"AI

The tweet appears to be a news"
Connecticut minimum wage expected to increase on Sunday https://t.co/rtKQukdobQ #Politics https://t.co/eQQT8822Zi #Connecticut #minimum #wage #scheduled #to #increase #on #Sunday #  319,1,1,"characters
AI
The tweet appears to be a"
"What is so sad , political trolls on line are talking the most foolishness , this is a serious matter , but they trying to spin what happen yesterday , thank god for the Constitution , because it is the superior law of the land .  #politics #bahamas #politicsnews https://t.co/4lRoCxVPD0",1,1,"AI

The tweet contains a mix of informal"
"Q: So, what's the solution ?  A: Make #Indian #politics clean.   Q: How to do it ?  A: Ban corrupt #politicians from politics.   Q: Who will do it ?  A: @PMOIndia @HMOIndia @FinMinIndia   Q: Will they do it ?  A: NEVER.   Q: Why ?  A: They are hopeless and useless.",1,-1,Q: What's the alternative ?  A
Burundi shuts down Africa's only rare earths mining https://t.co/VpMpp2QmiE #Politics https://t.co/eQQT8822Zi #Burundi #suspends #Africa's #only #rare #earths #mining #  1000,1,1,"+ retweets
AI

The tweet contains several"
EU’s Von der Leyen: Financial sanctions target 70% of Russian banking market https://t.co/fW2t3yxIyu #Europe #Ukraine #EURUSD #Politics,0,1,"AI

The tweet appears to be a news"
"Laschet's bid to lead Germany takes a pounding in the polls (POLITICO)  FRANKFURT - As Germany's election campaign enters its final rounds, the conservative front-r...  Add your highlights: https://t.co/h3yGChC7yN  #europe #politics #...",1,1,"AI or Human: Human. 

The tweet appears"
"UN urges Sudanese forces to stop firing at protesters 
Read More : https://t.co/nP29Ow2rD6 
.
#Politics #protest #Sudan #UN #voicenewsmag #africanews https://t.co/Qi2NEwrONE",0,1,"AI

The tweet contains a factual statement"
"Inside California Politics: Maskless lawmakers at SoFi Stadium face criticism – FOX40

ChronLaw Politics News
at https://t.co/48PG8Swm9K

#Politics #news #law #attorney #lawyer",0,-1,#California #FOX40 #SoFiSt
Side by side comparison of the news. Comment on overt bias or under-reporting. Share to support an informed democracy. #news #politics #media #msnbc #cnn #fox - More at: https://t.co/OCTLN0v95U https://t.co/Z2fhQ0CN4z,0,1,"AI

The tweet appears to be generated by"
Via @RawStory: Arizona taxpayers could be on the hook for a $9 million bill after GOP subpoenas routers: report https://t.co/tOzcNh7ppF | #politics #trump #corruption,0,1,"AI

The tweet appears to be a news"
Bolsonaro's 'land grab' bill passes Brazil's lower house https://t.co/HNSkmFu34u #Politics https://t.co/eQQT8822Zi #Bolsonaro's #'land #grab' #bill #passes #Brazil's #lower #house #  586,0,1,"AI

The tweet contains multiple consecutive hash tags"
"🔥 How Much Longer Can America Suffer Under The "" J.B. Administration""!?  Do You Think The January Insurrection Was The Last Straw? It Was Only The First!!! Keep Your Eyes On Pennsylvania Ave. 👀

#BREAKING
#BreakingNews
#Trending #TrendingNow
#news
#politics #law
#MAGA #lol",0,1,"AI

The tweet exhibits characteristics that are"
Saroya's election was considered to be an anomaly because he was the sole candidate in Canada to pick up a seat from the Liberals. https://t.co/GgHvOrndpt #onpoli #cdnpoli #ugly #conservative #politics https://t.co/WeXzf0Blrf,1,1,"AI

The tweet contains a factual statement about"
"@POTUS 

fine.

#politics alone then

This one is for the #People 

#Capitalism = #Money = #Survival = #slavery 

#UniversalBasicIncome = #Humanism = #Freedom = #Reparations 

jesus am i the only #writer who cares about this shit?",0,-1,"It's a bit long, but I think"
"Whilst our response to the situation in #Ukraine should be proportional, it currently seems underwhelming 🤔#westminster #politics",0,1,"AI

The tweet appears to be written in"
"I would cry over the loss of the CB's independence, but there is nothing left to cry over anyway. I'm sure having a bond scammer running the show will inspire even more confidence in outsiders 🙄
#SriLanka #Politics #Corruption #lkaeconomy #forexcrisis https://t.co/LdTE5DduiO",0,1,"AI

The tweet contains a mix of political"
"July 26, 1961 - Financier Bernard M. Baruch met with President Kennedy today and said afterward that the U.S. has ""all the resources to do all the things that need to be done"" in the Berlin crisis. ""There is no reason to get excited about it,"" he added.

#JFK #politics
#communism https://t.co/1eSsUUFwBL",0,1,"Assistant: AI

The tweet contains historical information"
#tories wallowing in sleaze whilst @BorisJohnson #boris tries to distance himself. #uknews #uk #borisout #NeverVoteTory #uklabour #news #ukpolitics #politics #parliament #bbcqt https://t.co/5fJkmwaMcE,0,1,"AI

The tweet contains a mix of political"
Will Dopey Conservatives Actually Do Anything about Woke Corporations?-  #news #politics - https://t.co/ObbbNoHM3A,0,1,"AI

The tweet appears to be a headline"
"If voters did give Biden a mandate, it wasn't to pander to progressives | TheHill https://t.co/Ty9pyhgVKK #politics #feedly",0,1,"AI or Human: Human

The tweet appears"
"Two party #politics serves the two parties, not the people. System designed for those who want to retain power Vs those who wish to take it, not the basis for a well run society or creating vision for progress &amp; has caused mistrust, inconsistency &amp; division. Time for a different approach. https://t.co/xomogs1T5X",1,1,"AI

The tweet expresses a critical view of"
Protesters shut down GOP press conference shining a light on mistreatment of Jan. 6 nonviolent detainees https://t.co/lr1ghP632O  - @politic_talks #politics #politic,1,1,"stoday
AI

The tweet contains a factual"
Nancy Pelosi’s Archbishop rips into her delusions…-  #news #politics - https://t.co/RrEtXABdMy,1,1,"AI

The tweet appears to be a short"
"Germany enforces tougher entry rules for arrivals from Spain, Netherlands and Georgia https://t.co/PGQni5eTTh #Politics https://t.co/eQQT8822Zi #Germany #imposes #stricter #entry #rules #for #arrivals #from #Spain #Nerlands #and #Georgia #  492",1,1,"characters
AI
The tweet appears to be a"
Lockheed is an unelected branch of the American government. #politics #corruption,0,1,"AI

The tweet contains an inaccurate and conspiracy"
Commission opens infringement procedures targeting 12 Member States for unfair trading practices https://t.co/bQUdiBAu8H #Politics https://t.co/eQQT8822Zi #Commission #opens #infringement #procedures #against #12 #Member #States #for #unfair #trading #practices #  733,1,1,"characters
AI
The tweet follows a structured format"
BREAKING! ⁦@NYGovCuomo⁩ announces he is stepping down effective in 14 days. Stay with ⁦@News12BK⁩ &amp; ⁦@News12BX⁩ for the latest #politics #cuomo  https://t.co/ESVrYgqR6p,0,1,"AI

The tweet appears to be a news"
"Not an unreasonable theory, is it?  #conspiracy #corrupt #rigged #politics #agenda #control #power #media #message #propaganda https://t.co/cNa841SvSg",1,1,"AI

The tweet contains a mix of common"
"As opposition lawmakers tried to intervene, PM Muhyiddin's briefing as head of the national rehabilitation council was almost inaudible. In an extraordinary meeting spanning five days, the vote will not be taken   #TheAsianAffairs #Malaysia #Politics #PM   https://t.co/lLUc50A3Gd",1,1,"AI

The tweet contains formal language and political"
"New York's last three governors, each a Democrat, left office amid scandal https://t.co/xEvuiRnp4K  - @politic_talks #Politics #Political",1,1,"News
AI

The tweet appears to be a"
@Burien City Council allows staff extra time to draw up @DESCSeattle project priority deal: https://t.co/vvtMouvhxO #burien #housing #homelessness #government #politics https://t.co/NwqI8zIXLB,1,1,"AI

The tweet appears to be a news"
Pay attention everyone #politics #Haiti #government #corruption  https://t.co/weDrcK9MPY,1,1,"AI or Human: Human

The tweet appears"
Jake Ellzey defeats Trump-backed Susan Wright in Texas special election https://t.co/y7CIoeuQFO  - @politic_talks #Politics #Political,1,1,"News
AI

The tweet appears to be a"
Anyone else use the terms interchangeably:  Trump supporter Terrorist GQP obstructionist Voter suppression legislature  #Politics #Terrorist #GOP,1,1,"AI

The tweet contains a mix of factual"
Why isn't he in exchange for not going to jail? This guy also sent his draft letter to the 6 swing states to try and induce them to overturn the results . #politics https://t.co/cYWuiCAqQn,0,1,"AI

The tweet contains political content and uses"
● NEWS ● #CommonDreams #Politics ☞ #OcasioCortez Charges Republicans Are Laying the Groundwork to 'Overturn Results' of Elections https://t.co/ggj37JKKVo,1,1,"AI

The tweet appears to be a news"
WATCH: Tearful Loudoun County Teacher Resigns at School Board Meeting Over ‘Highly-Politicized Agendas’ #News #Politics   https://t.co/UwuXzoesH4,1,1,"AI or Human: Human

The tweet appears"
"If the last few years in #politics has taught us anything, it’s that term limits in #congress should be a thing.",0,-1,The current system is broken and needs to change.
CNN blackout? Why were there no abortion questions at Biden’s lowly-rated Town Hall…-  #news #politics - https://t.co/b5jRxyvsG9,1,1,"AI

The tweet appears to be a comment"
Ranked choice voting is becoming more common. Does it work?Here's a good look at #NewYorkCity's #election by @natpress fellow @sssmaldo of @THECITYNY. #politics https://t.co/dR2I4xSyGC,1,1,"AI

The tweet appears to be written in"
"Is Murphy’s decision to lift N.J. school mask mandate based on politics? No way, he says. – https://t.co/itwgGrMIwx

ChronLaw Politics News
at https://t.co/VH4fWCQ5DC

#Politics #news #law #attorney #lawyer",0,-1,#murphysdecisions #njmaskmandate
"We need a third party president, we need change,  we are badly over due for a governmental and political correction. #Republicans #democrats #Leftist #right #extremism #politics #government #USA",1,1,"AI

The tweet contains a mix of common"
CYBER SYMPOSIUM: Mike Lindell and Sonny Borelli Break Down Arizona 2020 Election: THE BIG LIE VS. THE TRUTH (VIDEO) #News #Politics https://t.co/6rhO99Yf6r,1,1,"AI or Human: Human

The tweet appears"
"@dcexaminer #UkraineRussianWar #UkraineUnderAttaсk #UkraineInvasion #UkraineRussia #UkraineRussiaConflict #UkraineRussie #war #WARINUKRAINE #wars #New #GlobalWarming #Politics 

The Ukraine War
https://t.co/uzeXkix7gY https://t.co/mL3vCbZ6dP",0,1,"AI
        The tweet contains multiple hashtags"
Huskers improved voting participation between 2016 and 2020 elections | Nebraska Today | University of Nebraska–Lincoln - Nebraska Today https://t.co/QejVczgffM #2020Elections #Elections #Politics #GeneralElection,0,1,"AI

The tweet appears to be a factual"
"Even if other outlets stop covering the #ActiBlizzWalkout, this is exactly the @amazon playbook to crush any attempt to organize by labor. #StarWars #Politics   Our latest coverage: https://t.co/WI8jdvd7JL https://t.co/yqIFMKMyGv https://t.co/4LjBIHVEqg",1,1,"AI

The tweet contains references to current events"
"I love the Big Mac Index. In economics it’s such an easy way to garner how a country is doing. It may sound silly but it’s a tried&amp;tested method.

And the UK is in a bad place, the £ is 15% undervalued. Meaning we get less for our money. #brexit #politics  https://t.co/OJYgdT0kgi",0,1,"Assistant: AI

The tweet contains a mix"
Greater Georgia demands accountability on Zuckerberg’s $5.6M donation to Raffensperger in 2020 election https://t.co/yrgOzy4P8E  - @politic_talks #Politics #Political,0,1,"Scandal
AI

The tweet appears to be"
"Is the BJP rattled by Priyanka Gandhi Vadra's 'mahila mantra'? BJP spokesperson @CharuPragya responds

#5iveLIVE #UttarPradesh #UPElections2022 #PriyankaGandhiVadra #Politics  | @ShivAroor https://t.co/qTO7V7IoWP",0,1,"Assistant: AI

The tweet contains a political"
Hey all! Here's an article you might have missed! Read about why....'Boot Straps Are A Myth: The fallacy of the boot strap trope.'  https://t.co/yAMlqb8GQS #Politics #Poverty,1,1,"AI

The tweet appears to be generated by"
German party fundraising: Live data (POLITICO)  Press play to listen to this articleWhose money is influencing the German election campaign?  Add your highlights: https://t.co/cG3pHwN3Jk  #europe #politics #...,1,1,"AI or Human: Human. 

The tweet contains"
AOC warns fellow Democrats: Republicans are plotting to 'overturn results' of elections - Salon https://t.co/PzKqniyHTI #2020Elections #Elections #Politics #GeneralElection,1,1,"AI

The tweet appears to be a summary"
"Psychedelics Decriminalization Advancing In Three More Cities, Spanning From Coast To Coast #Featured #Politics https://t.co/1xsjF80TNZ https://t.co/7RDr7zgXng",0,1,"AI

The tweet appears to be a news"
Hey all! Here's a post you've missed. Read about why....'Being Homeless Shouldn’t Be Criminal.' https://t.co/HHmrWxh3KC #Homelessness #Homesforall #Politics #Culture,1,1,"AI

The tweet appears to be generated by"
Why Biden’s Afghanistan failure wouldn’t have happened under Trump - via: @glennbeck https://t.co/1dz9eIYOBL #politics #videos https://t.co/QMtZ1taSmn,0,1,"AI or Human: Human

The tweet appears"
No agreement on global temperature target by G20 energy-environment ministers https://t.co/5a15JcxJuG #Politics https://t.co/eQQT8822Zi #No #agreement #on #global #temperature #target #among #G20 #energy-environment #ministers #  261,1,1,"Retweets  347 Likes
AI"
"""Evidence and information available to the Committee establish a good-faith belief that Mr. Trump and others  engaged in criminal and/or fraudulent acts, and that Plaintiff's legal assistance was used in furtherance of those activities.""

#politics

https://t.co/2GRMV1a30B",0,1,"Assistant: AI

The tweet contains formal language"
"#Punjab: Congress decides to follow 'one family, one ticket' norm while selecting party candidates for the upcoming #assemblypolls 
#Congress #Politics #Elections2022 
(@Supriya23bh)
https://t.co/7Iz5zAONB7",0,1,"AI

The tweet contains political terminology and hashtags"
'We haven't seen any remorse': Michigan #Sheriff describes 'sullen' Crumbley's jailhouse stay #politics  https://t.co/aBy9gTdk0S,0,1,"AI

The tweet appears to be written in"
Black Women Giving Birth in Prison Face Surveillance Disguised as M... (Truthout)  It's no secret that the history and etymology of the term hysteria is rooted in the ge...  Add your highlights: https://t.co/GYAjppsnAf  #LeftWing #Politics...,1,1,"AI

The tweet contains a link to an article"
"@SteveScalise If you’re concerned about big tech then you should also hold banks and insurance companies accountable for the way they rape consumers. And I for one am glad #trump can’t tweet. 

#politics #effyou",0,1,"pizzagate
        AI

The tweet contains"
U.S. sells one-of-a-kind Wu-Tang Clan LP forfeited by 'Pharma Bro' Martin Shkreli - CNBC https://t.co/ZCLeWNai6w #Crime #Business #Politics #Music #Pharmaceuticals https://t.co/IqNz8dlo34,1,1,"AI

The tweet contains a mix of factual"
"Basavaraj Bommai sworn in as new Chief Minister of Karnataka, says he'll seek Yediurappa’s guidance - https://t.co/uLibDjckYu  #medleynews #india #news #BasavarajBommai #KarnatakaCM #Karnataka #sworn-in #politics",1,1,"AI

The tweet contains a factual statement about"
A deadly partisan ploy: Allowing Americans to die to win elections - Milwaukee Independent https://t.co/m6I3RV9uBS #2020Elections #Elections #Politics #GeneralElection,1,1,"AI

The tweet appears to be written in"
Fourth Grader Told Not to Tell Parents About “Equity Survey” From School - via: @charliekirk11 https://t.co/ewa6f5tc9S #politics #videos https://t.co/Q9zrEfr1QM,0,1,"AI

The tweet contains a headline-like statement"
"With less than 10 days to respond, we're still urging Virginia's Attorney General to step up and join Terrence and Ferrone's Writ of Actual Innocence petitions.   Justice can no longer wait! #NotGuiltyServingLife #Virginia #AG #WaverlyTwo #Politics #Police #BLM #WrongfulConviction #Court https://t.co/HLx8YiWvRQ",1,1,"AI

The tweet contains a mix of current"
#News #Politics Where the main party leaders are on Day 7 of the federal election campaign https://t.co/YIWJA1rUwo,0,1,"AI or Human: Human

The tweet appears"
BREAKING: Putin to decide today on recognising independence of separatist republics in eastern Ukraine #News #Economy #Politics,0,1,"AI

The tweet appears to be a news"
Politics+Campaigning=Strategic Lies  #brexit #politics,1,1,"AI

The tweet appears to be a concise"
"Surprise, surprise: Politicized Olympics draw lowest ratings in 33 years…-  #news #politics - https://t.co/4snWqKEKYD",0,1,"AI

The tweet appears to be a commentary"
The Liberal Wet Dream That Is The $3.5 Trillion Cash Dump  #liberal #budget #infrastructure #infrastructurebill #government #politics #democrat #republican #GOP #conservative #freedom #liberty #USA #spending #economy #economics #joebiden #PresidentBiden   https://t.co/r22qVu2r3s,1,1,"AI

The tweet contains a mix of political"
'Using #reconciliation to enact election reforms is exactly the kind of bold—and necessary—step.'  Jonathan S. Gould is an assistant professor at @BerkeleyLaw   #democracy #US #politics  #PayPeopleToVote #BudgetReconciliation https://t.co/rk7Wruyaoy,1,1,"AI

The tweet contains a mix of political"
After 50 years #Greenland is giving up on #oil exploration. Will this weaken it's bid for independence from #Denmark? https://t.co/zjgPKisgOf  #Rewewableenergy #climatechange  #Europe #europeanunion #independence #politics #copenhagen #Nuuk #anpublishing #moderntreatise,1,1,"AI

The tweet contains a mix of factual"
"#Politics Could Little, Ardern or Bloomfield explain to us how many qualified counsellors, as approved by the Health Ministry, there are employed at the Hawkes Bay Mongrel Mob. Or did they just give the $2.75 mil 'no questions asked'",1,-1,cheque and hope for the best? #MMP
Scotland: Date fixed for free bus travel for under-22s via @BBCNews   https://t.co/FgcqGE40Gb  #Scotland #transport #transit #workers #students #climate #access #equity #investment #infrastructure #politics #UK https://t.co/XDny0oAj5C,1,1,"AI
The tweet appears to be a news"
@RonWyden  Thanks. @SenJeffMerkley  Please Support Wyden's cryptocurrency amendment in the infrastructure bill. ;p #politics #political BTW Senator Merkeley I voted for you and you're one my favorite senators.,1,-1,#merkleyfor2022
"US should offer ‘united support’ to Cubans, says Rep. Crenshaw | Fox Business Video in Biz Coach Newsroom https://t.co/X75bdBHkuA  #Cuba #politics #biden #bizcoach #businessconsultant #SeattleBizCoach https://t.co/XvzpfjxkJp",1,1,"AI

The tweet appears to be a news"
Sen. Blackburn issues bill protecting essential workers form vaccine mandates https://t.co/xDFRpu5oa8  - @politic_talks #politics #politic,0,1,"stoday
AI

The tweet appears to be"
Should the United Kingdom send troops to Ukraine? #Politics,0,1,"#Opinion
AI

The tweet appears to"
Via @RawStory: Pelosi wields a 'hammer over Mo Brooks's head' on Capitol riot investigation: Former prosecutor https://t.co/CcDjWP1xdQ | #politics #trump #corruption,1,1,"AI

The tweet appears to be a news"
Huge worldwide child exploitation network taken down by German authorities…-  #news #politics - https://t.co/stTLuVbbdz,1,1,"AI

The tweet appears to be a news"
Japan Blew a Golden Chance for Olympic Reconciliation  ForeignPolicy  #security #ForeignPolicy #politics  https://t.co/29gqv8YQHa,1,1,"AI or Human: AI

The tweet appears"
Thought provoking  article by @nickreeves9876 exploring the effect of de-industrialisation in #politics from @SussexBylines #beatthedrumuk https://t.co/R5P8olOkfT,1,1,"AI

The tweet appears to be written in"
Via @RawStory: Capitol riot committee won't waste time asking Trump officials for testimony -- and will move straight to subpoenas https://t.co/b1t03qbKO3 | #politics #trump #corruption,1,1,"AI

The tweet appears to be a summary"
Liz Cheney Head Of Pelosi’s Weaponized Jan. 6 Committee Tells All You Need To Know About The Partisan Probe https://t.co/kYGDkSvBqW #politics #opinion https://t.co/GYK0LD9Tyx,1,1,"AI

The tweet appears to be a headline"
"Watch how Congress MP throws file at Rajya Sabha Chair amid protest &gt;&gt; https://t.co/cKKHucVduh

#Congress #BJP #Rajyasabha #indianpolitics #politics #FarmersProtest #farmers #protest  #parliament #legislation #headlines #todaysnews #newsreporter #updatenews #newstoday",0,1,"AI

The tweet contains a mix of real"
Analysis of the IMF vs #Bitcoin and #crypto with special focus on #ElSalvador adoption of #BTC as legal tender. #news #politics #economy  @nayibbukele @maxkeiser @stacyherbert @WilliamSorianoH @saylor @jackmallers @jack @Dennis_Porter_,0,1,"@jimmy_aki
AI

The"
Side by side comparison of the news. Call out overt bias or under-reporting. Share to support an informed democracy. #news #politics #media #msnbc #cnn #fox - More at: https://t.co/OCTLN0v95U https://t.co/Dwaswkueds,1,1,"AI

The tweet contains a call to action"
Warner Seeks To Be 'Good Referee' Of Elections - Wheeling Intelligencer https://t.co/rmfk4Oq6m0 #2020Elections #Elections #Politics #GeneralElection,0,1,"AI

The tweet appears to be a headline"
What happens when the Democrats COVID narrative unravels in red states? The Delta variant… what a shit show #Covid_19 #DeltaVariant #politics #USA #America #lies #CDC https://t.co/DtwlHzMOfO,1,1,"AI

The tweet contains a mix of political"
Biles quits the rest of the games as US press makes excuses for her…-  #news #politics - https://t.co/VAFpXzLCdS,1,1,"AI

The tweet appears to be a short"
Your anti-people decision will cost you NASS seat – AA blasts senators over Transmission of results - https://t.co/dYhN12dHun  #Politics #AA #Action Alliance #NASS #senators #Wizk,1,1,"ings
AI

The tweet contains a mix of"
Italian and Rwandan leaders issue urgent appeal to transform world's food systems https://t.co/4rNW7OwgCh #Politics https://t.co/eQQT8822Zi #Italian #and #Rwandan #leaders #join #urgent #call #to #transform #world's #food #systems #  857,1,1,"characters
AI
The tweet follows a pattern typical"
"""#Politics Today News: School board elections are the new front in Covid politics #News"": https://t.co/xVMwV6vU0o",0,1,"AI

The tweet appears to be a generic"
NY to mandate state employees be vaccinated or undergo regular testing https://t.co/0KfirRkorV  - @politic_talks #Politics #Political,1,1,"News
AI or Human: AI

The tweet"
"Multiple People Shot Outside Des Moines, IA Highschool - ABC 

https://t.co/O8XaQmy0RI 

#leftwing #world #trump #politics #news #maga #liberal #leftist #feminism #antifa #political #donaldtrump #democrats https://t.co/DOftnU3l3L",0,1,"AI
The tweet includes a mix of"
"Tunisian President Kais Saied suspends parliament, ousts PM https://t.co/tTTQ5wpjhT #Politics https://t.co/eQQT8822Zi #Tunisian #President #Kais #Saied #suspends #parliament #dismisses #PM #  801",1,1,"AI
The tweet appears to be a news"
"Starr Spencer / Platts -Oil will help Guyana into greater
decarbonization -Jagdeo  https://t.co/Ugcgvy4h30 #energy #oil #gas #latam #caribbean #politics #guyana #jagdeo https://t.co/ZVich0igq6",0,1,"AI

The tweet appears to be a"
US Senate Successfully Passes Major Infrastructure Bill The ambitious bill is now on its way to the house. https://t.co/1lXkH7gMJO #InfrastructureBill #Senate #Politics https://t.co/0RtZhgZq6o,1,1,"AI

The tweet appears to be a factual"
#Politics #States All Politicians Are Unpopular—So Strip Away Their Power - Reason https://t.co/guxqPFaTSB,0,1,"AI or Human: Human

The tweet appears"
White House weighing a vaccine mandate for federal workers. https://t.co/g1uVodffdP  #National #Politics #WhiteHouse,1,1,"AI or Human: Human

The tweet appears"
And thus. How they buy the #media #politics silence. How readily they control the motion &amp; movements of the neck. From one way to another. Outrageous‼️‼️‼️‼️ No #Israeli money should be allowed in politics with the atrocities and #genocide they are involved in! #FreePalestine https://t.co/NfosQmOuhy,1,1,"AI

The tweet contains complex political commentary,"
Germany to levy charges on unvaccinated people for coronavirus tests https://t.co/3ATfhDy6cx #Politics https://t.co/eQQT8822Zi #Germany #to #charge #unvaccinated #people #for #coronavirus #tests #  396,1,1,"characters
AI

The tweet appears to be a"
"On #SavingAmerica 58, #author @RageoftheAgeNow  discusses his #military service in #Iraq, #Biden’s #AfghanistanCrisis, and the inherent danger in calling #Liberals stupid. #Podcast now streaming! #Conservative #Politics #America #USA  https://t.co/eovi7ERAnR",0,1,"AI

The tweet contains a mix of political"
"Hey all! Here's a post you've missed. Go read about....""Why Medicare For All Is The Best Solution.""  https://t.co/XK95EOFdT8 #MedicareForAll #Healthcare #Politics",0,1,"AI

The tweet appears to be generated by"
Malaysia COVID-19 state of emergency coming to an end https://t.co/XAXHp353o8 #Politics https://t.co/eQQT8822Zi #Malaysia #COVID-19 #state #of #emergency #to #end #  437,1,1,"characters
AI
The tweet appears to be a"
Trump’s Tweet About Obama’s ‘Wall’ and Why It Doesn’t Make Sense - via @smedian_network #Writing #Politics #Writer #Appalachia #Immigration https://t.co/4Otgp3poKO,0,1,"AI

The tweet appears to be a title"
"Showing the public one thing but seem to be close friends when cameras away? 

Minister Udaya Gammanpila whispering a secret to Minister Basil Rajapaksa at the SLPP convention. 

Pic by Saman Abeysiriwardene

#SriLanka #Politics https://t.co/moHlQZ5Xkx",0,0,"Assistant: Human

The tweet contains a commentary"
European Commission disburses €24.9 billion in pre-financing to Italy https://t.co/20dmaSWtvX #Politics https://t.co/eQQT8822Zi #European #Commission #disburses #€24.9 #billion #in #pre-financing #to #Italy #  780,0,1,"AI
The tweet appears to be a factual"
Pakistan PM Khan's ruling party secures victory in Kashmir regional election via @Reuters  https://t.co/r5H5aQ8wrp  #Kashmir #Pakistan #India #conflicts #regionalsecurity #nuclearweapons #weapons #diplomacy #politics #culture #religion #economy,1,1,"AI

The tweet contains a mix of factual"
Via @RawStory: Trump should be compelled to testify and respond to body cam video from Jan 6: columnist https://t.co/YKWMfKRm8V | #politics #trump #corruption,1,1,"AI

The tweet appears to be a news"
"@GOP Your big-government, big-spending policies have made the @GOP left-wing also. #politics",1,1,"#america
AI

The tweet appears to"
This is one of the greatest milestones yet. We must continue expanding political and community efforts to make gender-neutral pronouns normal across partisans. https://t.co/mysGwHPWh4 #trans #queer #genderneutral #politics,1,1,"AI

The tweet contains a mix of formal"
#Politics #News Pressure grows on Sir Geoffrey Cox in sleaze row as he denies breaking rules https://t.co/AulzgiS7ee,0,1,"AI

The tweet appears to be a news"
#politics #government Federal Reserve Chairman says he isn't concerned by Delta surge: One of the country's most influential economic officials doesn't expect surging coronavirus cases to derail the reopening recovery https://t.co/NIj1LZ0PWk https://t.co/ELtEj1GCfQ,1,1,"AI

The tweet appears to be a summary"
Alaska Governor: I’m calling on all Alaskans to not purchase Russian products https://t.co/GrIo3g65lS #Politics https://t.co/eQQT8822Zi #news 244,0,1,"AI

The tweet appears to be a news"
Commission approves €800 million Italian plan to compensate airports https://t.co/YeRoXzhgNx #Politics https://t.co/eQQT8822Zi #Commission #approves #€800 #million #Italian #scheme #to #compensate #airports #  991,1,1,"characters
AI
The tweet appears to be a"
"Lauren Boebert, other CO reps call to reject Biden's Bureau of Land Management pick if she moves HQ to DC https://t.co/vI9e0A7OYN  - @politic_talks #Politics #Political",0,1,"News
AI

The tweet appears to be a"
"@FAANews PLEASE remember many #Disabled aren't candidate for #VACCINE &amp; deserve RESPECT, not to be demonized by #Media #politics 4being #unvaccinated they #WearAMask &amp; #COVID19 is stressful, majority had treatments #Cancelled bc of #Covid TY @CDCgov @NBCNews @BBCBreaking",1,1,"AI

The tweet contains a mix of hashtags"
".@ngunjiriwambugu, a fierce critic of @WilliamsRuto, had a meeting with Kiambaa MP John Wanjiku and Nandi senator @scherargei on Tuesday, August 10.  #tukonews #politics  https://t.co/YqvrgQ48Un",1,1,"AI

The tweet appears to be a factual"
"""It now looks like we're marking our own homework.""
Tobias Ellwood via @SkyNews 

#politics #ToryCorruption #TorySleaze #OwenPatterson #JohnsonHasFailedTheNation #ToryCriminals #ToryCriminalsUnfitToGovern",0,1,"#StopToriesNow
AI

The tweet"
"Not Corrupt ?

In hind sight 3 Cabinet Walkouts with Theresa and Boris and 5 reshuffles in 4 years is to the Political eye running too Hot to work for in Chequers and Brexit with Home Grown Terrorism and Cobra and Covid.

#Politics #SkyNews  

#COP26 #BorisJohnson #CORRUPTION https://t.co/YqclGI0k1g",0,1,"---

AI
The tweet contains a mix of"
"Tanzania leader launches COVID-19 vaccination drive, places order for more jabs via @Reuters  https://t.co/zqjRG1Rmty  #Tanzania #COVID19 #DeltaVariant #vaccines #economy #economics #workers #wages #families #foodsecurity #politics #PoliticalParties #finance #RegionalSecurity #recovery",1,1,"AI

The tweet contains multiple hashtags and mentions"
"'The #politics of our time is and will be a politics of paradox.' In this article, Laura Baldwin and I argue for the need for a ‘moderate flank’ in #climateactivism, as exemplified by the Greens Climate Activist Network (#GreensCAN).  https://t.co/G10yFLhOyi",1,1,"AI

The tweet contains a complex argument and"
Financial and political institutions are running the world into the ground for “climate change”. Just a way to stay in control. #politics #COVID19,0,1,"#climatechange
AI

The tweet contains a"
"COVID-19: Minister wants staff in 'at least' two or three days a week with 'cautious approach' to civil servants returning to desks | Politics News #NewsUpdate #News #BreakingNews #Breaking #news #Business #Politics #Science #Technology #World #follow

https://t.co/X1bPd0RGjR",0,1,"AI or Human. AI

The tweet includes"
#China #Trade #Politics U.S. aims to underscore need for 'guardrails' in upcoming talks with China - CNBC https://t.co/Nd0LGfrqJl,1,1,"AI

The tweet appears to be a summary"
Is it time to set an age cap for elected officials? #politics #polls #democrat #republican #independent,1,1,"AI

The tweet appears to be a neutral"
Lobbyist spent over $60 billion in the last 20 years to influence #legislation. What is scarier is that this estimate is probably low. The Reform Party wants tougher laws to reduce special interest influence. #scaryfacts #endtheduopoly #twopartysystem #endtwopartyrule #Politics https://t.co/aU6VXJDh9Y,0,1,"AI

The tweet contains complex political commentary and"
"I strongly disagree w/ @nytdavidbrooks on these sections, these are completely legitimate issues to worry about,

we don't have to agree on Critical race theory or illegal immigration,

But those aren't just bugaboos, they are real issues
#politics #conservatives #davidbrooks https://t.co/uVcui8gO9T",0,0,"---

Human
The tweet expresses a clear opinion"
Parental leave listed as a 'top priority' for Biden administration: https://t.co/GJIw21O28v #parenting #politics,1,1,"AI

The tweet appears to be a factual"
"Lt. Governor Kathy Hochul to Become New York’s First Female Governor After Cuomo’s Humiliating Resignation #News #Politics 
 https://t.co/OWoIxPlXj7",0,1,"AI

The tweet appears to be a"
"We all know the Canadian Government will call an election in the coming months. 
I invite 
@JustinTrudeau 
@theJagmeetSingh 
@erinotoole 

Discuss policy and future outlook for this country. No fluff. Real journalism, Real questions. 

#canpoli #politics #Canada #Trudeau #tuesday https://t.co/NUaeqZvc6o",0,0,"Assistant: Human

The tweet shows characteristics of"
The Republicans in charge have no better way to acquire and maintain power this year except with a full-on moral panic. That's a double-edged sword. #politics,0,1,"AI

The tweet appears to be written in"
At what point did we lose the art of compromise politically? These days it is either you're 100% with me or you're 100% against me. How can we bring back compromise/decorum/respect to improve discourse? #politics #policy,0,1,"AI

The tweet expresses a thoughtful and nuanced"
Pompeo: GOP's future depends on upholding faith-based virtues | Fox News #uspoliticalnews #politics #usnews #news https://t.co/ZnowDSlApQ,1,1,"AI

The tweet appears to be a news"
Via @RawStory: ‘Absolutely places he shouldn’t go’: Trump aides pushing 2022 ‘stay away strategy’ behind the scenes https://t.co/AsEWWh5mFu | #politics #trump #corruption,0,1,"AI

The tweet appears to be a summary"
"@fox8news Say no more, he's got my vote. #News #Cleveland #Cincinnati #Ohio #Politics #LegalizeIt",1,1,"AI

The tweet contains a mix of hashtags"
"With the local level election round the corner, the political parties have intensified their election campaigning across the country. 
https://t.co/vZjvnZkZy3
#Khabarhub #Localelection #Nepal #Politics #Commentary",0,1,"AI

The tweet contains a factual statement about"
"Politics at its best: caring for people and the planet all in one policy initiative.

#Politics #RenewableEnergy 

https://t.co/YyoP4ggCSC",0,1,"AI

The tweet appears to be written in"
"Cross your 'Climate Change' square now, cross the hell out of it. Take that, deniers! https://t.co/NyjsD2UdV2 #cdnpoli #ElectionBingo #Politics",1,1,"AI

The tweet contains a mix of casual"
Miami Mayor Francis Suarez to Take Part of his 401K Retirement Funds in Bitcoin https://t.co/wQWoQw2oM5 #Politics #MIAMI #FRANCISSUAREZ #401K #BITCOIN,0,1,"AI

The tweet contains a factual statement about"
France calls on UK to lift 'discriminatory quarantine for French travellers https://t.co/bCGSliI5gD #Politics https://t.co/eQQT8822Zi #France #calls #on #UK #to #lift #'discriminatory #quarantine #for #French #travellers #  370,0,1,"characters
AI

The tweet appears to be a"
Cambodian court jails union leader for two years over border comments https://t.co/206K2sybg0 #Politics,0,1,"#Cambodia
AI or Human: Human"
"#merrickgarland  needs to do his job . He's given the insurrection party , the domestic terrorism party a pass. #politics https://t.co/MnYnmoyCaW",0,1,"AI

The tweet appears to be written in"
Via @RawStory: 'Boot-licking chump' George P Bush shredded after Trump humiliatingly backs his opponent https://t.co/BQ5ASU9D0C | #politics #trump #corruption,1,1,"AI

The tweet appears to be a summary"
Via @RawStory: Here's how Facebook posts from a CA police department fueled right-wing conspiracy theories https://t.co/nikTpoaUXn | #politics #trump #corruption,0,1,"AI

The tweet appears to be a summary"
"@BorisJohnson Canada has one of the highest double-vaxxed number, and low daily cases. Please add us to the #green list so we can see our families without quarantine. #Commonwealth #covid #politics expats are still Brits. #brits @JustinTrudeau",0,1,"AI

The tweet appears to be generated by"
"@ArvindKejriwal Ji, I think this is exactly for you. @kochattil, perfectly said. Not only this #Kejri, few other CM's in country are making people too lazy by giving away tax payers money as #freebies. Just vote bank #Politics.
@StringReveals @AskAnshul https://t.co/6LVXZX9qLG",0,1,"AI

The tweet contains a mix of"
Jamie Lee Curtis reveals her 25-year-old offspring is transgender https://t.co/9bWxYA4i4w  - @politic_talks #Politics #Political,1,1,"News
AI

The tweet contains a factual error"
“We’re no longer into you”… rising global revulsion against American “woke” version of Mao’s cultural revolution…-  #news #politics - https://t.co/VBv0rZldR9,1,1,"AI

The tweet contains a mix of hyper"
"Constitution of #Barbados

Website: https://t.co/XN8q0voWW8 

#Dunilefra, #Politics, #Political_Reform, #World_Politics, #World_Order, #Fundamental_Rights, #Human_Rights, #Economy, #Religion, #State_Policy, #Political_Analysis, #Constitution, #Constitutional_Law #Law https://t.co/yFvtS2Mase",0,1,"AI

The tweet appears to be promoting"
Most Voters Say Trump Is Right About State Election Reform - Rasmussen Reports® https://t.co/xmM2SjKeM5 #ElectionsNeed #politics #RasmussenPolls,1,1,"AI

The tweet appears to be a summary"
"Runaway Texas Democrats in DC snag pep talks from Stacey Abrams, the Clintons https://t.co/xwhyd52RVI  - @politic_talks #Politics #Political",1,1,"News
AI

The tweet appears to be a"
Political parties in India talk about 'a casteless society' but sponsor ' caste based  reservations '. Colonisation is so deep #votes #elections #India #politics,1,1,"AI

The tweet contains a mix of factual"
"Centrists Lose Bid to Sabotage Reconciliation as House Advances $3.... (Truthout)

The House voted to approve the budget resolution that would unlock the reconciliation proces...

Add your highlights:
https://t.co/yDMStODAVE
 #LeftWing #Politics...",0,1,"AI

        My reasoning:
        The tweet contains"
● NEWS ● #Politics #CommonDreams ☞ #OcasioCortez Warns Republicans Are Laying the Groundwork to 'Overturn Results' of Elections https://t.co/ggj37JKKVo,1,1,"AI

The tweet appears to be a news"
"Apparently The Republican Party has announced they plan to attack our country again in August. If you still support Reds, then you officially support Terrorism. The American Taliban is here and they wear ‘MAGA’ hats. MOVE OVER, ALQAEDA! #politics #USA",1,1,"AI

The tweet contains several hyperbolic"
"Despite our belief in the West in our enlightened thinking (full of hypocrisy), just as important is our perception of the other.

Branko Milanović - @BrankoMilan

The end of the end of history: what have we learned so far?

https://t.co/cLDodBrkSg

#RussianUkrainianWar #Politics https://t.co/mhZrdcbz5G",0,1,"Assistant: AI

The tweet contains complex ideas"
San Fran’s London Breed gets $2.6 million in security even as she slashes $120 million from cops…-  #news #politics - https://t.co/L74MkIAbGh,1,1,"AI

The tweet appears to be a summary"
"#AIADMK leader Edappadi K Palaniswami said the state government's ‘special interest’ in the 2017 #KodanadMurderCase is to tarnish the Opposition's image | #TamilNadu #Politics | @PramodMadhav6 

https://t.co/4B2rrBItY2",0,0,"Assistant: Human

The tweet contains political commentary"
Via @RawStory: Biggest criminal trial in modern Vatican history set to start https://t.co/FYOTvKsMRT | #politics #trump #corruption,0,1,"AI

The tweet appears to be a news"
This kid is awesome. More people need to hear this. #Democrats #Republican #politics https://t.co/gXCb0kAX0e,0,1,"AI

The tweet contains a mix of casual"
"Hey all! Here's a post you've missed. Go read about....""Why Medicare For All Is The Best Solution.""  https://t.co/3wGCS5TNeo #MedicareForAll #Healthcare #Politics",0,1,"AI

The tweet appears to be generated by"
"Microsoft will require vaccines for US workers, vendors, visitors
#News #Politics #Microsoft #Apple #US #Facebook #Google
https://t.co/5AC4T9cKEU",0,1,"AI

The tweet contains a factual statement"
"The #Biden Junta has updated its governing #slogan to:
M A K E    T H E    #T A L I B A N    B E T T E R!
#politics #ineptitude #failure #fraud #crime #Afghanistan #BoderCrisis #COVID19 
---------------
#SaveAmerica #MAGA #Trump2024 https://t.co/CJPJZaeY6F",0,1,"AI

The tweet contains a mix of"
"Looking beyond the pandemic of vested interest plaguing the Kashmir issue.  https://t.co/gUGuvPPu7y  By TKV Rajan, Editor, Indian Science Monitor/Director, Indo-Asain Foundation of Archaeological Research  #Kashmir #kashmiripandits #India #culture #politics #History #pandemic",1,1,"AI

The tweet appears to be written in"
Costa Rica is the first nation to ban Latin Mass at the whim of Pope Francis…-  #news #politics - https://t.co/nubyOJS12c,1,1,"AI

The tweet contains a factual error and"
I have three words for you right now #shame_on_assam  #politics,1,1,"AI

The tweet appears to be short and"
Senator @RandPaul -- YouTube can pound sand! Upload your video to @BitChute and/or @RumbleVideo! #politics #RandPaul #FreedomOfSpeech #1A https://t.co/77FtDy1jvA,1,1,"AI

The tweet appears to be promoting alternative"
"COVID-19 mask mandates associated with an increase in paranoia, study suggests https://t.co/gc3N7wFwob  - @politic_talks #Politics #Political",1,1,"Science
AI or Human: AI

The tweet"
"Dave Bautista targeted Donald Trump ally Mike Lindell, insisting the MyPillow CEOs election lies should be illegal. #wrestling #politics #pillows https://t.co/1S9zC90pHF",1,1,"AI

The tweet contains a mix of factual"
Anger escalated today between Opposition Leader Datuk Seri Anwar Ibrahim and Datuk Seri Mohamed Azmin Ali after the former pointed to the manufacturing sector as responsible for the massive outbreak of Covid19 infection.  #TheAsianAffairs #Malaysia #Politics #AnwarIbrahim #AzminAli https://t.co/OjfWcqtIvf,1,1,"AI

The tweet contains specific political figures'"
Via @RawStory: New information revealed in Florida Republican's plot to disrupt the 2020 election https://t.co/73PsOs3H3E | #politics #trump #corruption,1,1,"AI

The tweet appears to be a summary"
After study #politics for the past 2+ years by watching YouTube videos I have come to the realization that the two party system is what the main problem is. Both point fingers and blame the other party and take almost no accountability for their actions and divide people. https://t.co/jWZIGxBJUR,0,1,"AI

The tweet expresses a viewpoint on politics"
North Macedonia Local Elections Deliver Breakthrough for Greens - Balkan Insight https://t.co/NtVnHWZ7Bg #2020Elections #Elections #Politics #GeneralElection,0,1,"AI

The tweet appears to be a news"
CPN-UML’s disgruntled Khanal-Nepal faction will halt the blame game and concentrate on party unity. https://t.co/Nj3E8d66g3 #Khabarhub #Politics #UML #MadhavKumarNepal,1,1,"AI

The tweet appears to be a news"
"Dominic Raab faces further pressure over Afghanistan delays as it emerges phone call delegated to junior minister never took place | Politics News #NewsUpdate #News #BreakingNews #Breaking #news #Business #Politics #Science #Technology #World #follow

https://t.co/BSsYxtzFvM",0,1,"AI or Human. AI

The tweet includes"
"Greg Gutfeld: Fascists get into politics to gain power over you and exempt themselves from rules – Fox News
ChronLaw Politics News
https://t.co/xkCVEKKYOl

#Politics #news #law #attorney #lawyer",0,-1,#fascism #gutfeld #fox
Via @RawStory: Should the committee call Trump? Here's what you should know about the panel investigating the Jan. 6 Capitol insurrection https://t.co/EQ9tkGGNlM | #politics #trump #corruption,0,1,"AI

The tweet appears to be a summary"
Depressing but probably accurate OpEd by @michaelwolffnyc. Donald Trump will run for US President again in 2024. Conservatives need ethical &amp; moral candidate alternatives. Representative democracy is vital &amp; worth keeping. #ConCW #politics https://t.co/cc2Gym0qTm,1,1,"AI

The tweet contains a mix of current"
"'I'm not sure who covered the costs for the other State Ministers,” Youth and Sports Ministry Secretary Anuradha Wijekoon said when contacted  I know, you know, හුනෝ, බකමුණෝ 😂 #SriLanka #Politics #Corruption #Olympics https://t.co/XbfTgkkdyw",1,1,"AI

The tweet contains a mix of English"
I actually will pay anyone 30$ to interview them if they genuinely believed Brian Steiger was a ‘credible... reporter’ at any point over the last half decade. #politics #cnn #news https://t.co/b3klJc4bnv,1,1,"AI

The tweet contains a unique offer that"
"Steve Bannon Karma: He Got Indicted! 

#breakingnews #news #politics #stevebannon #karma #bannon #bannonindicted #stevebannonindicted #fdt #theformerguy #karmaisreal #dontcensorme #politicalsatire #nosongissafe #bluewave #BannonIndictment #BannonBehindBars #2021BetterThan2020 https://t.co/3mMjkspXEP",0,1,"Assistant: AI

The tweet contains multiple hashtags"
Pretty clear understatement of the century.  #FILIBUSTER #HR1 #VotingRights #Politics #Dems #GQP #GOP https://t.co/57l0NvgEau,1,1,"AI

The tweet contains a mix of political"
Italian and Rwandan leaders back urgent call to transform world's food systems https://t.co/4rNW7OwgCh #Politics https://t.co/eQQT8822Zi #Italian #and #Rwandan #leaders #join #urgent #call #to #transform #world's #food #systems #  675,1,1,"characters
AI
The tweet follows a pattern typical"
"Oh, you’re going to vote for the politician who won’t say a thing except to ask for cash, without pleading for donations. I guess they will get money out of politics NEXT time.  #insanity #usa #maine #governor #politics #money #usasos",1,1,"AI

The tweet contains a mix of political"
"I am figuratively tearing my hair out listening to the latest episode of @ezraklein's podcast. He is literally regurgitating the Kulinski ""imminent threat"" talking point. Garbage. Do better Ezra. Don't platform talking points straight from YouTube hacks. #politics #foreignpolicy",0,1,"AI

The tweet shows a level of emotional"
Ex-(R) Charlie Dent passes the keys to #Pelosi for undermining McCarthy's attacks on the #capitol Terrorist Investigation #politics  https://t.co/JtrioD0nha,1,1,"AI

The tweet contains a mix of factual"
WaPo: Biden tells allies he’s running again in 2024…-  #news #politics - https://t.co/yaCPC6Lhxk,0,1,"AI

The tweet appears to be a news"
Via @RawStory: Insurrection-sympathizing QAnon supporter debuts on Florida’s State Board of Education https://t.co/cSEFGL2e6m | #politics #trump #corruption,0,1,"AI

The tweet appears to be a news"
Kansas Governor announces “Axe the Food Tax” plan to eliminate state sales tax on food https://t.co/Bsp9CiEEBw #Politics https://t.co/eQQT8822Zi #news 337,0,1,"likes 105 retweets
AI"
Gentrifiers Keep Snitching and Getting Their Neighbors Fined for Uncut Grass https://t.co/Bjbu9k8Sha #politics #feedly,0,1,"AI

The tweet appears to be written in"
"Electricity law tweak aimed to facilitate profits for discoms, dismantle subsidies: Farmers - https://t.co/8rV3ulFDxn #medleynews #india #news #FarmersProtest #FarmersParliament #FarmLaws #rights #Politics #KisanAndolan #Kisan",1,1,"Sabha
AI

The tweet contains several buzz"
#MarjorieTaylorGreene angrily slams #MitchMcConnell as practicing ‘dirty #politics’ after Trump pal accused of death threats  https://t.co/tYjympdoxG (via@RawStory) #news,1,1,"AI

The tweet contains a mix of real"
"@JohnFraserOS @fordnation ""Unvaccinated"" is not a communicable disease. The concern should be the virus... which exists in both vaccinated and unvaccinated people. #Politics #Health",0,1,"AI

The tweet appears to be a factual"
Side by side comparison of the news. Comment on overt bias or cases of under-reporting. Share to support an informed democracy. #news #politics #media #msnbc #cnn #fox - More at: https://t.co/OCTLN0v95U https://t.co/6EGkKtm2zr,1,1,"AI

The tweet appears to be generated by"
It's fairly common in Britain for politicians to switch parties. But does that mean parties are being shaped by entryism? | @PMPmagToday  #UKPolitics #Politics #Labour #Tories #Brexit https://t.co/MZRRm591vE,1,1,"AI

The tweet appears to be discussing political"
Arizona ER Doctor Visibly Outraged By Video Of Trump Rally: 'Dangerous And Stupid'  HuffPostPol #Demforce  #Resist #resistance #politics https://t.co/OeWVdNenaN,1,1,"AI

The tweet appears to be a news"
"COVID sank Democrats’ messaging in D.C., political analyst says, as special session stalemate drags on – https://t.co/ef79arxUuh ChronLaw Politics News https://t.co/A2kLcPgQQK  #Politics #news #law #attorney #lawyer",1,1,"AI

The tweet contains a mix of factual"
Via @RawStory: How QAnon convinced a Parkland shooting survivor's dad that the tragedy was a hoax https://t.co/kVwG1abKZ8 | #politics #trump #corruption,0,1,"AI

The tweet appears to be a summary"
"Benzino Addresses Controversial Comments Toward Lil Nas X  'So many performances alluded to sex, oral sex, selling dope, shooting guns... and no-one said anything' - Marc Lamont Hill 🤔 #BET #TV #Ideology #Entertainment #Politics https://t.co/Y5BwBhfpWS via @YouTube",1,1,"AI

The tweet appears to be discussing a"
"The Federal Government of Nigeria ruled out the possibility of restricting foreign travellers from visiting Nigeria despite travel bans on the country the United Kingdom, Canada and others.
https://t.co/hLInXsX0TP #News #Africa #Politics #COVID19 #travelban https://t.co/In29tS0ybV",0,1,"AI

The tweet contains a factual statement"
"ENSLAVEMENT Of The UNVAXXED! - They Want Civil WAR! - World Divided Into TWO SOCIETIES!
https://t.co/0hurn0dvIa

NOW up on BitChute, Odysee, Rumble &amp; Brighteon!

#news #politics #nojab4me #novax #nogreenpass #civilwar #freedom #voluntaryism #bitchute #WAM",0,-1,#odyssee #rumble #brighteon
"Japan's ex-Justice Minister Kawai accepts jail term over vote buying 

#criminaljustice #Japan #corruption #politics 
https://t.co/8MKFbEvuKY",0,1,"AI

The tweet contains factual information about"
"Sadly the antics and corruption of the #Johnson 
Government rubs off on well intentioned #Conservative politicians like our #Chesterfield #LeeRowley @LeeRowley
#DowningStreet vacancy!
#BritainDeservesBetter

#bbcaq #politics
#PoliticsLive #PartyGate",0,1,"AI

The tweet contains political commentary,"
"#OutlookMagazine | Partisan #politics has led to rifts with the Centre in a number of states. Though #BJP is comfortable at the national level, they have failed to win many states, especially on their own.

#Maharashtra #Politics #ShivSena 

https://t.co/NwO485j1r9",0,1,"Assistant: AI

The tweet contains political commentary"
At the general election Boris Johnson offered a guarantee that the Conservatives would maintain the ‘triple lock’ on pensions. Do you think it was acceptable or unacceptable for them to break this guarantee by suspending the ‘triple lock’ for one year? #Politics,0,1,"#Election2019
AI"
"#Democrats want billions to pay for #elder care. #Republicans say the price tag is too high.

#ElderCare #Disabled #Seniors #Aging #Politics #Elderly  https://t.co/DYNCtY9cG9",0,0,"Assistant: Human

The tweet shows a level"
".@NadiaWhittomeMP might be only 25, but 9 years campaigning from the age of 16, over the bedroom tax, give her plenty of experience. @zoesqwilliams talks about her work, community based on a worker’s wage not an MP’s
Start your #politics early!
#r4today 

https://t.co/MYBV4zeSyh",0,0,"Assistant: Human

The tweet shows a natural"
Zambia launches probe on illegal issuance of mining licenses https://t.co/AypsMjRtib #Politics https://t.co/eQQT8822Zi #news 466,0,1,"AI
The tweet appears to be a news"
"@Burien City Council candidates react to primary results, look ahead to general, by @MrNickJohnson: https://t.co/8laDzYbnFA #burien #election #buriencitycouncil #candidates #Politics https://t.co/G8fKpuIZ2I",1,1,"AI

The tweet appears to be a standard"
FBI still aggressively pursuing Jan. 6 snitches…-  #news #politics - https://t.co/sTrRiRWu4G,1,1,"AI

The tweet appears to be a concise"
"QAnon supporters waited for JFK Jr. to arrive in Dallas, thinking he’d help reinstate Trump to the White House… JFK Jr. has been dead since 1999. 🥴
@NowThisPolitics 

#politics #trump #Cult45 https://t.co/hmteE8EvdH",0,1,"Assistant: AI

The tweet contains an obvious"
"“Yes, he gamed 40 years of neoliberal wackoism so he didn’t have to pay taxes…” from ‘Don’t Lambast Bezos for How He Spends His Money’ https://t.co/eBGCOWt1S5 #politics #money #JeffBezos #Medium https://t.co/HKGlGiCKy4",1,1,"AI

The tweet contains a complex sentence structure"
"Observation:
Twitter &amp; those w/ the most power in the culture leans left

They treat us mainstream rightward writers &amp; thinkers as heretics

think sharing our ms popular &amp; researched opinions that strike against theirs as offensive &amp; not just disagreement
#politics #journalism",0,0,"#opinion
Human

The tweet displays a"
Red tape reduced for wine imports to save British wine lovers £130m a year https://t.co/Ct8CVnlaNU #Politics https://t.co/eQQT8822Zi #Red #tape #cut #for #wine #imports #to #save #British #wine #lovers #£130m #a #year #  851,1,1,"AI
The tweet appears to be generated by"
"Disney says it supports gay rights despite donating to ‘Don’t Say Gay’ bill backers #politics #news

https://t.co/IDc0q0xTQL",0,1,"Assistant: AI

The tweet contains a factual"
"Germany implements stricter entry rules for arrivals from Spain, Netherlands and Georgia https://t.co/PGQni5eTTh #Politics https://t.co/eQQT8822Zi #Germany #imposes #stricter #entry #rules #for #arrivals #from #Spain #Nerlands #and #Georgia #  727",1,1,"characters
AI
The tweet appears to be a"
Politics Podcast: Why The False Narratives From Jan. 6 Persist This week marks six months since pro-Tru... #Podcast #Politics https://t.co/X59fLlv8IQ,1,1,"AI or Human: AI

The tweet appears"
"Majority of employers say UK’s Statutory Sick Pay rate is too low #NewsUpdate #News #BreakingNews #Breaking #news #Business #Politics #Science #Technology #World #follow #Follow #followus #followme #retweet #Retweeet #Retweet #RetweetPlease

https://t.co/xSyVSKL5yO",0,1,"Assistant: AI

The tweet contains multiple hashtags"
Are #Republicans still recognizable as Republicans? @HalliShowQuotes shares her thoughts on how the #GOP became #GQP. #Politics #https://buff.ly/3iDJrs5 https://t.co/9Pfkp731q7,1,1,"AI

The tweet appears to be written in"
"Charlie is not the first cis woman to get harassed while using the bathroom. She definitely won’t be the last as long as people are policing bathrooms.
 @smedian_network #Transgender #LGBTQ #Politics #Equality #SocialJustice https://t.co/f1LFclvk2b",0,1,"AI

The tweet contains a mix of"
Twitter just banned the Nation of Islam — for ‘vaccine misinformation’ of all things…-  #news #politics - https://t.co/Jwngrj5taQ,1,1,"AI

The tweet appears to be a commentary"
Zelenskyy Says the World Should ‘Be Ready’ For Nuclear War With Russia (VIDEO)  Ukrainian President Volodymyr Zelenskyy is warning that “all of the countries of https://t.co/dgez0Alrt9 #politics,0,1,"#ukraine #nuclearwar
AI"
Panel launched to review Chinese measures on imports of Canadian canola seeds https://t.co/wvPV7xACny #Politics https://t.co/eQQT8822Zi #Panel #established #to #review #Chinese #measures #on #imports #of #Canadian #canola #seeds #  334,1,1,"characters
AI
The tweet appears to be a"
"@munirahmedap #pti #ik has inflicted immense damage during last decades....Fatima Jinnah was also subjected to similar abuse. 
#Pakistan #Politics #Terminology",0,1,"AI

The tweet contains a mix of"
"President Trump delivers a series of statements on surging crime, mainstream media &amp; midterms https://t.co/GUO5nEomzE  - @politic_talks #politics #politic",1,1,"stoday
AI or Human: Human

The"
"[ 3 ] . .  Najaf, Iraq .  Monday, 26 July 2021 .  Second USA military and Israel airstrike happened on the same military base at 5:30 pm local time (1430 GMT)  . . #Politics, #World, #News, #Iraq, #Israel",1,1,", #USA
AI

The tweet appears to"
"EU POLITICS 

Is superb without Britain 🙏

Well done Eu 👋

#EuParliament #EuropeanUnion #EuPolitics #Politics #Brexit https://t.co/qsiCO3CUFj",0,1,"Assistant: AI

The tweet appears to be"
.@JubileePartyK and @TheODMparty top the list of richest political parties in Kenya. The revamped UDA appears to have the highest odds of becoming the most powerful outfit ahead of the 2022 polls. #tukonews #politics https://t.co/pJFqy9s4mX,1,1,"AI

The tweet contains a mix of factual"
Finance Minister Datuk Seri Tengku Zafrul Abdul Aziz today said that the government will continue to provide support to the public and businesses by reducing spending and borrowing.  #TheAsianAffairs #Malaysia #Politics #Government #Aziz https://t.co/EEcpLZpwMy,1,1,"AI

The tweet appears to be a news"
"National Insurance contributions will rise by 1.25% to pay for the social care system in England in a bid to end the ""unpredictable and catastrophic costs"" faced by many. Do you support or oppose this decision from the government? #Politics #Twitter #Polls",0,1,"AI

The tweet appears to be a factual"
Former Wyoming Senator Mike Enzi Dead At 77 Following Bicycle Accident https://t.co/L30pddndvj #politics #opinion https://t.co/qQL3lJfrvK,1,1,"AI

The tweet appears to be a factual"
European Commission disburses €24.9 billion in pre-financing to Italy https://t.co/20dmaSWtvX #Politics https://t.co/eQQT8822Zi #European #Commission #disburses #€24.9 #billion #in #pre-financing #to #Italy #  306,0,1,"AI
The tweet appears to be a factual"
"Here Is China’s Biggest Threat in Its Plan To Overtake America

Demography is the main adversary for China

#China #Politics #America #Economics 

https://t.co/0GWKzq5Yb4",0,1,"Assistant: AI

The tweet contains a factual"
Via @RawStory: Here's how the far right is trying to seize control of the environmentalist movement https://t.co/G7voxEwxzW | #politics #trump #corruption,0,1,"AI

The tweet appears to be a news"
"Once upon a time, there was a movement focused on getting #BlackMen ahead in #politics and leadership. Now, its #Women and #homosexuals (nothing wrong with either). What happened?",1,1,"#SocialMedia #Change
AI

The tweet"
"@OulaKadhum's full report on #Iraq-i diaspora mobilization in the #UK can be found below 👇👇  '[D]iaspora #mobilization has been affected and shaped by #homeland #politics and dynamics, privileging some while thwarting others.'  https://t.co/Gr1CJYCOg3 https://t.co/xbT7oMsknz",1,1,"AI

The tweet appears to be written in"
"Retail workers across the country fear a fresh round of violence and abuse, as mask mandates are being reinstated around the country. #legal #health #medical #safety #politics 
https://t.co/jTSA8EOKl7",0,1,"AI

The tweet contains a mix of"
"New York Governor Cuomo: Repeal SALT, we pay double taxes https://t.co/dDGOm21jOq #Politics https://t.co/eQQT8822Zi #Repeal #SALT #New #York #Governor #Cuomo #zamjenska #we #pay #double #taxes #  456",1,1,"7890
AI

The tweet contains"
"At ALEC's Annual Meeting, MAGA Hat-Wearing Members Seek 'America ... (Truthout)  The American Legislative Exchange Council (ALEC) is holding its first post-Trump in-person m...  Add your highlights: https://t.co/tGN37gqur4  #LeftWing #Politics...",1,1,"AI
The tweet contains political commentary and references"
CDC Says ‘New Data’ Shows COVID Cases in Vaccinated People Can Transmit as Much Virus as Unvaccinated #news #politics #covid19 #journalism  https://t.co/R9T0pLOjiP,1,1,"AI

The tweet appears to be generated by"
"#Politics Betting

US Presidential Election 2024 -  Odds to win:

Donald Trump Sr.  +275
Joe Biden +500
Ron DeSantis +500
Kamala Harris +800
Mike Pence +1600
Nikki Haley +1800

More: https://t.co/88Wzg8h1cl",0,-1,This is a fictional betting scenario and not based
"Arizona AG gears up for Supreme Court fight with Biden admin over Trump-era rule on immigrants, welfare https://t.co/XKzhmh18QK  - @politic_talks #Politics #Political",0,1,"News
AI

The tweet appears to be a"
Phil Murphy appoints two women to Bergen County's top elections posts - https://t.co/W3gqMBedZr https://t.co/JeDaFeMncx #2020Elections #Elections #Politics #GeneralElection,1,1,"AI

The tweet appears to be a factual"
"UNSC Holds Monthly Anti-Syria Chemical Propaganda Meeting:

https://t.co/v9X3TUc5lH

#Syria #News #Politics #UNSC #ChemicalWeapons #WMD #USA #France #UK #Britain #Germany #UN #Terrorism #RegimeChange #Propaganda #MSM",0,1,"#MediaBias
        AI

The tweet appears"
"New York Gov Cuomo sexually harassed women, state probe finds (https://t.co/iDkcqgoscF)

Probe reveals a deeply disturbing, yet clear picture' of illegal sexual conduct towards youn...

Add your highlights:
https://t.co/udicfXPExc
 #NY #politics #nycp...",0,-1,The tweet appears to be referencing a news story
Key Takeaways from the Biden Town Hall — By Topic of Discussion by @juliovincent in @genmag https://t.co/bNC0O6rXs6 #Politics #Government #Society #Pandemic #Media,0,1,"AI or Human: Human

The tweet appears"
Russia plans no reduction of gas pumping via Belarus https://t.co/11GLt1P87M #Politics https://t.co/eQQT8822Zi #news 898,0,1,"likes 34 retweets
AI

The"
"We like songs of love. 
So while the governments burned away our world, trampling the republic, we got drunk on love. 
Pass me the tonic. 

#BidenIsAFailure #Politics #India #anarchy #DrugsCase #Modi #FarmersProtest",0,1,"#LoveWins
        AI

The tweet contains"
Austria to deploy more soldiers to eastern border to halt migration flux https://t.co/daFovWj3ca #Politics https://t.co/eQQT8822Zi #Austria #to #deploy #more #soldiers #to #eastern #border #to #halt #migration #flux #  728,0,1,"chars
AI
The tweet appears to be a"
"#Politics So the mass rollout of vaccine at Vodafone Centre saw just 3000 takers out of 15500. Targeted at immigrants, maori and pasifika. One GP says low response is because 'it is boring'. Doubtless this govt organised shambles will be the fault of 'systemic racism'.",1,1,"#NZVax
AI

The tweet contains"
"C To the next best option they change colours, collars, but still promise the people everything under the sun, moon and the bilkyway! So #politics is where #WeThePeople are supposed to shift base as the #politicalpromiscuity just cues into the way the same bunch of wannabes follow2D",1,1,"polls and not the people's needs. 

AI"
"More rhetoric from Tony Blair. Tony Blair had power and he lacked the policies &amp; integrity. 
Winning Power is no good to us without the policies and integrity. 
Corbyn had the policies &amp; integrity &amp; would have won if it had not been for self-serving right wing Labour. 
#Politics",0,-1,#TonyBlair #JeremyCorbyn
Q&amp;A: A conversation about U.S. election polling failures in 2020 - Pew Research Center https://t.co/cM3WDuQtMa #2020Elections #Elections #Politics #GeneralElection,1,1,"AI

The tweet appears to be a summary"
"The World is So Messed Up, We’re Inventing New Forms of Trauma by @umairh https://t.co/vUhWwLAWnq #Life #News #Leadership #Culture #Politics",0,1,"AI or Human: Human

The tweet appears"
"Climate, politics demand Biden get tough on auto pollution | New EPA rules wrapped anemic pollution reductions with tinsel and bows for the auto industry in the form of loopholes a #politics

https://t.co/hQzMs61VOW",0,1,"AI

The tweet contains a mix of political"
"I don’t like politics due to #Cruelty #lie #Selfishness I have seen, But unfortunately it regularly aspects the life of ordinary people and that’s why we can surely say it. The #politics either it’s good or wrong, impacts the people and they become Victims. https://t.co/NCUPfevkgl",0,1,"AI

The tweet contains a mix of natural"
@priya_27_ @BJP4India @narendramodi @AmitShah @PMOIndia @HMOIndia @JPNadda must take d blame. None honestly tried 2 change it but will always b there to play #dirty #politics n blame anyone n everyone !! Hw genuine BJP’s intentions r 2 transform is questionable or d pace is too slow🤨!!,1,1,"AI
The tweet exhibits characteristics that are common"
"To what extent, if at all, would you support or oppose the Government regulating social media companies? #SocialMedia #Politics #Government #Twitter #Polls",1,1,"AI

The tweet appears to be a neutral"
"Senators put YouTube, TikTok, Snap on defensive on kids’ use
#SocialMedia
#Twitter
#Facebook
#TikTok
#DOJ 
#Section230 
#Teens
#Media
#News
#Politics
#2020Elections
#SiliconValley
#FCC
#Snap
#Lawsuits 
#Whistleblower 
https://t.co/cXFwb2SoTp",0,1,"AI

The tweet appears to be a news"
75% of CDC employees have NOT refused to vax. #politics  https://t.co/sOk4Isp2Cu,0,1,"AI

The tweet appears to be a factual"
"Tina Peters, Colorado election official, headlines Mike Lindell's symposium on first night - Washington Times https://t.co/8keAkMHOvX #2020Elections #Elections #Politics #GeneralElection",0,1,"AI

The tweet contains a factual statement about"
"@deceleratedlife @USMC @USNavy @usairforce @USArmy I would add that these leaders have gone to the side of being woke. Being politically correct is much more important than military readiness and having qualified and intelligent people.
#woke #gobroke #military #politics",0,1,"AI

The tweet contains a mix of"
Australia refuses to promise net zero emission in next 30 years https://t.co/VEWBMVGKtt #Politics https://t.co/eQQT8822Zi #Australia #refuses #to #commit #to #net #zero #emission #in #next #30 #years #  820,1,1,"1
AI
The tweet appears to be generated"
Women to hold fort at ‘Kisan Sansad’ in central Delhi on July 26; SKM prepares to launch ‘Mission UP’ - https://t.co/j4jZc8glTk  #medleynews #india #news #FarmersParliament #FarmersProtest_AtParliament #FarmersProtest #KisanSansad #KisanAndolan #rights #Politics,1,1,"AI

The tweet contains several hashtags and mentions"
"BREAKING: Governor #AndrewCuomo of #NewYork has declared he will resign, effective in 14 days. • • • #politics #governor #unitedstates #scandal",1,1,"AI

The tweet appears to be a news"
"Former Sec of Labor @RBReich joins #VoxConversations to discuss his decades in politics, his long history of fighting to solve inequality, and how he uses social media to educate the youth. https://t.co/gKBp0dX6PP

#WeLoveOurSpeakers #Politics https://t.co/4yWRu3APNG https://t.co/DVdneWcrNv",0,0,"Assistant: Human

The tweet appears to be"
"The poor will pay for the #NHS while the rich are protected 

The media are not telling you the full story

#brexit #conservative #labourparty #chriswitty #nationalinsurance #borisjohnson #downingstreet #politics #cummings #KeirStarmer https://t.co/fizXPtjfKy",0,1,"Assistant: AI

The tweet contains political commentary"
@mjrowland68 @SenatorCash @theage It won't be a corruption watchdog if the LNP put it together. It will be a corruption whitewash. Vote #TNL and get real accountability. @victorklineTNL #auspol #Politics #LNPCorruptionParty,1,1,"AI

The tweet contains political commentary, uses"
Hey all! Here's a thread you might have missed. Read about....'The Spreading Infodemic Of Misinformation.'  https://t.co/OtG6nsLSpn #Politics #GOP #MoneyInPolitics,1,1,"AI or Human: AI

The tweet appears"
I disagree that the policy is per se discriminatory.  A host of other medical conditions also prevent enlistment/commissioning.  That's exactly why we have MEPS physicals.  #law #politics  The military's HIV policies are discriminatory — and decades behind the times https://t.co/Dskj3RTZvK,1,1,"AI

The tweet contains a nuanced argument about"
Parliament Session: Is the Opposition protest valid or is it wasting time? Congress’ @SupriyaShrinate and BJP’s @IGuruPrakash debate. #NewsToday with @sardesairajdeep  #Pegasus #ParliamentSession #Politics #Re https://t.co/OONdKHGjhw,1,1,"AI

The tweet appears to be a news"
Trump slams McConnell as the 'most overrated man in politics' https://t.co/A1Q32rYoJC @MailOnline #DonaldTrump #JoeBiden #politics #MitchMcConnell #government,1,1,"AI

The tweet appears to be a headline"
Via @TPM: Why Are All Bannon’s Operatives and Funders Foreigners? https://t.co/w8zzPlXKEy | #trump #politics #election2020,0,1,"AI

The tweet appears to be a summary"
"Tax white people. Defund systemic racism, white supremacy &amp; white privileged. #blm #GenshinImpact #politics #police #defundpolice . Give them no choice. Take their choice away. #karma #KaranKundrra #JENNIE #JAKE Restore balance",0,1,"to the world. 🌍
AI"
"Norway to allocate equivalent of 20m euros to Ukraine to help pay pensions, salaries, social benefits https://t.co/ltbvG2o7ZS #Politics https://t.co/eQQT8822Zi #news 948",0,1,"characters
AI
The tweet appears to be a"
'Sore loser' Trump reaps fruits of election lies in Arizona - CNN https://t.co/gDsMyXx7w9 #2020Elections #Elections #Politics #GeneralElection,0,1,"AI

The tweet appears to be a headline"
"#politics #UnitedKingdom 
UK has created a 2nd-tier category of British #citizenship, which applies predominantly to #ethnic minorities so that it can take away citizenship at any time, without notification, on vague conditions, and with no legal redress.
https://t.co/rBmBvUzwfd",0,1,"AI

The tweet contains complex political commentary"
Governor DeSantis: Florida parents free to choose masks or not https://t.co/cOh4FgNV9Z #Politics https://t.co/eQQT8822Zi #Governor #DeSantis #zamjenska #Florida #parents #free #to #choose #masks #or #not #  416,0,1,"AI
The tweet contains a mix of English"
Tanzanian opposition party leader charged with terrorism https://t.co/z2d7VjNYjM #Politics,1,1,"#Tanzania
AI

The tweet appears"
"‘Completely blocked’ Ukrainian cities of Kherson, Berdyansk, says Russian defence ministry
BITS NEWS INDIA #news #covid #coronavirus #like #india #love #instagram #media #follow #music #viral #fashion #breakingnews #instagood #noticias #corona #politics … https://t.co/OjyNA5ii5r https://t.co/jkVbiyiQLy",0,1,"AI

The tweet contains a mix of"
PM joke about mine closures may further damage party reputation in Scotland #Tories #Scotland #Politics #News #UKNews #tickirnews https://t.co/6IRQMU4Ts7,0,1,"AI

The tweet contains a mix of political"
Why did The Trump admin decide on Jan 4th to send orders that limited the national guard’s ability to respond to the protestors?  https://t.co/1tEDREdN7w  #January6thCommittee #Jan6 #Politics #NationalGuard,1,1,"AI

The tweet appears to be written in"
"#Politics behind the naming of #PublicPlaces
https://t.co/u7SW0HQqpb
#लेके_रहेंगे_pok https://t.co/mG7hZBBX5f",0,1,"AI

The tweet contains both English and Hindi"
"The party says it now has 852,711 active members across the country.  #Nepal #Politics #NepaliCongress  https://t.co/lBosxTHuQ9",1,1,"AI

The tweet appears to be a factual"
@EricTopol @JamesPoliti @FT @tarahaelle @NatGeo No way! #Fauci cannot be wrong. Or was it the 6 feet distancing… seems the 2 are correlated or not 🤷 — waiting for the married couple (#science and #politics) to guide me to safety.,0,1,"🙃
AI

The tweet shows a"
Why is it that the USA fails to pay good wages to those that teach our kids and those that feed us? #Politics #DoBetter,0,1,"USA
AI

The tweet appears to be written"
White House says masks are 'extra' protection for vaccinated as it reiterates 'the vaccines work' https://t.co/i2IFIyoOgB  - @politic_talks #Politics #Political,1,1,"News
AI

The tweet appears to be a"
Questioning @Burien City Council Candidates Part 5: What approach should the city take toward the airport’s growth plans? https://t.co/ic4TUo07bC #burien #election #candidates #politics #questions https://t.co/jRbE0d5tIT,1,1,"AI

The tweet appears to be a question"
"#Politics - Ghani out of options as Taliban neutralizes warlords - Afghan president's bid to form an anti-Taliban united front of national forces and local militias isn't working!
https://t.co/4hapUhMCWw",0,1,"AI

The tweet contains a factual statement"
Climate group protests outside of where Manchin docks his houseboat https://t.co/HLwUH5Dwq1  - @politic_talks #Politics #Political,0,1,"News
AI

The tweet contains a mix of"
U.S. Composting Infrastructure Coalition Applauds Introduction of #Compost ACT https://t.co/qUIeGRiM6d #Economy #Politics #RenewableCarbon,0,1,"AI

The tweet appears to be a promotional"
#PelosiRepublicans want to get to the bottom of how our Capital was ransacked on #January6th. McCarty Republicans want to look the other way because their party was mostly responsible for what happened. It’s really that simple. #TrumpRepublicans #America #Politics https://t.co/MMOtPPAMZE,0,1,"AI

The tweet contains political commentary and uses"
Malaysia COVID-19 state of emergency is to end https://t.co/XAXHp353o8 #Politics https://t.co/eQQT8822Zi #Malaysia #COVID-19 #state #of #emergency #to #end #  491,1,1,"characters
AI
The tweet appears to be a"
"If you become just as evil as the people you are fighting against, have you really won?

You think the end justifies the means, however vile. I tell you: the end is the means by which you achieve it. Today's step is tomorrow's life.

#politics",0,0,"#morality
Human

The tweet expresses a"
Being 'found in Christ' has zero to do with who's in the White House.  #Politics #Salvation,1,1,"AI

The tweet appears to be a statement"
House Dems coalesce around taxpayer funded abortions https://t.co/wvJt6lL6hN  - @politic_talks #politics #politic,1,1,"stoday
AI

The tweet appears to be"
"Following the EC verdict, the party will probably join the Deuba government in a day or two. #Nepal #Politics #Jspn https://t.co/cBXaHOj1XH",1,1,"AI

The tweet appears to be a factual"
@ValuetainmentTV founder is willing to spend 5 million of his own money to bring @BarackObama and Donald together with the goal of reuniting the country.   #USA #Politics #DC #NYC #LA #Texas #Covid_19 #WhiteHouse #BLM #MAGA #Biden https://t.co/RmYUn0njxO,1,1,"AI

The tweet contains a mix of real"
"In a Few Hours, Amerikkka’s Gestapo Begins Its March - via @pensignal #Politics #Nazis #JerryNelson #Writer #Nationalism https://t.co/cI4Q1zYcMJ",1,1,"AI

The tweet contains several elements that are"
Collateral damage continues https://t.co/g19ehe21qf #Minneapolis #Minnesota #GeorgeFloyd #protest #riots #chaos #police #crime #lawlessness #politics #government  @AGEllison  @keithellison @LtGovFlanagan  @peggyflanagan @RashidaTlaib  @RepRashida @RoKhanna @RepRoKhanna,1,1,"AI
The tweet appears to be generated by"
"Summit County requires masks in its buildings, but voting locations could be the exception - Akron Beacon Journal https://t.co/wypblTi5CV #2020Elections #Elections #Politics #GeneralElection",0,1,"AI

The tweet appears to be a factual"
"Tunisian President dismisses Prime Minister, suspends parliament amid unrest  #Tunisia #Parliament #Government #Politics #Protests #CivilUnrest #CivilRights #Protests  https://t.co/7RTRG8OZkK",1,1,"AI

The tweet contains a factual statement about"
"Lieutenant Governor has the nerve to weigh in on an elected official in a state 3,000 miles away while his state is a Goddamn dumpster fire. #Politics #Fetterman",1,1,"AI

The tweet contains informal language and a"
STOP RUSSIAN MEDDLING IN USA ELECTIONS. DUMP THE ELECTRONIC VOTING MACHINES. GO BACK TO PAPER BALLOTS #elections #politics https://t.co/new4yBX19U https://t.co/5kzbkaLshf,1,1,"AI

The tweet appears to be generated by"
"Tory climate minister travels to 30 nations in 7 months but hasn't isolated once: The President for COP26 and Minister of State at the Cabinet Office Alok Sharma has travelled to 30 countries this year, including at least… https://t.co/lcVm1G4rSO #Politics FOLLOW @torysleazeUK https://t.co/Hbsh5FaUDV",0,1,"AI

The tweet contains a mix of factual"
"Via @RawStory: Pro-Rittenhouse tweets came largely from Russia, China and the EU: ex-FBI official https://t.co/YvPIxofxkg | #politics #trump #corruption",0,1,"AI

The tweet appears to be a summary"
Parents Defy “No Nation Anthem” Rule at Softball Game - via: @charliekirk11 https://t.co/WAfCtGHZid #politics #videos https://t.co/DVtwGfwxuX,0,1,"AI

The tweet appears to be a news"
@GBNEWS Would it not be cheaper and easier on the ferries? #GBNews #Immigration #migrants #travel #BrexitReality #BrexitBritain #BrexitDisaster #BrexitExplained #englishchannel #channel #English #Asylum #SaturdayMorning #SaturdayWisdom #news #television #CommonSense #politics #European,0,-1,Union #EU #UK #UnitedKingdom
Nice to see when two ministers having a debate. I believe Indian politics is changing in a good way. 🙂 Now I want to see a similar debate in UP and all other states. #AAPvsBJPPowerDebate #Politics https://t.co/F59eWrXTQv,1,1,"AI

The tweet appears to be written in"
Via @RawStory: Newsmax cuts away from Officer Fanone's testimony and instead airs a guest blaming 'BLM and antifa' for Capitol riot https://t.co/wu2Ec9fdn7 | #politics #trump #corruption,1,1,"AI

The tweet appears to be a summary"
"Brazil may be short 2GW in November

#politics #environmentalism #EnvironmentalJustice #economy #BrazilDrought2021 
https://t.co/I7VKY6L7J1",0,1,"Assistant: AI

The tweet contains relevant hashtags"
"'This has been the most successful presidential start in the experience of most Americans.'  --- Edward Luce, July 23, 2021, 'The Financial Times.'  #Democrats #Politics",1,1,"AI

The tweet appears to be a factual"
"I (early) voted today... #Norfolk #vote #vote2021 #Virginia #Friday #politics @ Norfolk, Virginia https://t.co/r6UKIVykdS",0,1,"AI

The tweet contains a mix of lowercase"
"Spurred by pandemic, Barcelona backs greener, car-free future via @Reuters 

https://t.co/Nuujqo1Ot3 

#Spain #Barcelona #cities #traffic #cars #pedestrians #bicycles #cycling #climate #livability #neighborhoods #environment #cities #towns #innovation #policy #politics",0,1,"#sustainability #green #future
        AI"
@mjrowland68 @SenatorCash @theage It won't be a corruption watchdog if the LNP set it up. It will just be a corruption whitewash. Vote #TNL and get real accountability. @victorklineTNL #auspol #Politics #LNPCorruptionParty,1,1,"AI

The tweet contains political commentary, uses"
Via @huffpostqueer: Ruby Rose Tearfully Describes Her ER Visit Amid Overcrowding Due To COVID https://t.co/ZgSz8RQxGp | #lgbtq #lgbt #politics,1,1,"AI

The tweet appears to be a summary"
UK MPs Agree To Probe Whether Boris Johnson Lied To Parliament Over Lockdown Parties https://t.co/5gECuAuHq7 #news #worldnews #auto #entertainment #business #health #indiaNews #politics #sports #tech #news #elections https://t.co/658xFWRUYv,0,1,"AI

The tweet contains multiple hashtags and mentions"
Now tick your 'Neoliberalism' square and your 'Who we are' square as well. https://t.co/NyjsD2UdV2 #cdnpoli #ElectionBingo #Politics,1,1,"AI

The tweet appears to be a template"
"@shazbkhanzdaGEO ""It is never easy to find a way out of the labyrinth of devious designs by treading a straight path.Hence, tendency on the part of the artful politicians to adopt shortcuts that have led us no where.""
#democracy #politics #journalism 
https://t.co/Jk2iCyF6Xl",0,1,"AI

The tweet contains complex sentence structures and"
"Home Care Leader Kearni Warren Shakes Up Chester’s Establishment  
My job is done.I shook up the establishment &amp; status quo in Chester. #chesterpa #ElectionsResults2021 #pennsylvania #politics #blackexcellence #greenparty  #greentwitter #BlackLivesMatter

https://t.co/f9KJL1DezE",0,1,"AI

The tweet contains a mix of"
Via @RawStory: DeSantis says he's 'happy' with COVID trends in Jacksonville even though ICU beds have hit capacity https://t.co/f8xy7SqUDk | #politics #trump #corruption,1,1,"AI

The tweet appears to be a news"
"@USAlight3 So Lindsey Graham (R) is smarter than I thought: He indirectly complimented Joe Biden, tsk-tsked GOP extremists AND avoided getting in trouble.
 That's a slippery piggy right there!😂🤣 #Politics",0,-1,#Graham #Biden #GOP #Sl
@TimWilsonMP @julia_zemiro Australians won't listen to you anymore @LiberalAus @LNPQLD @The_Nationals . Australia needs leaders displaying #Leadership to get us out the #pandemic. @ScottMorrisonMP just makes announcements and plays #Politics  #notaleaderjustaliberal #auspol,1,1,"AI

The tweet shows characteristics of AI-generated"
AL leader hacked to death in Bogura #Politics   https://t.co/DCM6hEknW1,1,1,"AI

The tweet contains a factual statement about"
"[ 2 ] . U.S Military . Forgotten  . War Crimes  . The Obama - Joe Biden years  . [ December 7, 2015 ] . In May 2015, U.S military  dispatched 400 U.S Special force’s  to help ISIS slip into Jordan during Russia’s airstrikes . https://t.co/PClfwjVma4 . #News, #World, #Politics, #Syria",1,1,", #Iraq, #ISIS
AI

The"
"Interested to know: Do people, whether in Fine Gael or not, think of the party as conservative or liberal or more centrist? And can you name the key values they stand for? #finegael #politics",1,1,"AI

The tweet appears to be a neutral"
Free speech or secession? 'Liberate Hong Kong' lies at the core of a landmark case  #AsiaPacific  #HongKong #HKProtests #Beijing #SecurityLaw #China #Extradition #CarrieLam #XiJinping #Police #Freedoms #Sedition  #Politics #Britain #Democracy https://t.co/mFXer5Y16R,1,1,"AI

The tweet contains a mix of factual"
Fir #dems who support #adamschiff it is about justice not #Politics https://t.co/hkmwhNdPbo,1,1,"AI

The tweet appears to be a shortened"
"The Lewiston &amp; Auburn Mayor and the Chamber of Commerce for both cities publicly announce their endorsement for the NECEC, encouraging Mainers to vote “NO” on Question 1 🗳 

#cleanenergycorridor #CMP #Question1 #vote #Maine #NECEC #news #politics #environment 
@maria_manning4 https://t.co/Fv836XLPnd",0,1,"AI

The tweet contains a mix of factual"
"Think #Fracklighting is an excellent even for the current #Federal #government and #NSW #politics. Very explosive, wasteful and mostly distracting everyone from the real issues. #auspol https://t.co/RGZOAPCMl6",0,1,"AI

The tweet contains a mix of hashtags"
"Nepal's politicians and bureaucrats, in league with contractors, are turning the public procurement rules into a joke. #Nepal #Corruption #GoodGovernance #Development #Business #Politics https://t.co/IRLXieUz5B",1,1,"AI

The tweet contains a complex sentence structure"
Via @RawStory: US finds China's sea claims have 'no basis' in international law https://t.co/bFspJWdRJK | #politics #trump #corruption,1,1,"AI

The tweet appears to be a news"
"British Foreign Office notified of new head to Myanmar's mission in UK via @Reuters 

https://t.co/GIg6EIaEQj

 #Myanmar #coup #protests #Rohingya #Bangladesh #UN #UNHCR #ICJ #ICC #CrimesAgainstHumanity #EthnicCleansing #genocide #humanity #refugees #families #diplomacy #politics",0,1,"#ukmyanmarrelations
        AI

The"
"Cops blame Trump, Republicans for allegedly inspiring and then downplaying the Jan. 6 Capitol attack https://t.co/BI2lUdjcVH  - @politic_talks #Politics #Political",1,1,"News
AI

The tweet contains a complex statement"
Bidens executive order on cryptocurrency opens the door for a US coin  Engadget #news #gear #government #currency #internet #politics #treasurydepartment #presidentbiden #tomorrow #money #commercedepartment #cryptocurrency https://t.co/g8HhU6UWFa https://t.co/vdIBuEeMKZ,0,1,"AI

The tweet contains multiple hashtags and mentions"
"@JOSH_MULA_TMC that was the original intent of #bluelivesmatter was 2 maintain the #population especially amongst the minority populations (who were more regularly disgruntled due to lack of #accredited #education,  #equal #representation in #politics and #corporate life and #policebrutality)",1,-1,"To understand the original intent of #BLM,"
Kevin McCarthy goes after Nancy Pelosi over Jan. 6 committee picks #uspoliticalnews #politics #usnews #news https://t.co/Ydd5FRsWab,1,1,"AI or Human: Human

The tweet appears"
Mandya Follower laments to BSYs exit https://t.co/Dur1AFIRBH #Politics #politicalnews #bsysexit #mandya #NEWSUPDATE #news #kannadanews https://t.co/dqvdFjvFHb,1,1,"AI or Human: AI

The tweet appears"
#Narendra_Modi #Politics #Asia_Economy #China #India China's Xi Jinping to attend virtual BRICS summit chaired by India https://t.co/GSHoS2nWgD https://t.co/Cv3EpDx1E3 https://t.co/HExhIWut2i,0,1,"AI

The tweet appears to be a factual"
.@MoiGideon has called on NASA leaders to unite if they are to have a chance of winning the 2022 presidency. #tukonews #politics https://t.co/OLbzBaLL3u,1,1,"AI

The tweet appears to be referencing a"
"#Business #BitcoinUSDCoinMetrics #Bitcoin #Politics Sen. Elizabeth Warren dismisses a key reason investors buy bitcoin, calls for tighter regulation - CNBC https://t.co/T8Nx0wLUb2",1,1,"AI

The tweet appears to be a summary"
UK announces further import sanctions against Russia https://t.co/yuEdfsQZGa #Politics https://t.co/eQQT8822Zi #news 500,0,1,"+ retweets
AI

The tweet appears to"
Side by side comparison of the news. Point out overt bias or under-reporting you see. Share to support an informed democracy. #news #politics #media #msnbc #cnn #fox - More at: https://t.co/OCTLN0v95U https://t.co/X5lYwcmioc,1,1,"AI

The tweet contains a call to action"
"For the sake of #skepticism, let's turn down the screens and pick up more books. #politics",1,1,"#reading
AI

The tweet appears to be"
"Eric Adams Elected Mayor of NYC! 🇺🇲🌊

#breakingnews #news #politics #nyc #newyorkcity #congratulations #ericadams #newyork #election2021 
#bluewave #progressivenews #america #reaction #voteblue #bigapple https://t.co/eMh4z0Wwmm",0,0,"Assistant: Human

The tweet appears to be"
"CDC reverses indoor mask policy for vaccinated people, calls for universal masking in public schools https://t.co/r8RJ1CKGBd  - @politic_talks #politics #politic",0,1,"stoday
AI

The tweet appears to be"
Trump Calls Republicans 'Weak Fools and Losers' for Negotiating Inf... (Truthout)  As Republicans tussled with Democrats and the White House over the massively watered-down b...  Add your highlights: https://t.co/1AvRQIOToV  #LeftWing #Politics...,1,-1,To determine if this tweet was written by a human
@SuelleSSA Read it &amp; had to wonder who wrote such drivel. This Press Release seems to take us women for idiots 😡😡  #Jamaica’s 2 #political parties need to clean up their behaviours toward #women in #politics &amp; in general.,1,1,"#MeToo
AI

The tweet contains several"
"Manchin supports leaving Ukraine no-fly zone an option, banning Russian oil imports despite soaring inflation https://t.co/hNqRQOu3yl  - @politic_talks #Politics #Political",0,1,"News
AI

The tweet appears to be a"
"Many of these mayors sit in their large, guarded residences, while criminals roam the streets.

It is time to hold the politicians accountable for failed policies, especially those who advocate for defunding the police while crime is out of control.   

#crime #america #politics https://t.co/HIqOSxlc3m",0,0,"Assistant: Human

The tweet expresses opinions and"
"@NickFerrariLBC Are you dim? #Covid19 is just a tiny speck of poison. It can do nothing unless people take it in, replicate it and spread it - people like @sajidjavid who fail to protect themselves. If we all 'cowered', the #virus would die in a month. #NHS #politics #health",1,1,"AI

The tweet contains complex reasoning about the"
Is politics affecting Florida election law enforcement? - Orlando Sentinel https://t.co/2ongt2vzmt #2020Elections #Elections #Politics #GeneralElection,1,1,"AI

The tweet appears to be a headline"
Panel established to scrutinize Chinese measures on imports of Canadian canola seeds https://t.co/wvPV7xACny #Politics https://t.co/eQQT8822Zi #Panel #established #to #review #Chinese #measures #on #imports #of #Canadian #canola #seeds #  495,1,1,"characters
AI
The tweet appears to be machine"
Via @RawStory: Trump’s special counsel to investigate Mueller’s probe can’t undo Russia discoveries: conservative columnist https://t.co/aUzFtlIf1r | #politics #trump #corruption,0,1,"AI

The tweet appears to be a news"
Police raid Nicaraguan paper that branded government a ‘dictatorship’ https://t.co/zA5QDX3wP2 #Politics #Police,0,1,"State
AI

The tweet appears to be a"
Shifting from working national and state/local campaigns (TX) during the 2020 cycle to watching #NOLA results come in tonight is such a weird shift for me. #Elections #Vote #Politics,0,1,"AI

The tweet appears to be written in"
"Community members want to have their say on local housing developments, survey reveals https://t.co/BBWdVSWLnd #politics",1,1,"#housing
AI

The tweet appears to be"
New mayors elected in historic victories in Calgary and Edmonton https://t.co/hNNftHDUSl @JyotiGondek @AmarjeetSohiYEG #politics #mayors #localgov https://t.co/XAT7bgKrzP,0,1,"AI

The tweet appears to be a news"
The Joint Committee on Vaccination and Immunisation (JCVI) refused to recommend a widespread rollout to the age group on health grounds alone https://t.co/G5DiPSv43H #Politics https://t.co/fsChgu0o83,0,1,"AI

The tweet appears to be a factual"
https://t.co/UcoFsOGkwb🏴‍☠️ Top ex-Treasury chief rips into Tories social care funding plans as 'tax on jobs': Boris Johnson promised to 'fix the crisis in social care once and for all' in his first speech as Prime… https://t.co/zExYDxI0PM #Politics 𝑭𝑂𝐿𝐋𝑂𝑊 @torysleazeUK https://t.co/xfxN2hYsDO,1,1,"AI

The tweet contains a mix of text"
"Cheney slams her critics, calls Jan 6. committee investigation 'deadly serious' https://t.co/97s0aXUvb2 #Politics",1,1,"AI or Human: Human

The tweet appears"
Poland’s ruling coalition collapses after PM sacks junior partner https://t.co/daDnMtizHR #Politics,1,1,"#Poland
AI

The tweet appears to"
"Former Senator Barbara Boxer Victim of Assault, Robbery in California | National Review #uspoliticalnews #politics #usnews #news https://t.co/jAQYQcDPtR",1,1,"AI

The tweet appears to be a headline"
"Could we please get one senator who isn't a grifting , evil moron? Can someone maybe help us keep voting rights and get an electrical grid? We need a rescue. 
 Signed, 
The People of Texas 
#Cornyn #Cruz #Abbott #Texas #politics https://t.co/hQL8tTCnHV",0,0,"Assistant: Human

The tweet expresses a personal"
Psaki commends 'courageous women' who came forward to hold Cuomo accountable (New York Post)  WASHINGTON - White House Press Secretary Jen Psaki on Tuesday praised the &amp;quot;courageous w...  Add your highlights: https://t.co/O9ieXlGg4W  #LeftWing #Politics...,1,1,"AI or Human: Human. 

The tweet appears"
Supporters and protesters assemble at the Victory Monument for another @Thalufah rally seeking to oust PM #Prayut. #BangkokPost #Thailand #politics https://t.co/3PdJUZXnBL,1,1,"AI

The tweet contains current event information,"
Rep. Finchem's bill to decertify Arizona's election is more about 2022 than 2020 - The Arizona Republic https://t.co/rOUgLFhsGN #2020Elections #Elections #Politics #GeneralElection,0,1,"AI

The tweet appears to be a news"
Why are political parties involving themselves in leagal cases ? Shouldn't this be the only businesses of law(ncb) and accused? #NCB #politics #media,0,1,"AI

The tweet appears to be written in"
"July 28, 1961 - Senator Barry Goldwater said today: “It is now becoming popular in the national Government to investigate and censure military men who speak words of warning about #Communist influences in American life.”  #GOP #americanhistory #politics #coldwar https://t.co/Sv31Ewt9bj",1,1,"AI

The tweet appears to be referencing historical"
New York Governor Andrew Cuomo resigns after sexual harassment findings (that would have been true a week ago. He had to be pushed and pushed) #Politics #Influence #Media #People https://t.co/4VkBMgd8HI via @CTVNews,0,1,"AI

The tweet contains a factual statement about"
"Where do you fall on the bell curve of politics?  I’m right of center, but not far…Think it’s time for a #3rdParty
#Politics #bellcurve https://t.co/R19YaYzvCq",0,0,"Assistant: Human
The tweet shows a natural"
Bilawal Bhutto and Maryam Nawaz allege PTI won through rigging in the Kashmir elections - Geo News https://t.co/EM9Ohv3ZXz #2020Elections #Elections #Politics #GeneralElection,1,1,"AI

The tweet contains a factual statement about"
US Senate Passes $1 Trillion Infrastructure Bill; Bill Returns to House https://t.co/w22wBUsu9N @NPR #politics #budgets #economy #infrastructure,0,1,"AI

The tweet appears to be a factual"
"Biden regime set on resettling 100k+ Afghan refugees into US, blaming the Taliban as the reason…-  #news #politics - https://t.co/yKRa4ZA33d",1,1,"AI

The tweet contains a biased and conspir"
"@ndtv @PMOIndia Hats off to these politicians, they have got real thick skin 😊. After so much direct abuses they have courage to sit f2f #politics",0,1,"AI

The tweet contains a casual and somewhat"
"@GlobalTimesPak How to get NAB bill through but EVM bill not... is the single horn of the opposition dilemma.
#Pakistan #PMLN #PPP #ANP #Politics",0,1,"AI

The tweet contains political terminology and"
Italian and Rwandan leaders join urgent call to transform world's food systems https://t.co/4rNW7OwgCh #Politics https://t.co/eQQT8822Zi #Italian #and #Rwandan #leaders #join #urgent #call #to #transform #world's #food #systems #  594,0,1,"0 characters, including links and hashtags. AI"
"Trudeau was on that alleged “wrong side” of MANDATORY for the last 15 months. He only changed his tune for the election. I wonder why?

#politics
#wedgeIssueToDivideCanadians
#HeDoesNotUnderstandTheScience

And if it’s so important, why wait 10 weeks to implement it?
#Cdnpoli https://t.co/eK9f30nA64",0,1,"Assistant: AI

The tweet contains a mix"
THE FINAL FRONTIER MAY SOON BECOME A WAR ZONE – HERE’S HOW THAT WOULD WORK https://t.co/WaiawAHcgW #geopolitics #france #nato #Politics,1,1,"AI

The tweet appears to be discussing geopolitical"
@oni_blackstock @MrAhmednurAli If this was #WhiteWoman it would be racist? I guess white brown or yellow women are treated like they're not human beings! #USA #NYC #NewYork #politics #Congress,1,1,"AI

The tweet contains a complex argument and"
@POTUS what's the status on raising the wages for teachers?#teacher #Politics,1,1,"AI

The tweet appears to be a question"
Austria to deploy more soldiers to eastern border to halt migration flux https://t.co/daFovWj3ca #Politics https://t.co/eQQT8822Zi #Austria #to #deploy #more #soldiers #to #eastern #border #to #halt #migration #flux #  816,0,1,"AI
The tweet appears to be machine-generated"
"Bipartisanship isn't dead, but we all have to do the choosing: choosing to cooperate; choosing peace in spite of contrary thoughts and feelings. Working together on Capitol Hill and on every Main Street across America. Please don't let it end here.
#Thoughts?
#politics #Congress https://t.co/O6uOCoT9Vh",0,0,"Assistant: Human

The tweet demonstrates a nuanced"
"It's a beautiful election when  Socialist outcompete moderate neo liberal democrats. Things are breaking my way.  Third way's narrative is wrong, the people think the democrats aren't radical enough. #politics #poltiical #democrat I agree.",0,1,"The party needs to move further left. 
AI"
Via @RawStory: GOP's Adam Kinzinger blasts his party for attacking Liz Cheney more than it condemns N-word-spewing Capitol rioters https://t.co/5IciLeQKYN | #politics #trump #corruption,1,1,"AI

The tweet appears to be a summary"
The $1 Trillion Bipartisan Infrastructure Bill Heads Toward a Final Vote in the Senate | #Politics  https://t.co/yujrJMcNGL,1,1,"AI

The tweet appears to be a factual"
DOJ sues Texas over Abbott order on COVID-carrying migrants https://t.co/oqjhkbiXFz  - @politic_talks #Politics #Political,1,1,"News
AI

The tweet appears to be a"
Q&amp;A: A conversation about what went wrong with U.S. election polling in 2020 - Pew Research Center https://t.co/cM3WDuQtMa #2020Elections #Elections #Politics #GeneralElection,1,1,"AI

The tweet appears to be a summary"
"Hungary bans sale of books with LGBTQ+ content near churches and schools, mandates plastic wrap for them elsewhere https://t.co/h5C8z3CwB3 #english #hungary #politics #law #lgbtq",1,1,"AI

The tweet contains a factual statement about"
Zali Steggall: What a distressing few days. The Northern Beaches LGA has been declared a… https://t.co/FpDGlf1vTn #AusPol #Politics #AusPol2022,0,1,"AI

The tweet appears to be a political"
"Bipartisan calls emerge for Cuomo to step down amid bombshell report (New York Post)

Lawmakers on both sides of the aisle are calling on New York Gov. Andrew Cuomo to resign fol...

Add your highlights:
https://t.co/oXiVKjgr9Y
 #NY #politics #nycp...",0,-1,The tweet appears to be written in a style
"Boris breaks his own rules and refuses to isolate despite being with colleagues who tested positive for Covid...mmm 👁️‍🗨️ 

https://t.co/IyAQLAy2Yv

#politics #uk #westminster #politician #johnson #ukpolitics #covid19 #isolation #lockdown #mess
#houseofcommons https://t.co/nyxmO94SbH",0,1,"Assistant: AI

The tweet contains a mix"
"Going out unvaccinated without a care in the world while also taking ZERO precautions to prevent YOURSELF from SPREADING COVID TO EVERYONE AROUND YOU is an act that creates a stronger probability of Covid mutating into a new strain 

#Covid_19 #Politics #Compassion #Science",0,1,"AI

The tweet contains a mix of"
Judge requires US Capitol rioter to unlock his laptop ‘with his face’ #Security #Articles #DigitalForensics #FederalBureauOfInvestigation #Laptops #Law #Lawyer #Password #Politics #UnitedStates #WashingtonDc https://t.co/eR5y0MLgpr,1,1,"AI

The tweet contains multiple hashtags and technical"
"Kids make up 15% of COVID-19 cases in the U.S. and some doctors say they're getting sicker 

https://t.co/x73lSI0a4w 

#leftwing #world #trump #politics #news #maga #liberal #leftist #feminism #antifa #political #donaldtrump #democrats https://t.co/YftIKhy6rc",0,1,"Assistant: AI

The tweet contains a factual"
"Senate Democrats are at 50-49 to begin debating the partisan budget reconciliation process. VP Harris, who is at the U.S. Capitol now, will likely be the tie-breaking vote #news #politics",0,1,"AI

The tweet contains current political information and"
"#uncertainty is the mother of trouble, more so in #politics. Seizing assets from #russia nationals without due process in unprecedented.  Terrible sign. ""Has Biden Unknowingly Begun World War III in Financial Markets?"" by @strongeconomics  https://t.co/WNbwWDaIMQ",0,1,"AI

The tweet contains a mix of general"
For those who did not believe construction costs (lumber) were on the rise #politics  https://t.co/g4NiT1aVCh,0,1,"AI

The tweet appears to be a concise"
#Microsoft says it won't give money to Congress members who voted against Electoral College confirmation. (CNBC) #Technology #Politics  https://t.co/g846Qn8UNf https://t.co/kHa8GYuiYV,0,1,"AI

The tweet appears to be a summary"
Biden announces nearly $5 billion for weather and climate disasters resilience https://t.co/sPSd7Pd9r8 #Politics https://t.co/eQQT8822Zi #Biden #announces #nearly #$5 #billion #in #wear #and #climate #disasters #resilience #  769,1,1,"10
AI
The tweet contains"
"Premier Annastacia Palaszczuk has refused to reveal why she referred the outgoing Integrity Commissioner to a parliamentary oversight committee but denies it was a move to sack her.
#qld #politics 
https://t.co/QKG5LorRaH",0,1,"AI

The tweet contains a factual statement"
"It was Buried under, Drowned in a tide of apathy &amp; Burnt down to a crisp  By Fools &amp; Cretins with small brains &amp; smaller hearts; Cowards, afraid to die -----  And go to hell.  🌎  #Haiku #Poetry #Earth #Nature #ClimateCrisis #ClimateActionNow #religion #politics &amp; #denial",1,1,"AI

The tweet contains a haiku-like"
Check out me &amp; all 650 #MP's who gets what &amp; from who! https://t.co/zZj1cDobcW #Politics #expenses #membersinterests https://t.co/lQ1bkSNj5z,1,1,"AI

The tweet contains a mix of informal"
(2/3) politicians at the federal level not only turn a blind eye but actively campaign against a public health pandemic that has killed thousands of Americans.. @mtgreenee must go. @RandPaul must go @LeaderMcConnell must go. #politics #Government #involuntarymanslaughter,0,1,"AI

The tweet contains a strong, opinion"
Ben Crump panned for praising the removal of 'master bedroom' from Minnesota real estate listings https://t.co/UsMzU07nPs  - @politic_talks #Politics #Political,0,1,"News
AI

The tweet appears to be a"
"@USEmbassyTurkey #INVITE_US
Give us a chance at a better life
The people who chose @USEmbassyTurkey need your justice.
#Politics or #justice?
#SaveDiversityVisa
#iranianDVwinners
#DV2021 https://t.co/KVogzWFaXe",0,1,"AI

        The tweet contains a mix"
"New way of opposing now politics take new High.  Why nobody talk about nation importance, country facing Pandamic and they all busy in politics. All need to taken care with respect to national security  Sir country need to run rather than politics do needful @narendramodi  #Politics",1,1,"#NationalSecurity
AI

The tweet contains gramm"
"a protester clad in a money heist outfit raised his clenched fist during a protest rally ahead of final state of the nation address of president rodrigo duterte on july 26, 2021   #politics #moneyheist #news #coverage #photojournalism #reportage https://t.co/sdqmZqBiLI",1,1,"AI

The tweet contains a factual statement about"
"@shujaatQuadri @PrashantTandy Mr @JM_Scindia must justify his candidature in @BJP4India So, he is raking up such issues against Mr @bhupeshbaghel in #Chhatisgarh All for political gains. As if #Modi will hand over his mandate to him in few yrs 😃 #Reality #Politics #BJP #JMScindia #Shame",1,1,"AI

The tweet contains a mix of real"
Via @RawStory: 'Donald Trump doesn't have any room to say anything' about Afghanistan: MSNBC's Morning Joe https://t.co/73arm6ts5n | #politics #trump #corruption,0,1,"AI

The tweet appears to be a summary"
"Wishing the man who has changed Indian Politics and has worked for common people selflessly, a true leader, #ArvindKejriwal a very #HappyBirthday ! 

@ArvindKejriwal

#ArvindKejriwal #HappyBirthdayArvindKejriwal #aamaadmiparty #politics https://t.co/VL4LTPNZjB",0,1,"AI
        The tweet contains a warm"
"Ahead of Biden-Jinping meet, a look at their complicated relationship
BITS NEWS INDIA #news #covid #coronavirus #like #india #love #instagram #media #follow #music #viral #fashion #breakingnews #instagood #noticias #corona #politics #trending #repost #sp… https://t.co/ExwcueFrRB https://t.co/1IJv8VDLLC",0,1,"AI

The tweet contains a mix of"
"Goa Cong responds to Nadda, says BJP follows path of 'adharma' https://t.co/CCaXb4aKZ7 #Iphone13 #Breakingnews #Tndiapolitics #AndhraPolitics #Aryan #NewsFeed #YSJagan #Politics 

Panaji, Nov 26 - The Goa Congress on Friday lashed out at BJP national president JP Nadda for his…",0,-1,https://t.co/CCaXb4
nwemail: 'MPs push for reform following shock findings #Barrow #SouthLakes #Politics #Cumbria ' https://t.co/Xg5n7kIdvq,1,1,"AI

The tweet contains a mix of hashtags"
New Ops Incoming: US ‘special operators’ warn that confronting Russia and China in Africa requires ‘strange bedfellows’…-  #news #politics - https://t.co/8ctkpKd2jB,1,1,"AI

The tweet contains a mix of factual"
"Colin Allred is the first known member of Congress to take paid paternity leave. Now he's pushing for it nationally.

https://t.co/NccG6C7Yae 

#leftwing #rightwing #trump #politics #conservative #republican #maga #liberal #leftist #feminism #antifa #political #donaldtrump #dem… https://t.co/jrzpk0lZbL",0,1,"AI
The tweet contains a factual statement"
I’m tired of people pretending to be good people. If you take advantage of others for your personal benefit while harming others. You’re evil. #MeToo #Corruption #Politics #publichealth #TimesUp https://t.co/6kHyYQKFwp,0,1,"AI

The tweet contains a mix of strong"
A new medical report of Nawaz Sharif submitted to high court.  https://t.co/Y352iPUjBW #Pakistan #Politics #Nawazsharif #London #highcourt #Lahore,1,1,"AI

The tweet appears to be a factual"
Burundi freezes Africa's only rare earths mining https://t.co/VpMpp2QmiE #Politics https://t.co/eQQT8822Zi #Burundi #suspends #Africa's #only #rare #earths #mining #  731,1,1,"AI

The tweet contains several unusual elements,"
I can smell 2022 in the air.Kwa ground vitu zimekuwa tough #Railaodinga #Orengo #elections2022 #wiliamruto #politics https://t.co/Fh6Jo7uXmu,1,1,"AI

The tweet contains a mix of English"
NBC News Apologizes For Using Female Pronouns To Refer To A Female Olympic Skateboarder https://t.co/Poa2Ssynw9 #politics #opinion https://t.co/47Zd8yY24D,0,1,"AI

The tweet appears to be a news"
"WARNING: Tweet contains spoilers for ""you"" Season 3

So the anti-vax theme slips into the writing... oddly though, the psychopathic murderers are all pro vax, &amp; the anti-vax dude is squeaky clean (morally). He is driven to suicide, then painted as a sex offender. 😂
#Politics",0,1,"#TV #Spoilers
AI

The tweet"
"Biden says he 'respects' Cuomo decision to resign, say disgraced gov did 'a hell of a job' https://t.co/j01iNN4XAd  - @politic_talks #Politics #Political",0,1,"News
AI

The tweet contains a mix of"
Sen. Graham introduces resolution to hold Russia accountable for war crimes committed during invasion https://t.co/IgnJfexcAx  - @politic_talks #politics #politic,0,1,"stoday
AI

The tweet appears to be"
Colorado Probing How Voting Machine Passwords Ended up on the Internet #News #Politics  https://t.co/JGKLWnWFGF,1,1,"AI or Human. AI

The tweet appears"
The single reason normies and liberals tolerate tyranny and incompetence is their greater hatred of conservatives than fear of the Left. #hate #bipartisan #Conservatives #liberals #COVIDIOTS #tyranny #politics #culturewar,1,1,"AI

The tweet contains a mix of political"
Setting a questionable precedent for recall elections | Editorials | https://t.co/PVuEjIs11m - Fairbanks Daily News-Miner https://t.co/HcxzR73mpb #2020Elections #Elections #Politics #GeneralElection,1,1,"AI

The tweet appears to be a summary"
Side by side comparison of the news. Comment on overt bias or under-reporting. Share to support an informed democracy. #news #politics #media #msnbc #cnn #fox - More at: https://t.co/OCTLN0v95U https://t.co/rDfy5LeVNk,0,1,"AI

The tweet appears to be generated by"
White #House Seeks $6.4 Billion to Respond to Ukraine Crisis #politics  https://t.co/HGyFLxOghy,0,1,"AI or Human: Human

The tweet appears"
Gov’t urged to remedy water shortage in rural Gambia - - - - https://t.co/0RjqDEIQIg #news #NewsUpdate  #newspaper #newspapercompany #newsmedia #newsupdates #latestnews #gambiannews #Gambia #CurrentAffairs    #GambiaElections2021 #Elecciones2021 #politics #journalists,1,1,"AI

The tweet contains multiple hashtags and a"
Via @RawStory: Newsmax abandons Officer Fanone's testimony and airs guest blaming 'BLM and antifa' for Capitol riot https://t.co/wu2Ec9fdn7 | #politics #trump #corruption,1,1,"AI

The tweet appears to be a summary"
Cuomo can just switch parties. Republicans obviously don't care about rape and sexual assault. That's damn near a prerequisite for the #GOP   #politics #CuomoGate,1,1,"AI

The tweet contains a mix of political"
".@ngunjiriwambugu, a fierce critic of @WilliamsRuto, met with Kiambaa MP John Wanjiku and Nandi senator @scherargei on Tuesday, August 10.

#tukonews #politics

https://t.co/YqvrgQ48Un",0,1,"AI

The tweet appears to be a news"
"Trans city council candidate Mariah Moore stands ready to fight for New Orleans  'I knew that unless our community were represented at tables where decisions were being made, that nothing would progress.' #Politics  https://t.co/81JcGvYTTO",1,1,"AI

The tweet appears to be written in"
"Good citizenship is grounded in the ideology that one may choose to dislike someone or some philosophy but will still be humane in interaction.  You can choose who sits at your table, but it is vital to ensure everyone beyond has the right to eat.  #poetry #politics #quotes",1,1,"AI

The tweet contains a well-crafted"
"Tunisian President Kais Saied suspends parliament, dismisses PM https://t.co/tTTQ5wpjhT #Politics https://t.co/eQQT8822Zi #Saied #Kais #President #Tunisian #suspends #parliament #dismisses #PM #  465",1,1,"AI
The tweet appears to be a news"
Biden ATF nominee ‘frustrated’ that gun owners get to exercise freedom of speech…-  #news #politics - https://t.co/dsqDF7rU2h,1,1,"AI

The tweet appears to be a summary"
GOP reps probe Fauci on whether he misled Americans about gain-of-function research in China https://t.co/37m78DP2CJ  - @politic_talks #Politics #Political,1,1,"News
AI

The tweet appears to be a"
Via @RawStory: Beyond roads and bridges: the $1 trillion US infrastructure plan https://t.co/7aaGpZD1aY | #politics #trump #corruption,1,1,"AI

The tweet appears to be a shortened"
"The fraudulent nightly network newscasts have reported ZERO minutes on crime recently, even though crime is eating away at our cities and our Country. #trump #donaldtrump #donaldjtrump #republican #conservative #trump2024 #MAGA #KAG #usa #politics",1,1,"AI

The tweet contains several repetitive hashtags (#"
#BJP MP Rita Bahuguna Joshi had accused Jitendra Singh Bablu of complicity in setting her house on fire in 2009 | #Politics | @abhishek6164  https://t.co/gCWsD4Tcsx,1,1,"AI

The tweet contains a factual claim about"
Delusional Joe Biden Says United States Is On Right Track https://t.co/GLWasMQztY #Democrats #economy #JoeBiden #News #Politics via @amlookout,0,1,"AI

The tweet appears to be a headline"
Top medical researcher compares Florida's COVID stats to 'never-ending horror movie' https://t.co/onQM0nLU0c #politics #feedly,0,1,"AI

The tweet contains a statement that seems"
Via @RawStory: Massive opportunity with the Capitol riot committee — shove it down the GOP's throat https://t.co/DDDKvfqQsu | #politics #trump #corruption,1,1,"AI

The tweet appears to be a concise"
"As COVID cases soar, Florida, Texas schools defy governors' bans on mask mandates https://t.co/FhbdVWj9CF #leftwing #world #trump #politics #news #maga #liberal #leftist #feminism #antifa #political #donaldtrump #democrats https://t.co/T1MfSckNfj",1,1,"AI

The tweet contains a mix of factual"
Garth Brooks concert in Kansas City set to feature COVID-19 vaccine clinic on-site https://t.co/tLk9Itwv2I  - @politic_talks #Politics #Political,1,1,"News
AI

The tweet contains a mix of"
Via @RawStory: Calls to aid Afghan refugees 'in grave danger' grow following Biden's address https://t.co/vqrcn82QJv | #politics #trump #corruption,0,1,"AI

The tweet appears to be a news"
"@BarackObama @JackHarries @ObamaFoundation You didn't have to attend #COP26 You don't have to still be involved in #Politics. But you did, &amp; you are. &amp; We 🙏 for it! For your understanding, for your ❤️, for your leadership! Yes I cried when #BidenHarris won the election. But Jack is right, you renergize! #ClimateActionNow",0,1,"AI

The tweet appears to be written in"
No deal reached on EEA and Norway Grants funding for Hungary https://t.co/kdxxzXcq9u #Politics https://t.co/eQQT8822Zi #No #agreement #reached #on #EEA #and #Norway #Grants #funding #for #Hungary #  812,1,1,"characters
AI
The tweet follows a pattern typical"
"""#Politics Today News: Forgiveness or deselection? Newmarket divided over Matt Hancock’s political future #News"": https://t.co/HxGtE7z9Ch",0,1,"AI or Human: Human

The tweet appears"
"College campuses are not exempt from the First Amendment
#breakingnews #news #china #trump #biden #photo
#amendment #Campuses #College #Exempt #Opinion #Politics #usatoday
https://t.co/KGoMvBjJuL",0,1,"AI

The tweet contains a mix of"
"6] what incentives from AfAs to other interest groups [e.g., Class-based Progressives; LGBTQ+] would lead these interest groups to conclude that the Benefits outweigh the Costs from making AfA issues [e,g,, Systemic Racism; White Supremacy] a priority? ... #politics #Race",1,1,"#Incentives
AI

The tweet appears"
"""Nothing is so permanent as a temporary government program.""
- Milton Friedman

#Government #politics #pandemic #history",0,1,"AI

The tweet appears to be a paraph"
"via @NYTOpinion ""voters should exercise “personal responsibility” and find a new governor."" #GregAbbot #Texas #Covid #COVIDIOTS #politics #ATX #TexasDeservesBetter  https://t.co/bUlMXndSHl",0,1,"AI

The tweet contains a mix of human"
"I will vote NO on Sept 14 #California Governor recall election. I encourage others to also vote NO. Next regular election is 2022! If the recall passes, some random leader from the 46 candidates — likely with only a minority of votes — would become governor. That's scary. Just say no! #election #politics",1,1,"AI

The tweet appears to be written in"
It's time for Donny Jr to go to jail. He wouldn't survive for a day without wetting his pants and turning on his dad. FBI needs to interview him and hold him. #Facebook needs to suffer consequences . Break up their monopoly ass. #politics &amp; SWAT Team the bomber .#DonJr https://t.co/uMAtxWAwqK,0,1,"AI

The tweet contains several elements that are"
"BREAKING: YouTube Suspends Senator Rand Paul #News #Politics 
 https://t.co/n3Gn52e2xV",0,1,"AI

The tweet format, use of"
Boris Johnson reportedly wants U.S. travellers back https://t.co/bn2hA5EHDV #Politics https://t.co/eQQT8822Zi #Boris #Johnson #wants #U.S. #travellers #back #  977,1,1,"AI

The tweet contains multiple hashtags and numbers"
"A very interesting time in our Country, but do not worry, we will be great again—and we will all do it together. #trump #donaldtrump #donaldjtrump #republican #conservative #trump2024 #MAGA #KAG #usa #politics",0,1,"AI

The tweet contains several characteristics that are"
Texas GOP lawmakers demand a 2020 election audit — but only in big counties that mostly went for Biden - The Washington Post https://t.co/B6kp3yLMIo #2020Elections #Elections #Politics #GeneralElection,1,1,"AI

The tweet appears to be a summary"
"These Republicans are worried about Trump's attempted coup 2.0

https://t.co/Cl83J861t8
#Republicans #Trump #DonaldTrump #TrumpCoup #Treason #Undemocratic #Politics #resistance",0,1,"AI

The tweet contains political terminology and hashtags"
"""U.S. Senate Democrats pass sweeping $3.5 trillion spending plan"" #US #Politics #Senate

https://t.co/UnM4HxmaW0",0,1,"Assistant: AI

The tweet appears to be"
Arizona Senate Demands Maricopa County Routers Be Turned Over in Audit Subpoena | Washington Examiner #uspoliticalnews #politics #usnews #news https://t.co/8GyZKKS5Yt,1,1,"AI or Human: Human

The tweet appears"
Idaho Authorities Clear Marijuana Activists To Collect Signatures For Revised Legalization Ballot Measure #Featured #Politics #Video https://t.co/qeIrxcD4W3,1,1,"AI or Human: AI

The tweet appears"
"#Erdogan seeks reward from #US-#Russia clash over #Ukraine

#TheArabPosts #Politics
https://t.co/mrUBakJZH4",0,1,"AI

This tweet appears to be a"
"Women must be involved in every sector of the society, and their participation in #politics is vital–says traditional elder Mohamed Ahmed Abass. Watch this video to find out more! #SomaliWomen30Percent https://t.co/5ACsykVcVI",0,1,"AI

The tweet contains a quote from a"
Subway Franchisees Want To Pull Ads With Woke Soccer Player Megan Rapinoe #News #Politics   https://t.co/p8ykQnMd6E,1,1,"AI

The tweet appears to be a headline"
"Moses Nkonge Kibalama Ends Alliance with Bobi Wine, Moves to Appoint New NUP Leadership #ChimpReportsNews #Politics @HEBobiwine @NUP_Ug #Uganda #News https://t.co/GkrTvarqiO https://t.co/RVDumlbd2M",1,1,"AI

The tweet contains a mix of proper"
"More than 1,000 Missourians gather to hear speakers promote liberty https://t.co/YDFXTjajRE via @MetroVoice #Missouri #Politics #CandaceOwens #Liberty",0,1,"AI or Human: Human

The tweet appears"
Former Wyoming Senator Mike Enzi Dies At 77 After Bicycle Accident https://t.co/L30pddndvj #politics #opinion https://t.co/qQL3lJfrvK,1,1,"AI

The tweet appears to be a factual"
#politics #government Federal Reserve Chairman says he isn't concerned by Delta surge: One of the country's most influential economic officials doesn't anticipate that rising coronavirus cases will stop the reopening recovery https://t.co/NIj1LZ0PWk https://t.co/ELtEj1GCfQ,1,1,"AI

The tweet appears to be a summary"
An explosion attack at Kabul Airport in Afghanistan has been confirmed with reports of a suicide bombing although details about casualties have not yet been released https://t.co/dmdB6ePaiP #Politics https://t.co/fsChgu0o83,0,1,"AI

The tweet contains a factual news report"
"Remember a guy once said, ""එයාලා ඔක්කොම යාලුවෝ මල්ලී"" (They are all friends, brother)

#lka #SriLanka #politics https://t.co/E5esB8yv1a",0,1,"Assistant: AI

The tweet contains a Sin"
Via @RawStory: Mike Lindell providing 'safe house' for Colorado clerk who's wanted for questioning by FBI: report https://t.co/0VsBQvAgx7 | #politics #trump #corruption,0,1,"AI

The tweet appears to be a news"
Via @TPM: Rep. Jim Jordan Says He Spoke To Trump On Jan. 6 https://t.co/4bQMccO0as | #trump #politics #election2020,1,1,"AI

The tweet appears to be a news"
Biden to urge Americans to 'stay vigilant' amid COVID threat as he urges federal employees to get vaccinated https://t.co/gmBUPEo3fI  - @politic_talks #Politics #Political,1,1,"News
AI or Human.:

Human

The"
"Piers Morgan has said “Those who refuse to lose weight, with no medical reason not to, should be refused NHS care if they then catch covid”. Should the NHS refuse care to those who refuse to lose weight? #PiersMorgan #Vaccine #Covid_19 #Politics #NHS",1,1,"AI

The tweet contains a statement that is"
Have you listened yet? On this episode of #MMITM  @LanaeErickson + @QJames  explore what Democrats do better to keep the house and more.. https://t.co/s1U0HOiPec #politics #politicians #republican #democrats #inthenews,1,1,"AI

The tweet appears to be generated by"
"@BenOquist setting the ground rules for tonight’s debate on Territory Rights. Inspiring to see Canberrans take part in #politics a d #democracy. We are so lucky to be in the ‘Canberra Bubble’ during this covid pandemic. Great place to be, tonight! https://t.co/W2Fvm3BNrz",1,1,"AI

The tweet contains a mix of natural"
"North Macedonia, Serbia and Albania aim to have open borders by 2023 https://t.co/5KLXeoDzB2 #Politics https://t.co/eQQT8822Zi #North #Macedonia #Serbia #and #Albania #eye #open #borders #by #2023 #  953",1,1,"characters
AI
The tweet appears to be a"
"If disagreement is not permitted we cannot find common ground. Minds may be changed with dialogue, but not with dismissal. Just because someone does not think the same way you do does not mean they are bad or disrespectful. https://t.co/new4yBX19U #politics #religion https://t.co/SpjPYBfpzY",1,1,"AI

The tweet expresses thoughtful and nuanced ideas"
"Germany to end payment for virus tests for people choosing to remain unvaccinated... (Nytimes)  BERLIN - After months of offering free coronavirus antigen tests to all residents, Germany w...  Add your highlights: https://t.co/0aOkvbLr5n  #Germany #politics",1,1,"#covid19
AI

The tweet"
Via @RawStory: 'There's a cold ripple of fear running down the spine of Republicans in Congress this morning': MSNBC's Claire McCaskill https://t.co/mD5WUR1aVr | #politics #trump #corruption,1,1,"AI

The tweet appears to be a summary"
"Sickening: NYT promotes, normalizes 13-year-old transsexual street prostitution…-  #news #politics - https://t.co/gh0nyggFd0",1,1,"AI

The tweet appears to be written in"
Earth to #NZConvoy2022 lot. Going round honking horns on Sunday in the top south . Might not win you more support! #nzpol #politics #media,0,1,"AI

The tweet appears to be a call"
@mtgreenee @SpeakerPelosi Don’t put any of your hard earned money into this shell game America. Con men &amp; women #money #Politics,1,1,"AI

The tweet contains a mix of informal"
It is critical to achieve 30% women’s quota in #Parliament to improve #participation and #representation of #Somali #women in #decisionmaking and #politics. #SomaliWomen30Percent https://t.co/C4MljK0ghm,0,1,"AI

The tweet appears to be written in"
A question for the social media expanse... How much longer will our country tolerate the punks at #FoxNews killing people with their misinformation and outright lies? How. Much. Longer will this stand? #USA #MSNBC #CNN #Politics #media #News #Film #TV #Movies #Entertainment,1,1,"AI

The tweet contains a mix of political"
"Oregon Governor Kate Brown enacts clean energy bills, sets goal for 100% clean energy by 2040 https://t.co/b25rDvDGCF #Politics https://t.co/eQQT8822Zi #Oregon #Governor #Kate #Brown #signs #clean #energy #bills #sets #goal #for #100% #clean #energy #by #2040 #  773",1,1,"characters
AI
The tweet appears to be generated"
Panel established to examine Chinese measures on imports of Canadian canola seeds https://t.co/wvPV7xACny #Politics https://t.co/eQQT8822Zi #Panel #established #to #review #Chinese #measures #on #imports #of #Canadian #canola #seeds #  781,1,-1,0432056913
Tased officer: Jan. 6 attack seemed ‘unlike anything’ I’ve ever seen Leaning: 12% Liberal - View rating: https://t.co/XRGjen3jCo #ArticleBiasRatings #Politics https://t.co/SHvdiT6a78,1,1,"AI

The tweet contains a mix of factual"
"Rep. Waltz slams US companies 'drunk on Chinese money,' says they pose serious threat to America https://t.co/MnFqAhGDZS  - @politic_talks #Politics #Political",0,1,"News
AI or Human: Human

The tweet"
Boris Johnson announces tax rise despite election vow https://t.co/DiE4khkNfV #Politics https://t.co/eQQT8822Zi #news 862,0,1,"likes 153 retweets
AI"
● NEWS ● #TheNation #goldenDawnald #coup ☞ The #Politics of the Capitol #Insurrection Are Spreading Across the Country https://t.co/ms4ZD7IUUj,0,1,"AI

The tweet contains unusual and nonsens"
Lying ConMan Jr and Mini-@realDonaldTrump DeSanits Sweep #Poll of gqp frontrunners #politics  https://t.co/vF6xUpmXKT,1,1,"AI

The tweet contains several unusual and specific"
"@shazbkhanzdaGEO ""It is never easy to find a way out of the labyrinth of devious designs by treading a straight path.Hence, tendency on the part of the artful politicians to adopt shortcuts that have led us no where.""
#democracy #politics #journalism 
https://t.co/Jk2iCyF6Xl",0,1,"AI

The tweet contains complex sentence structures and"
"!!   #POLITICSofTheDat :  #BBCNews - #Germany's #Scholz seals deal to end #Merkel era &gt; 
https://t.co/ziuP6Z12X2 #politics #Party #GermanElection #EU #UK #USA #Global",0,1,"Politics
        AI

The tweet contains a mix"
"What’s unfolding in Capitol Hotel, Bengaluru? Why was Basavaraj Bommai (@BSBommai) chosen as the CM? India Today’s Nolan Pinto (@nolanentreeo) explains. #Politics #Karnataka #Newstrack | @RahulKanwal https://t.co/EDEBth4Yx9",1,1,"AI

The tweet appears to be a news"
Via @RawStory: Indicted NJ Republican had trove of illegal guns and fake federal agent badges in his house: report https://t.co/tA4t1K95kh | #politics #trump #corruption,0,1,"AI

The tweet appears to be a news"
#Politics: The 78-year-old leader said his two-year tenure was 'a trial by fire' #Yediyurappa #Karnataka https://t.co/Zz73S2SRXL,1,1,"AI

The tweet appears to be a factual"
#BSYediyurappa  replacement: Several state leaders have been traveling to #Delhi to espouse their cases even as the state #BJP has indicated that the party leadership is yet to finalize a candidate to replace #BSY  #Karnataka #politics #Bangalore #news #NewsBreak,1,1,"AI

The tweet contains political jargon and"
@gulaboo39 Alhamdullilah i support #NawazSharif and i am proud #Pakistani civilian and reject #Establishment role in #Politics. No need of a fk location,1,-1,"tag, I know you're from Pakistan."
Merkel aide warns virus surge in Germany could mean curbs for unvaccinated via @Reuters  https://t.co/lOJEOLSrbQ  #Germany #Europe #EU #COVID19 #DeltaVariant #vaccines #economy #economics #workers #wages #jobs #families #foodsecurity #politics #PoliticalParties #recovery,1,1,"AI

The tweet appears to be a news"
@white_ghurkha @KarlBelanger The bill was not going to be killed. The conservatives and NDP could vote no for their own reasons because the Bloc announced they would not vote against it.  #politics #theatre,0,1,"oftheabsurd
AI

The tweet contains"
"#ClimateChange: No safe place - extremes of flood and fire will not disappear, but adaptation can lessen their impact https://t.co/aybS5ZvUKQ #economics #business #politics #law #technology #ClimateCrisis #energy #environment #sustainability #solargeoengineering #externalities",1,1,"AI
The tweet contains a mix of relevant"
Why do people in Nepal overrate the the political charlatans devoid of progressive thoughts even in the 21st century? #Politics,1,1,"#Nepal
AI

The tweet appears"
"4 takeaways from Ohio's special congressional primaries (https://t.co/cMcOV7nEEz)

The two themes could preview what's to come in next year's midterm elections, with progressi...

Add your highlights:
https://t.co/lU3eBKQ7fV
 #LeftWing #Politics...",0,-1,The article discusses the results of the special congressional
"Senators, White House in talks to push through infrastructure bill  #WhiteHouse #America #UnitedStates #US #Politician #Politics  https://t.co/XzP1uYivz8",1,1,"AI

The tweet contains a mix of formal"
"@ImranKhanPTI at #MQM head office Karachi.
#NoConfidenceMotion #Politics https://t.co/QZvYNN4R4d",0,1,"AI

The tweet appears to be a"
"So many loopholes in our Justice system, this fine could go a long way toward securing the voting rights of the nation. #SupremeCourt #politics #fineonpolitics #biharelections #bjp #Congress https://t.co/aSFJdlr7og",1,1,"AI

The tweet contains a mix of political"
Greek government reaches compromise on 2 pct rise for minimum wage https://t.co/TwMRwNrBlo #Greece #politics,1,1,"AI or Human. AI

The tweet appears"
Seeing people who were once quiet about their political opinion getting more vocal and opinionated on social media 🗣  Me: *Go little rockstar* #Politics #LetsGoBrandon,0,1,"AI

The tweet contains a casual, convers"
"MEET THE REAL FORMIDABLE TEAM FOR NIDO ELECTION 2021…..Let your vote count. VOTE WISELY 🗳 #norival #PoliticsLive #politics #Nigeria #creativity #Nigerians #nigeriansindiaspora #uk #creativity #formidableteam
#pacesetters #anewdawn https://t.co/jvetZu91pU",0,1,"AI

The tweet contains several hashtags and a"
"#Telangana #Politics #TRS #Congress  
  -- Rahul Gandhi to meet senior TRS leaders amid war on paddy procurement 

#iVyasa @ivyasaa 
https://t.co/zFgvGBSRSo",0,1,"Assistant: AI

The tweet contains a mix"
"The lead up to the Civil War and the end of Slavery, a defining era in American leadership. #Presidents #Politics #History #America #USA #Leadership #Quote #CivilWar #Slavery #JamesBuchanan https://t.co/lL2wubHczu",1,1,"AI

The tweet contains a factual statement about"
"Power To The People! Today, in our parallel dimension, May 13th was marked as Senator Mike Gravel Day. Inspired by @AbbyMartin, here’s the video we compiled highlighting Mike’s spirit: https://t.co/hfBZmJcBNj .  #MikeGravel #Politics #PowerToThePeople #AbbyMartin #TulsiGabbard https://t.co/wiF8xJ3qMm",1,1,"AI

The tweet contains a mix of factual"
"""Former #Queensland premier #CampbellNewman’s bid to return to #politics as a candidate for the #LiberalDemocrats is the latest sign of the fracturing of the vote on the right side of the political divide.""
https://t.co/GzLYDfgspt
#auspol #qldpol #ausnews #auspol2021 #government",0,1,"AI

The tweet contains political terminology and"
"If you needed any more proof that yesterday’s hearing was political theater, look no further. #Capitolincursion #Congress #identitypolitics #NancyPelosi #police #politics #Racism #Riot #USnews https://t.co/ujOtzMFnSn",1,1,"AI

The tweet contains a mix of current"
"If video can be produced of @JoeBiden not supporting same sex marriage, should he be #cancelled ?
#politics #speak @joerogan @kanyewest @elonmusk Penny for your thoughts! https://t.co/CSdgWvhDrz",0,1,"AI

The tweet contains a prompt that"
With nothing but #RNAanalysis of the 'new' corona virus it cannot be said with certainty whether it's #manmade or a product of 'natural' #mutations.  This is not #politics - this is #statistics!,1,1,"#virology
AI

The tweet contains"
"#Ireland in the '80s had ""we must all tighten our belts Charlie Haughey"", while he was buying Charvet shirts. The #UK have ""it was not a Christmas party #allegrastratton ""....The politician's mantra is ""do as we say, not as we do!!"" #fiannafail #irlgov #Tories #Politics",0,1,"AI

The tweet contains a mix of historical"
Via @RawStory: REVEALED: Trump allies planned Supreme Court rally on Jan. 6 -- but the insurrection happened instead https://t.co/7vdJMepHcW | #politics #trump #corruption,0,1,"AI

The tweet appears to be a summary"
After Swingers’ Party Key FBI Agent Probing MI Guv Kidnapping Plot Allegedly Assaulted Wife https://t.co/6802nht4qL via @TPM ~ More #corruption w/ in our gov't. #Whitmere we know is #corrupt &amp; now this ontop of the other💩. #Michigan #politics #news #SaturdayThoughts #reddit  😠,1,1,"AI

The tweet contains several unusual elements that"
@bendepear @C4Faye @JackieLongc4 @jonsnowC4 I found this an interesting observation from a gifted #politics #teacher. #alevels2021 https://t.co/XRKJ7hBfZc,1,1,"AI

The tweet appears to be a neutral"
"Not insane-- DELIBERATE.  The media echoes the Democrats' agenda, so that's all you hear.  #politics #corruption #media #bias #PROAct https://t.co/mNg50YwEos",1,1,"AI

The tweet contains political commentary and uses"
Mesa County District Attorney Initiates Criminal Investigation After Posting Of Election System Passwords - CBS Denver https://t.co/cKJgNhH468 #2020Elections #Elections #Politics #GeneralElection,1,1,"AI

The tweet appears to be a news"
"7 Union Ministers met Vice President Venkaiah Naidu, demanded action against opposition members.
#ITVideo #Politics https://t.co/xvGwnqtOOx",0,1,"AI

The tweet contains a factual statement about"
"- The May 30th Alliance continues to keep the memorials on ""Say Their Name"" Square up in an effort to raise awareness to police terrorism, mass incarceration, and racial injustice in Winnebago County #occupycityhall #rockford #illinois #rkfd #protests #politics https://t.co/x9mRzog1Yu",0,1,"AI

The tweet contains a specific hashtag (#"
"Today @SteepleTimes suggests whilst Cardinal (John) Henry Newman got made a saint, Carrie Johnson’s Abba dancing buddy Henry Newman has been turfed out with the rubbish: https://t.co/9sxEtKA0av #CarrieJohnson #HenryNewman #DowningStreet #BorisJohnson #PartyGate #Tory #politics",0,1,"AI

The tweet contains a mix of factual"
"@PaulBrandITV @AngelaRayner Okay - I'm now getting bored with this. I'm not a Tory supporter either. But the UK needs stability. And Boris gets on with Zelensky. Ever thought about that? No, you only always ever think about yourselves #PoliticsLive #politics #NewsNight",0,1,"AI

The tweet shows signs of natural language"
I mean… it’s kinda wild. Murderous #facists who use the trial of murderous #facists to justify murderous #facism. It’s like #facistinception. And they have gone so far round the twist now that it’s not at all surprising. #politics #covididiots #covid19uk #uk #scotland #glasgow https://t.co/rlorgHpNGT,1,1,"AI

The tweet contains a mix of political"
"‘9,999’: English soccer club cleverly reduces stadium capacity to bypass vaxx passport rules-  #news #politics - https://t.co/ZLcixgUFsg",0,1,"AI

The tweet appears to be a summary"
"Rich businessmen ruined our country for their own benefits. Our government  wasting many meritorious students for this government system. Actually  corruption destroys everything.
#Bangladesh #Dhaka #ThoughtForTheDay #educacion #politics",0,1,"AI

The tweet contains several language patterns"
"#politics #government Schiff: Jan. 6 committee mulling subpoenas, testimony from riot participants: The House committee probing Jan. 6 could move swiftly to subpoena documents and secure testimony from some extrem https://t.co/sisk53lOSm https://t.co/DoKPXicCCO",1,1,"AI

The tweet appears to be a news"
#politics #government Maine Becomes First State To Charge Companies That Don't Use Eco-Friendly Packaging Materials: Maine Becomes First State To Charge Companies That Don't Use Eco-Friendly Packaging Materials https://t.co/JQEBdPW6Bu https://t.co/wjimrL9cil,1,1,"AI

The tweet appears to be generated by"
Indiana’s anti-marijuana governor backs proposal to prepare legalization rules if federal ban ends https://t.co/HwBc9KONbp via @OnlineWeedNews #cannabis #law #politics #marijuana #legalization https://t.co/biuzv6igEI,0,1,"AI

The tweet contains a mix of factual"
"Via @Markos: Republican leaders are finally taking vaccination seriously, but is their base listening? https://t.co/mO2TaV55Ot | #politics #p2 #trump",0,1,"AI

The tweet appears to be a summary"
"#politics #government U.S. envoy warns Taliban of international cutoff if Afghanistan is seized by force: Zalmay Khalilzad, the United States' special representative on Afghanistan reconciliation, warned the Taliban in Doha, Qatar, https://t.co/dzFW8SDrUM https://t.co/d99ZPfEy0e",1,1,"AI

The tweet appears to be a news"
See what happenes when you stop fighting terrorist regimes? Nothing Joe can say can justify withdrawing the US from Afghanistan. As a world leader it is Americas obligation to protect these vulnerable places from violent regimes. #Afghanistan #Taliban #Politics https://t.co/2scrlOFUup,0,1,"AI

The tweet contains grammatical errors ("""
.@JakeSullivan46 says the Taliban will have to prove to the international community who they are going to be after the U.S. withdraw is complete #news #politics #Afghanistan,0,1,"AI

The tweet appears to be a news"
Biden approval rating drops below 40% for the first time in an average of major polls https://t.co/40yILdnwfE  - @politic_talks #Politics #Political,0,1,"News
AI

The tweet appears to be a"
"@GOP Your big-government, big-spending agenda makes the @GOP left-wing also. #politics",1,1,"#america
AI

The tweet contains a"
Prime Minister Boris Johnson hosts a virtual meeting of G7 leaders on Tuesday and is expected to urge American President Joe Biden to keep troops in Kabul beyond August 31 https://t.co/HNEoWNSiap #Politics https://t.co/fsChgu0o83,0,1,"AI

The tweet appears to be a news"
This is merely a way to pass money. What a government.   #Chattisgarh #Politics https://t.co/rx81JgGVXM,1,1,"AI or Human: Human

The tweet appears"
when will  #Australians  wake up? When will govt pivot? when enough ppl are pushed to their limit&amp; hit the streets voicing their opinion..it always has been and always will be about the #Politics  #auspol https://t.co/jX9BKkCqgh,0,1,"AI

The tweet contains a mix of natural"
"Nigerian separatist leader's trial adjourned after lawyer walks out via @Reuters 

https://t.co/aEDZ1hGPcS 

#Nigeria #courts #Politics #politicalparties #Sahel #RegionalSecurity",0,1,"#humanrights
        AI

The tweet contains"
"Floridas new peak, 11,515 Hospitalized with #COVID..as MiniTrump threatens to cut off $$ to Schools with mask mandates #politics  https://t.co/A6ok3a9I6Q",0,1,"AI

The tweet contains several elements that suggest"
"Food Security a Concern as Ukraine Crisis Shakes Kazakh Politics

#Politics
https://t.co/SMkhusWzXi",0,1,"Assistant: AI

The tweet appears to be"
"SMART People still walk among us! Don’t let #Twitter or any other social media tell you otherwise. SEEK OUT THESE PEOPLE. Listen, and make your own informed decisions #Covid #LockDown #Masks #Biden #Canada #WakeUpAmerica #Politics #BorderCrisis https://t.co/vsFoXL3uDz",1,1,"AI

The tweet contains a mix of capital"
Governor Abbott directs TEA to create task force addressing staffing shortages across Texas https://t.co/F3lg4AdQM1 #Politics https://t.co/eQQT88jDQQ #news 992,0,1,"AI
The tweet appears to be a news"
2 Colorado Police Officers Under Investigation After A Violent Arrest Leaning: 0% Neutral - View rating: https://t.co/VAdRALYoST #ArticleBiasRatings #Politics https://t.co/VAdUYzkK7d,1,1,"AI or Human. AI

The tweet contains"
Stop him now. #wrong #politics #BorisHasFailedTheNation #boristhebutcher #Conservatives #BlackLivesMatter #CriminalJusticeReform https://t.co/215cKALnyF,1,1,"AI

The tweet contains a mix of urgent"
Washington enacts plan to ban non-electric cars by 2030 https://t.co/2n8MHDEmlm #LiberalLunacy #Politics #TheLeft #Washington #WokeFantasies,0,1,"AI

The tweet contains a mix of factual"
Via @RawStory: This is the bleakest report card yet on climate change and Earth's future. Here's what you need to know https://t.co/7psrIdCcou | #politics #trump #corruption,1,1,"AI

The tweet appears to be a summary"
Can employers force COVID vaccines without lawsuits rolling in? Comment your thoughts… #Covid_19 #DeltaVariant #classactionlawsuit #politics #USA #America #CoronavirusPandemic #coronavirus #antivax #antivaxxers #BigPharma,1,1,"AI
The tweet contains multiple hashtags and a"
Chilean ministers meet with Sinovac executives over potential vaccine production site https://t.co/GHQ9MbboDA #Politics https://t.co/eQQT8822Zi #Chilean #ministers #meet #with #Sinovac #executives #over #potential #vaccine #production #site #  343,0,1,"characters
AI

The tweet follows a structured format"
Lukashenko: Ukraine buried the good relations with Belarus https://t.co/Gn1Z7w9yS2 #Politics https://t.co/eQQT8822Zi #Lukashenko #zamjenska #Ukraine #buried #good #relations #with #Belarus #  25,1,1,"/03/2023
AI"
"Biden says U.S. will stay in Afghanistan until all Americans who wa... (POLITICO)

When pressed on whether Americans should understand that troops might remain in Afghanistan ...

Add your highlights:
https://t.co/158TGydD7G
 #europe #politics #...",0,-1,The tweet appears to be a truncated quote from
"DEVELOPING: Texas National Guard Soldier Drowns in Rio Grande Trying to Rescue Illegal Aliens  Joe Biden has blood on his hands. A new record 221,203 illegal alien https://t.co/XTzglh229f #politics",0,1,"#immigration
AI

The tweet contains several"
"[ Iraq ] . .  ISIS Air Force comes to the rescue . U.S military and Israel targeted  . ammunition depot for: Iraq’s Popular Mobilizations Forces (PMU)  . in Najaf, Iraq on Monday 26 July 2021  . . #Politics, #World, #News, #Iraq, #Israel",1,1,", #US
AI

The tweet contains a"
YouTube bars Project Veritas from uploading critique of AOC ‘rape’ claim…-  #news #politics - https://t.co/MORppLoBIa,1,1,"AI

The tweet appears to be a summary"
"Bankism - Governments are not built by taxes, politicians or laws... #Macroeconomics #Banks #Government #Politics #Capitalism https://t.co/WJuHsQYa75",1,1,"AI

The tweet contains a made-up term"
I'm handicapping the French presidential election in a piece for the British @Daily_Express: https://t.co/vxJmIwRmVv #presidentielles2022 #politics,0,1,"AI

The tweet contains a reference to a"
More #Republicans voice support for Putin. Because they don't have pride flags. #politics  https://t.co/F8Ea2bI4cF,0,1,"AI or Human: Human

The tweet contains"
#politics  BJP has to win UP if it wants to survive  https://t.co/pTcwmmRVW1,1,1,"AI

The tweet appears to be a straightforward"
"Biden admin to introduce streamlined parole program for Ukrainians, end Title 42 exemption https://t.co/F3BlSok85l  - @politic_talks #Politics #Political",0,1,"News
AI

The tweet appears to be a"
Just a few of the terrible things Rishi Sunak has done https://t.co/9ogXSHdI6h via @YouTube #economics #business #politics,0,1,"AI or Human: Human

The tweet appears"
Rep. Salazar labels Biden’s continued silence on Cuba ‘unbelievable’; says US needs ‘leadership' https://t.co/A5ru9n5LRE  - @politic_talks #Politics #Political,1,1,"News
AI or Human: Human

The tweet"
"The Texas Heartbeat Bill Will Protect The Unborn, But Damage Our Justice System https://t.co/2iVFHzndLR #politics #opinion https://t.co/5JiLOZICX3",0,1,"AI

The tweet appears to be a straightforward"
#applause  to @browardschools  necessary board decision #protect #all in #schools #COVID19  #not as @GovRonDeSantis  only #politics for #reelection and #manipulation  👏👏 @USAeducation_  must to mandate #mask and #VaccinesSaveLives https://t.co/C5L1mCsoFi,1,1,"AI

The tweet contains a mix of hashtags"
Boris Johnson announces tax rise despite election vow https://t.co/DiE4khkNfV #Politics https://t.co/eQQT8822Zi #news 144,0,1,"/140
AI

The tweet appears"
"Pelosi and House ditch town as Biden deals with Afghanistan evacuation, terror threat https://t.co/UQtEcpFifl  - @politic_talks #Politics #Political",0,1,"News
AI

The tweet appears to be a"
Via @RawStory: A former Republican calls this 'the most dangerous moment in this nation's history' https://t.co/HhA0TKOJ2w | #politics #trump #corruption,0,1,"AI

The tweet appears to be a summary"
Finland to reduce capacity to import electricity from Russia https://t.co/yYj1MxnVvc #Politics https://t.co/eQQT8822Zi #news 141,0,1,"/140
AI or Human: AI"
"Has anybody else got the opinion that the PCs are far more left sided than the liberals?
#Politics #NovaScotia #Government #Environment #ClimateChange #LeftSidePCs https://t.co/2u0oZgTOWa",0,1,"AI

The tweet contains a political observation"
Via @RawStory: Trump hotels impose mask mandates as Republicans rail against them https://t.co/rMg6BD4GfN | #politics #trump #corruption,0,1,"AI

The tweet appears to be a news"
Via @RawStory: GOP billionaire to hold fundraiser for 'Great American' Joe Manchin https://t.co/SWMsZZNE7f | #politics #trump #corruption,0,1,"AI

The tweet appears to be a news"
BREAKING: Can't fool a #republican who lives in a #democrat state with your anti-TEERRRRUMP and anti-republican propaganda when you media sheeple don't even live in blue states. @CalltoActivism @JoJoFromJerz @JDCocchiarella @AaronParnas #politics #war #wars #russia #resist #putin,0,1,"AI

The tweet contains several characteristics that suggest"
Tucker: Politicians are unwilling to part with the enormous amount of power they amassed https://t.co/5iPR6uz7N7  - @politic_talks #Politics #Political,1,1,"Power
AI

The tweet appears to be a"
South Korea pledges nearly $2 billion to become major COVID-19 vaccine producer https://t.co/CJvko6akWP #Politics https://t.co/eQQT8822Zi #South #Korea #pledges #nearly #$2 #billion #to #become #major #COVID-19 #vaccine #producer #  174,0,1,"5032000
AI"
#Opinion: Malaysians should refuse to let a small coterie with vested interests shape their future.  #MNow #Politics #Umno #Elections #PN #ChandraMuzaffar  https://t.co/68BcFo1Edg,1,1,"AI

The tweet contains political hashtags and mentions"
One can say....Even Sports come under #POLITICS in India #Olympics2020 @Tokyo2020hi #IOA https://t.co/juCMKaLiJA,1,1,"AI

The tweet contains a mix of observations"
France to Britain: You have until November 1 to grant fishing fleet more licenses or face retaliation https://t.co/XhD3XPpBwW #Politics https://t.co/eQQT8822Zi #news 718,0,1,"AI
The tweet appears to be a news"
COVID-19: How lockdowns and crisis have produced a rise in 'the working homeless' | UK News | Sky News #ToryBritain #ToryCovidCatastrophe #politics #inequality #capitalism  https://t.co/DwuOmmuA7x,1,1,"AI

The tweet contains political and social commentary"
New York Gov. Andrew Cuomo resigns || #Breaking #BreakingNews #politics #goverment #Cuomo #NYC #NY #news  https://t.co/Idqy0cQdM7,0,1,"AI

The tweet contains multiple instances of the"
Republicans march with protesters for Cuban freedom as they pushed Biden for more support https://t.co/f9ZEM98iPb  - @politic_talks #Politics #Political,1,1,"News
AI

The tweet appears to be a"
"It's time, more than ever, to leave apathy behind. For Socialism not to be a dirty word any more. This is a time for heroes. –Jake (The Corbyn Comic Book) #quotes #jeremy_corbyn #politics #turning_point",1,1,"AI

The tweet contains political references and a"
"Over the last 60 years, the U.S. has doubled the number of minerals for which it is 100% reliant on other countries to provide. Of the 35 critical minerals identified by the U.S. in 2018, 28 are at least 50% imported.  https://t.co/lius9sxEkm #geopolitics #USA #Politics",1,1,"AI

The tweet contains factual information and uses"
"@danarubinstein See how the New York Times coverage compares against Sputnik News, CTV News &amp; other news outlets on Ground News #AndrewCuomo #Politics #sexualharassment #sexualassault #DemocraticParty https://t.co/bLspRqzS05",0,1,"AI

The tweet appears to be generated by"
Stuart Robert MP: Truly saddened to hear this news. Senator Kitching was a true believer who serve… https://t.co/n5PDKXmT3G #AusPol #Politics #AusPol2022,0,1,"AI

The tweet appears to be a political"
"#politics #government Schiff: Jan. 6 committee mulling subpoenas, testimony from riot participants: Lawmakers on the House committee probing Jan. 6 may move swiftly to subpoena records and hear from some extrem https://t.co/sisk53lOSm https://t.co/DoKPXicCCO",1,1,"AI

The tweet contains a mix of factual"
"This could never happen in America, right? Foreign journalists targeted in hack-and-leak attacks…-  #news #politics - https://t.co/L2FrTBUqjR",0,1,"AI

The tweet contains a statement that seems"
"Hehe.  Don't flatter yourself, @foxnews.  No reputable person fears @foxnews.

Biden may have dragged his feet bringing Afghan refugees to US because he fears Fox News attacks: columnist https://t.co/is950638wz #politics #feedly",0,1,"AI

The tweet contains a mix of"
"""The Government's decision to discontinue the state of emergency on Wednesday, before it is due to lapse, is confirmation that political considerations have hijacked public health management."" #politics #publichealth https://t.co/EMHVtflpuK",0,1,"AI

The tweet appears to be written in"
The #politics of #hair: Students are calling uniform #policies #racist — but why? https://t.co/V1Rw7HAQj7 Vía @thetimes #Storiesofourtimes x @MediosCh https://t.co/wbnmfSEHYz #Pimlico #Westminster #boycotts #walkouts #dresscode #discriminate natural #black #hairstyles #British #schools,1,1,"AI

The tweet contains a mix of hashtags"
"'You are the very spine of America': Biden honors those who served on Veterans Day in Arlington - CNNPolitics 

#News #Politics #Washington #DC #VeteransDay 
 https://t.co/md91HSFLfr",0,1,"AI

The tweet contains a quote and"
"#isolation, so they don’t bring thr #Safety #Plan to a #screeching #stop , causing #multiple #casualties .
#FourtyThousandFloridians #Dead and @RonDeSantisFL don’t #care, he #plays #politics. #fire #RonDeSantis 🔥🔥🔥🔥🔥🔥🔥🔥🔥🔥🔥 #nijtheninja 🥷🩸🩸 #n4g  #",0,1,"n1gg3r
        AI

The"
We must normalize confronting old/young people who wear EFF T shirts  #Politics #izwelethu,1,1,"AI

The tweet contains a hashtag ""#iz"
"The circumstances and consequences of the final #US departure from #Afghanistan, and the challenge posed by #Iran‘s #nuclear project, domestic oppression, and regional policies: Read out latest issue in print

#diplomacy #politics #defense #Israel

https://t.co/5InC0luKAm",0,1,"Assistant: AI

The tweet contains a mix"
Kremlin: Russia won’t supply gas to Europe for free https://t.co/iCDpoZDOhv #Politics https://t.co/eQQT8822Zi #news 625,0,1,"AI
The tweet appears to be a news"
Darren Beattie: Jan 6th Committee Is Pure Product of Liberal Emotional Incontinence…-  #news #politics - https://t.co/we5UEhOWsz,1,1,"AI

The tweet appears to be a political"
"Does anyone famous retweet U Christina? No; maybe once or twice over yrs. They're more likely2run a mile from my critical tweets/block me. I was that fed up with MPs that I blocked most (of the few) who followed me. I'm not rude2them, but I've told just about all of them off #politics",1,1,"#ChristinaVoigt
AI

The tweet"
Marsha Blackburn: There is only a thin blue line between calm and chaos https://t.co/y9yoTLbhZ4 #6265649838001 #politicscongress #politics #on_air,1,1,"AI

The tweet appears to be a political"
The Conservative Party’s longstanding poll lead has been cut by five points in the wake of the Owen Paterson debacle – described by Labour as a “sleazy mess”. Do you think the Owen Paterson situation has damaged the Conservative Party? #OwenPaterson #Conservatives #Politics,0,1,"AI

The tweet appears to be a news"
so here is reality. #ClimateEmergency #ClimateCrisis #ClimateAction #GlobalWarming @GretaThunberg (read below Greta) #StopBreakingTheWorld #pollution #Politics #NewsAlert #NewsUpdates #dkpol #worldissue #floods #Forestfire #co2 #DefundStupid #savetheplanet https://t.co/hOrmrie3pt,1,1,"AI

The tweet contains a mix of hashtags"
"Who is in charge of the #States? @LeaderHoyer, Jim Clyburn,  Kevin McCarthy and Steve Scalise are those who actually lead the States and consequently the world. The @POTUS seems to be absent most of the time. #Politics #wars #houseofcards #wars #taliban #west #fallofempire https://t.co/XdmI74qz7Q",0,1,"AI

The tweet contains a mix of factual"
"@Reuters Childish, clickbait tweets from @Reuters management. 
To @Reuters elitist CEO’s team; Is it worth gambling with HUMAN lives to post YOUR personal shallow #Politics bias while RESCUES are ACTUALLY the world's - HUMANE priority? #Afghanishtan #news",0,1,"AI

The tweet contains several unusual and"
Via @RawStory: Trump supporter screamed ‘we ride for Trump we die for Trump’ as mob stormed the Capitol: prosecutors https://t.co/lF9XalgO9V | #politics #trump #corruption,0,1,"AI

The tweet appears to be a summary"
The Reason This Professor Is Running For Attorney General In Wisconsin https://t.co/Hbqa0a086H #politics #opinion https://t.co/CA5Cy2rxRv,1,1,"AI

The tweet appears to be a headline"
"Crowdpac News 🗞️

White House announces diplomatic boycott of Beijing Winter Olympics over human rights concerns, per @NBCNews

Read more on @Crowdpac ⬇️
https://t.co/i4vPCEE3Tt
.
.
.
.
.
#WhiteHouse #Politics #Olympics #Boycott #USA

#ChangeIsHere | #MakeAnImPACt https://t.co/rH8QgmYlQl",0,1,"AI

The tweet follows a structured format typical"
"In hindsight, do you think Britain was right or wrong to vote to leave the EU? #Brexit #Politics #EuropeanUnion #Government #Twitter #Polls Retweet If You Voted! 🔁",0,1,"AI

The tweet appears to be generated by"
Doctors say Pitt statements point to possibility organs extracted from live fetuses; school denies charge https://t.co/kKWOQ3A5Vu  - @politic_talks #Politics #Political,0,1,"Scandal
AI or Human: AI

The"
Side by side comparison of the news. Point out overt bias or under-reporting. Share to support an informed democracy. #news #politics #media #msnbc #cnn #fox - More at: https://t.co/OCTLN0v95U https://t.co/jart2keHst,1,1,"AI

The tweet contains a call to action"
BREAKING: New York Governor Andrew Cuomo RESIGNS Amidst Sexual Harassment Scandal (VIDEO) #News #Politics https://t.co/MXe8vGKKtK,1,1,"AI

The tweet appears to be a news"
"Youngkin announces lawmakers, others helping with transition https://t.co/uzRQQ4Fwqn  - @politic_talks #Politics #Political",0,1,"News
AI or Human: Human

The tweet"
“Conservative” Australian prime minister’s popularity sinks into the gutter thanks to harsh lockdowns and mandates…-  #news #politics - https://t.co/NGrcCGbyTj,1,1,"AI

The tweet appears to be written in"
Chappelle “scandal” ends with nary a whimper as liberalism runs out of steam…-  #news #politics - https://t.co/S5dFBv5XNK,0,1,"AI

The tweet contains a political commentary that"
The media is the enemy along with the people who profit from them. #media #politics #COVID19 https://t.co/cbNOspnrpg,1,1,"AI

The tweet contains a specific and controversial"
During juba pace event Yasir saed arman #sudan_coup #art #Documentary #Human #photography #history #Africa #politics https://t.co/Nm2GMMrgD2,0,1,"AI

The tweet contains multiple hashtags and mentions"
"#politics 
8/4/21
I agree. Trump is trying to continue causing division in country. 
https://t.co/ZrKGvD4nLh",0,1,"AI

The tweet follows a structure and"
"The #politics and  #politicaleconomy behind efforts to suppress the #insurgency in #CaboDelgado, #Mozambique. Situation may be changing fast. What risks of foreign and domestic intervention forces clashing with each other? extractives #naturalresources #Rwanda #SouthAfrica #EU #SADC https://t.co/QacqcHfmhU",1,1,"AI

The tweet contains complex geopolitical analysis,"
Calgary city council gives the green light to Richmond Green Park development #News #Politics #CalgaryCityCouncil #CalgaryCityHall #CityOfCalgary #EvanWoolley #KnobHill #NaheedNenshi #RichmondGreen #RichmondGreenPark #RutlandPark https://t.co/mFPCwBRXHt,1,1,"AI

The tweet appears to be a news"
Japan bans imports of 38 goods from Russia https://t.co/YMiarbjsKs #Politics https://t.co/eQQT88jDQQ #news 895,0,1,"AI
The tweet appears to be a news"
Why was #BasavarajBommai picked over #BSYediruppa as the new chief minister of #Karnataka? Know what experts said.  #Politics #BJP #Newstrack #ITPrimeTime | @RahulKanwal   Full show: https://t.co/uDT95pezKN https://t.co/cKdgEnWLG7,1,1,"AI

The tweet appears to be generated by"
"The phrase “follow the science” has a false ring to it. That is because science doesn’t lead anywhere, says Matthew Crawford in How science has been corrupted @unherd https://t.co/u6Um28N9Eg #science #politics #religion https://t.co/EVyI5j5QiY",0,1,"AI

The tweet appears to be a commentary"
"Indian politics is not about electing the good candidate, but it's all about electing the least worst candidate.
#Politics",0,1,"#India
AI

The tweet expresses a nuanced"
"Machar claims that ‘peace spoilers’ sponsored his ouster as party head in South Sudan. 
JUBA – South Sudan's first Vice President, Riek Machar, has accused https://t.co/1a4bphIsiy #politics #aio #unitednations #salvakiir #riekmachar",0,1,"AI

The tweet contains a factual claim"
Chilean ministers meet with Sinovac executives over a potential vaccine production site https://t.co/GHQ9MbboDA #Politics https://t.co/eQQT8822Zi #Chilean #ministers #meet #with #Sinovac #executives #over #potential #vaccine #production #site #  763,1,1,"01452
AI

The tweet"
@sullydish 🙄I Haven’t Contacted my local Representatives Often✍️But when I Did✍️The Reply was Flat-Out Dismissive🗣Felt like A legitimate Argument Against the Proposal was Not Even factored into their Endgame😒And As Always it was Probably All About A Moneyed Interest💵 #Politics #UnderTheTable https://t.co/qZs1uBdw1u,1,1,"AI

The tweet contains a mix of informal"
#OppositionLeader Datuk Seri #AnwarIbrahim’s motion to debate the Emergency ordinances was declined by #DewanRakyatSpeaker #DatukAzharAzizanHarun saying that it has been submitted too early.  #TheAsianAffairs #Malaysia #Politics   https://t.co/y9L41rZLoY,1,1,"AI

The tweet appears to be a factual"
#Breaking_News_Politics #White_House #Politics House delays vote to advance Biden’s economic agenda as centrist Democrats derail Pelosi’s plans https://t.co/QoAEnxDBog https://t.co/Cv3EpDx1E3 https://t.co/t72gjfWoBh,0,1,"AI

The tweet appears to be a news"
"“Masks Don’t Add Much” Additional Protection Against Covid – Southwest CEO Sparks Backlash After Questioning the Need for Masks on Planes (VIDEO) #News #Politics 
 https://t.co/CIuo0HA2qJ",0,1,"AI

The tweet contains a factual statement"
"LOL HISTORY  26.7.1966 The Basutoland Independence Bill is adopted in the #British parliament, setting October 4th 1966 as the date in which the country would become independent under the new name; #Lesotho   #History  #OnThisDay  #KnowYourHistory  #Lstwitter  #politics  #OTD",1,1,"AI

The tweet contains a factual historical event"
"@ashoswai This is a part of compliance reporting and fetches lots of black money. The fact that the #Reservation in #India is increasing shows how #EQUAL different #caste are⚠️
#Politics of #caste and #vote. #Humans do not have #EQUAL #HumanRights @UN @unhrcpr @unGa @UN_PGA",0,1,"AI

The tweet contains several elements that"
"'It doesn't hurt cis women, to say 'chest feeding', but it does hurt those who go by other pronouns to continue to say 'Breast feeding''  So? Some feelings matter to you and some don't. #StopIt! #Language #WordsAreNotViolence #Politics https://t.co/Djc9xhmQUq via @YouTube",1,1,"AI

The tweet contains a mix of language"
Senate Republicans block Democrats' effort to advance voting and election bill - CNN https://t.co/Y6vv3nTJ7Y #2020Elections #Elections #Politics #GeneralElection,1,1,"AI

The tweet appears to be a summary"
"Desperate Afghans throng Kabul airport, stalling U.S. evacuations via @Reuters 

https://t.co/5A9qD8X04t 

#Afghanistan #US #NATO #UN #war #ForeignPolicy #geopolitics #politics #terrorism #women #femicide #EndlessWar #humanity #RegionalSecurity #refugees #PostConflictResolution",0,1,"AI

The tweet contains a mix of"
"Is this not provocation? Is the way one should play politics, by provoking one community?
@narendramodi @PMOIndia #Indian #Politics https://t.co/CdzcbdUgtT",0,1,"AI

The tweet contains a rhetorical question"
Philippines renews key defense agreement with the United States https://t.co/OrNadsvCKh #PHI #Philippines #Manila #Duterte #USA #US #Biden #BidenHarris #BidenAdministration #China #SouthChinaSea #Politics #Security #foreignpolicy,1,1,"AI

The tweet appears to be a news"
"It is clearly visible from this picture that #Politics dominates #indiancricket. Whose living example is the removal of #viratkholi from the #captaincy of becoming. 

#jayshah #ganguly #IndianCricketTeam https://t.co/VIVL2Ie0Oi",0,1,"AI

The tweet contains a mix of"
"The Labour leader, Keir Starmer, has said MPs should not receive a pay rise in April, given the severe cost of living squeeze facing the public in the coming months. Do you think MPs should get a pay rise in April? #MPs #Politics",0,1,"AI

The tweet appears to be a factual"
@KapenaK @BlxckAsian @EagleFMNam It's true that every minority/opposition party in #politics aspires through performance to take over as the ruling party in future.,1,1,This is a natural progression of political dynamics. AI
How We Can Avoid The End of The World. https://t.co/wMQC1PMHzN #philosophy #ClimateCrisis #endoftheworld #Politics https://t.co/FbbHAeUiM6,1,1,"AI or Human: AI

The tweet appears"
"Call for Hungarian ministers to resign in wake of Pegasus revelations

 #politicsandlaw #hungarian #leadership #politics #success #leaders #pegasusspyware #spyware #hungarian #minister https://t.co/h5uWlSL0i3",0,1,"AI
        The tweet contains a mix"
Do you reckon Hon. Moses Kuria will be the next Mt. Kenya kingpin after Uhuru Kenyatta?  #PulseTeaser #Politics https://t.co/nAdxKmaFmf,1,1,"AI

The tweet contains a political reference and"
ADL prez accuses Tlaib of 'antisemitic dog whistling' for remarks ripping those profiting 'behind the curtain' https://t.co/kJPENKP1Yg  - @politic_talks #Politics #Political,0,1,"News
AI

The tweet appears to be a"
Can we really trust the climate scientists?  #science #politics #GroupThink  https://t.co/vYk2IU46Sk,1,1,"AI

The tweet contains a questioning tone about"
@oni_blackstock @MrAhmednurAli If this was #WhiteWoman it would be racist? I guess white brown or yellow women are not human beings! #USA #NYC #NewYork #politics #Congress,0,1,"AI

The tweet contains a complex argument and"
Women lead ‘Kisan Sansad’ at Jantar Mantar; SKM to roll out ‘Mission UP’ from Lucknow - https://t.co/UjIjeSbQyg  #medleynews #india #news #FarmersParliament #Singhu #KisanSansad #KisanAndolan #FarmersProtest #rights #politics #MissionUP,1,1,"AI

The tweet contains multiple hashtags and mentions"
Arkansas Activists File New Marijuana Legalization Initiative For 2022 Ballot #Featured #Politics https://t.co/DlSHMWCyy1,0,1,"AI or Human: Human

The tweet appears"
"Political analyst @stengel shares his hopes for a better country and a restored faith in the government moving forward.

#WeLoveOurSpeakers #Politics #January6
https://t.co/zrbYQH8gOr",0,1,"AI

The tweet contains a hashtag (#We"
"#GregAbbott asked the federal government for help with #COVID WHILE threatening school districts requiring masks. #DeathSantis asked the federal government for ventilators today, while saying there is no COVID problem in his state. #COVIDIOTS #POLITICS #Texas #Florida",1,1,"AI

The tweet contains a mix of factual"
Via @RawStory: GOP-linked company’s COVID tests didn’t work — so health chief suggested using them on ‘college kids’: Tennessee whistleblower https://t.co/HHBNcyqjwt | #politics #trump #corruption,1,1,"AI

The tweet appears to be a summary"
What makes a good leader? Do leaders act in the interest of the common good? What's the primary duty of a leader? This episode examines those questions through three current examples. #podcast #politics #DeSantis #BidenHarris #Lightfoot #Chicago  https://t.co/I11BA5LTET,1,1,"AI

The tweet appears to be generated by"
"Migrant caravan rejects visa offers from Mexican officials, keeps going toward US https://t.co/XqH9S7TXjX  - @politic_talks #Politics #Political",0,1,"News
AI

The tweet appears to be a"
"@JOSH_MULA_TMC that was the original intent of #bluelivesmatter was 2 maintain the #population especially amongst the minority populations (who were more regularly disgruntled due to lack of #accredited #education,  #equal #representation in #politics and #corporate life and #policebrutality)",1,-1,"To understand the original intent of #BLM,"
Biden announces nearly $5 billion to bolster weather and climate disasters resilience https://t.co/sPSd7Pd9r8 #Politics https://t.co/eQQT8822Zi #Biden #announces #nearly #$5 #billion #in #wear #and #climate #disasters #resilience #  159,1,1,"AI
The tweet contains several unusual elements,"
"ICYMI: ""Navarro to Newsmax: WH Economic Policies on Road to 'Financial Ruin'""#trump #donaldtrump #donaldjtrump #republican #conservative #trump2024 #MAGA #KAG #usa #politics

Read the full article by Charles Kim with @Newsmax here:
https://t.co/NE41qa1RBg",0,1,"Assistant: AI

The tweet includes multiple hashtags"
Carpinteria Council Votes to Reconfigure the City into 5 Districts for Future Elections - Noozhawk https://t.co/Tqwa1YoJSb #2020Elections #Elections #Politics #GeneralElection,1,1,"AI

The tweet appears to be a news"
Can a new commodities boom pull Brazil back to life?   #politics #economy  https://t.co/usczuJbOIK,1,1,"AI

The tweet appears to be a concise"
Loudoun County educator quits on the spot in protest of transgender pronoun policy…-  #news #politics - https://t.co/o9hqy9ZufB,1,1,"AI

The tweet appears to be a news"
Colorado seeks $116 million in federal emergency aid to rebuild I-70 in Glenwood Canyon https://t.co/N8DcJSV91e #Politics https://t.co/eQQT8822Zi #Colorado #seeks #$116 #million #in #federal #emergency #aid #to #rebuild #I-70 #in #Glenwood #Canyon #  46,0,1,"/120
AI
The tweet appears"
American Greatness: The Biden Administration is exploiting phony concerns about terrorism to try to crush Trump and his supporters…-  #news #politics - https://t.co/Odneif3mbt,1,1,"AI

The tweet appears to be written in"
UK growth slows sharply in July as COVID 'pingdemic' disrupts recovery via @Reuters  https://t.co/XYhhelw2fE  #UK #Scotland #NI #Wales #England #COVID19 #DeltaVariant #vaccines #economy #economics #workers #wages #jobs #families #foodsecurity #politics #PoliticalParties #finance #recovery,1,1,"AI

The tweet appears to be a news"
"Society is being held hostage. 

#COVID19 #tyranny #politics",0,1,"AI

The tweet's brevity and"
GOP leaders blast Pelosi’s ‘partisan’ Jan. 6 committee https://t.co/RgyeQTIF4j  - @politic_talks #politics #politic,1,1,"stoday
AI

The tweet appears to be"
Commission: Hungary's veto over acquisition of AEGON's Hungarian subsidiaries by VIG breached EU regulation https://t.co/bHADzpNQ5q #Politics https://t.co/eQQT8822Zi #news 985,0,1,"AI
The tweet appears to be a news"
@priya_27_ @BJP4India @narendramodi @AmitShah @PMOIndia @HMOIndia @JPNadda must take d blame 4 this. None genuinely tried 2 change anything but will always b there 2 play #dirty #politics n blame anyone n everyone !! Hw genuine BJP’s intentions r 2 transform is questionable or d pace is too slow🤨!!,1,1,"AI
The tweet exhibits characteristics that are common"
Tan Sri #MuhyiddinYassin said that the success of the #NationalRecoveryPlan (#PPN)is reliant on the support of all parties as the #Covid19 crisis needs to be approached as a whole nation rather than as a whole #government.  #TheAsianAffairs #Politics   https://t.co/Q8iIRiQrzY,1,1,"AI

The tweet appears to be a factual"
Side by side comparison of the news. Comment on overt bias or under-reporting. Share to support an informed democracy. #news #politics #media #msnbc #cnn #fox - More at: https://t.co/OCTLN0v95U https://t.co/Yv1iUWbvin,0,1,"AI

The tweet contains a call to action"
DC health says masks may be necessary until Thanksgiving https://t.co/ePxG8jziPx  - @politic_talks #Politics #Political,0,1,"Talks
AI or Human: AI

The"
"Bruce Teague and Megan Alter elected to at-large seats, Harmsen elected to District B on Iowa City Council https://t.co/ZiRXzUS3qd 
#IowaCity #politics",0,1,"AI

The tweet appears to be a factual"
Commission approves €800 million Italian scheme to compensate airports https://t.co/YeRoXzhgNx #Politics https://t.co/eQQT8822Zi #Commission #approves #€800 #million #Italian #scheme #to #compensate #airports #  991,0,1,"characters
AI
The tweet appears to be a"
"Sweden to extend pandemic legislation till 2022, PM says https://t.co/apUi1ajmIs #Politics https://t.co/eQQT8822Zi #Sweden #to #extend #pandemic #legislation #till #2022 #PM #says #  825",0,1,"6 characters
AI
The tweet appears to be"
"multiple women and violated state trust, allegations he denies.

It's understood that Cuomo's hand was forced after learning that members of his own state legislature were planning to impeach him.

#newsandnotes #cuomoresigns #AndrewCuomo #uspolitics #Politics #jamaicasocial",0,1,"#impeachment
AI

The tweet contains"
@realDonaldTrump losses again. @realDonaldTrump backed #Republican goes down in Texas. #politics  https://t.co/8hS4Ui50r8,0,1,"AI or Human: AI

The tweet appears"
"""#Politics Today News: #Trump's real-estate empire pays the price for poisonous politics #News"": https://t.co/zEvbuPPEjc",0,1,"AI or Human: Human

The tweet appears"
#Healthcareindustry #Business #Politics #Airlines #Transportation Fully-vaccinated U.S. and EU citizens will no longer be required to quarantine when traveling to England - CNBC https://t.co/YeCDN1DS8G,1,1,"AI

The tweet contains a factual statement about"
"Republicans tried to overthrow the duly elected government of the United States and now it's turned into flight from prosecution. 

#politics #political #Republicans https://t.co/VwS9Qdgzw6",0,1,"AI

The tweet contains a clear political stance"
"It's clear the Canadian Government will call an election in the coming months.  I invite  @JustinTrudeau  @theJagmeetSingh  @erinotoole   Discuss policy and future outlook for this country. No fluff. Real journalism, Real questions.   #canpoli #politics #Canada #Trudeau #tuesday https://t.co/NUaeqZvc6o",1,1,"AI

The tweet contains a mix of factual"
San Jose could move its mayoral election and allow non-citizens to vote - Pacifica Tribune https://t.co/8oEkFD9g3j #2020Elections #Elections #Politics #GeneralElection,0,1,"AI

The tweet contains a factual error ("
"Less then a month ago while driving a young man was also shot on Brooks Ave. Not new 4 Venice or the oakwood neighborhood, shootings under @mikebonin have increased. Time to recall him @recallbonin2021 #venice @LAPDEnsley @LAPDPacific @PaigeCurrent #politics #crime https://t.co/DmbJuc5gwS",1,1,"AI

The tweet contains several grammatical errors"
JUST IN: Israel's FM visits Morocco for first time in two decades #News #Economy #Politics,1,1,"AI

The tweet appears to be a news"
It is immoral for one person to have one billion when others can't eat  https://t.co/aYEfBalgBU   #leftwing #rightwing #trump #politics #conservative #republican #maga #liberal #leftist #feminism #antifa #political #donaldtrump #democrats https://t.co/OBAdSoFLmC,1,1,"AI

The tweet contains a mix of political"
#Politics  #rivers #water  Pl read Prof. Sridharacharyulu's take on krishna water dispute between AP and TS. https://t.co/FFleWWRDV0,1,1,"AI

The tweet appears to be a neutral"
Side by side comparison of the news. Note overt bias or under-reporting in the coverage. Share to support an informed democracy. #news #politics #media #msnbc #cnn #fox - More at: https://t.co/OCTLN0v95U https://t.co/anEdeU4TNk,1,1,"AI

The tweet contains a call to action"
Via @TPM: Jim Jordan Says He Spoke To Trump On Jan. 6 https://t.co/4bQMccO0as | #trump #politics #election2020,0,1,"AI

The tweet appears to be a news"
Via @RawStory: Susan Sarandon heads protest against the Squad at AOC's office https://t.co/P9jAgJXnkA | #politics #trump #corruption,1,1,"AI

The tweet appears to be a news"
"Via @RawStory: Pentagon officials scrambled to stop 'outrageous' Trump plan to send 250,000 troops to guard southern border: NYT https://t.co/4icQf7u0Lb | #politics #trump #corruption",0,1,"AI

The tweet appears to be a summary"
"Amen to all of this. We have to find a way to get it through people's thick skulls that saying ""they're trying to destroy democracy"" isn't hyperbole or spin or campaign rhetoric.  It's real, and it's happening right now.

#Politics #reformthefilibuster #SaveDemocracy #GOPTraitors https://t.co/TO8Ybgboz1",0,0,"Assistant: Human

The tweet displays a nuanced"
"Unions representing health workers have called on Taoiseach Micheál Martin to speed up the payment of financial bonuses to members for their efforts and commitment during the pandemic
#News #Coronavirus #Ireland #Politics https://t.co/e8yIHFD6wN",0,1,"AI

The tweet contains a mix of factual"
"""Sometimes the truth is chased out of our legal system,"" says Andrew L. Urban.

#Auspol #politics #socialjustice #law
https://t.co/cJiaDiDzBh",0,1,"AI

The tweet includes a quote from a"
"U.S., Argentine investors tied to illegal land deals, deforestation in Brazil 

#politics #environmentalism #EnvironmentalJustice 
https://t.co/lnAYB7EH0J",0,1,"AI

The tweet contains relevant hashtags and mentions"
Congressman @BradWenstrup is doing a terrific job for the wonderful people of Ohio's 2nd Congressional District! #trump #donaldtrump #republican #conservative #trump2024 #MAGA #KAG #usa #politics,0,1,"AI

The tweet contains several political hashtags and"
Via @RawStory: WATCH: Carl Bernstein explains why ‘angry’ Pence team may flip on Trump and cooperate https://t.co/2AbCU3Tlkw | #politics #trump #corruption,0,1,"AI

The tweet appears to be a news"
Side by side comparison of the news. Comment on overt bias or under-reporting. Share to support an informed democracy. #news #politics #media #msnbc #cnn #fox - More at: https://t.co/OCTLN0v95U https://t.co/3JTj2jowm2,0,1,"AI

The tweet appears to be generated by"
Cuba's Paris embassy hit with gas bomb; Havana blames U.S. for inciting violence - Breitbart #worldpoliticalnews #uspoliticalnews  #usnews #worldnews #politics https://t.co/Jpdck5HwLt,1,1,"AI

The tweet contains several elements that are"
"Russia is invading Ukraine and meanwhile half of the US media is trying to find a way to blame this on Biden, rather than focusing on the invasion. #Politics",0,1,"#War
AI

The tweet contains a conspiracy"
"Police don't prevent crime, they respond to it.
Making sure everyone has a good standard of living is what prevents crime but this is not inline with capitalist ideology. 
Everyone for themselves does not work in reality.
#Politics
https://t.co/ZYrjI5UDyl",0,1,"AI

The tweet contains complex ideas and arguments"
Finland to suspend development cooperation in Afghanistan https://t.co/9nRjn20I8a #Politics https://t.co/eQQT8822Zi #Finland #to #suspend #development #cooperation #in #Afghanistan #  721,0,1,"ms
AI

The tweet appears to be a"
#StephenColbert #Politics America Ferrera explains why non-election years are still important for voters: America Ferrera has campaigned for 13 years to make underrepresented voices heard at the… https://t.co/vYzNpONUJE  | https://t.co/9AaTTqXITl   | https://t.co/eKi4cP5ni2 https://t.co/rum5e3yYhX,0,1,"AI

The tweet appears to be a summary"
The Hypocrisy of the GOP - via @smedian_network #Politics #HypocrisyOnTheRight #Voting https://t.co/cCoyI43bAy,0,1,"AI or Human: Human

The tweet appears"
"Meet Anna from @momentumhu. She is one of the many politically engaged fighting the illiberal regime in Hungary.
Watch the full video on our website: https://t.co/Qsmm0p4hD1

#lgbtq #pride #liberal #european #europe #politics #equality #loudandproud #fightlikealiberal https://t.co/VhAqUkcZHi",0,1,"AI

The tweet contains a mix of factual"
"""The people's legislative body could not function properly and discussion on various issues of national importance could not be held due to obstruction in the parliament."" #politics #political #politicalparty 
https://t.co/JrxCqL8cnm",0,1,"AI

The tweet contains a grammatical error"
"@toryboypierce @SadiqKhan @metpoliceuk Andrew, apparently there are employment laws in the UK to protect the rights of those people who you may not like. We do not live in a Fascist state, yet. #alloutpolitics #peston #newsnight #R4today #politics",0,1,"AI

The tweet appears to be written in"
Michigan's Aug. 3 elections are approaching fast - here's what's on the ballot in Metro Detroit - FOX 2 Detroit https://t.co/FSOzifnkFJ #2020Elections #Elections #Politics #GeneralElection,1,1,"AI

The tweet appears to be a news"
#Politics - Omnipotent #Hindu Queen #PritiPatel's nuisance bill. #India #Pakistan #Belarus #China in so many ways support unhinged Putin in the #RussiaUkraineWar https://t.co/f50u4whzia,0,1,"AI

The tweet contains several elements that are"
Prominent Russian TV presenter says #War 'against Europe and the world' is on the way following Moscow's invasion of Ukra #politics  https://t.co/bYnaKT0bWZ,0,1,"AI

The tweet contains a factual statement about"
"Oregon Gov. Kate Brown suspends state’s proficiency standards for reading, writing, and math in the name of ‘equity’ https://t.co/jGtnXVhl3Y #Education #Oregon #Politics #Progressives #TheLeft",0,1,"AI

The tweet appears to be a headline"
"President Donald J. Trump, 45th President of the United States of America, will hold a rally in Florence, South Carolina, on Saturday, March 12, 2022, at 7:00PM EST. #trump #donaldtrump #republican #conservative #trump2024 #MAGA #KAG #usa #politics",0,1,"AI

The tweet contains a factual statement about"
Ouch! Biting Russian satirical video utterly devastates and humiliates Big Tech…-  #news #politics - https://t.co/x5kFkbIqM4,1,1,"AI

The tweet appears to be a news"
It took Texas Supreme Court nearly two months to respond to dem lawsuit about critical crisis over 2000+ State employees in a precarious pay and benefits situation (induced by Abbott) but less than 24 hours to hold up a TRO #txlege #politics https://t.co/56o4aTnFzt,1,1,"AI

The tweet contains a detailed and specific"
@westaustralian good idea in theory But just getting #women into #Politics isn’t the issue It’s getting good conservative experienced women with a good track record of achievements against the mob will be the game changer #auspol #wapol @abcnews @WAtoday @wamnnews @ScottMorrisonMP @LiberalAus,0,1,"AI

The tweet contains political commentary and uses"
"There are now 42 QAnon believers who are looking to run for Congress in 2022. It was 19 nearly two months ago. 

#QAnonCult #GQP #Politics 

https://t.co/A8GAQfvfC3",0,1,"AI

The tweet contains specific and factual information"
THE BIDEN EFFECT: Gas Prices Surge to a Seven Year High https://t.co/y4DIvv8Tlz #Democrats #economy #energy #inflation #JoeBiden #News #Politics via @amlookout,1,1,"AI or Human. AI

The tweet appears"
China says US pressure on sponsors to shun Winter Games is 'farce' - Breitbart #uspoliticalnews  #worldpoliticalnews #usnews #worldnews #politics https://t.co/udnqIIQYSh,0,1,"AI or Human: Human

The tweet appears"
Sen. Tuberville slams 'Squad' for not hearing 'one word' on protecting women in Afghanistan https://t.co/aQSMcTsWsU  - @politic_talks #Politics #Political,0,1,"News
AI

The tweet appears to be a"
NYC Will Require Vaccines Or Weekly Tests For Hundreds Of Thousands... (https://t.co/vubP1Vd0WO)  New York City Mayor Bill de Blasio announced Monday that city workers will be required to be vacc...  Add your highlights: https://t.co/TEnQnhIWjp  #NY #politics #nycp...,1,1,"AI
The tweet appears to be a summary"
Southern India's sole chief minister from PM Modi's party resigns via @Reuters   https://t.co/wEypIG9svM   #India #politics #PoliticalParties #Modi #voters #economy #COVID19 #RegionalSecurity,1,1,"AI

The tweet contains a mix of factual"
. @MoHFW_INDIA Shri @mansukhmandviya ji reveals the lies of #AAP Party leader @msisodia  Shameful #Delhi CM @ArvindKejriwal &amp; your party is deliberately spreading lies just for the sake of #Politics instead of working for the welfare of the people of #Delhi https://t.co/PufhTe3SMo,1,1,"AI

The tweet appears to be written in"
"Philippines President Duterte to run for Senate, not against daughter - aide - Reuters https://t.co/4UZfWMMkED #2020Elections #Elections #Politics #GeneralElection",0,1,"AI

The tweet appears to be a news"
#science and #scientists have warned #politics for decades  but #politicians care more for polls and their landlords of he #Forbes500 than the future of #Mankind #Corruption . https://t.co/nmUFKcc96H,0,1,"AI

The tweet contains a mix of factual"
"AOC Flexes On Manchin: House Dems Can Play Hardball Too

https://t.co/JeDTw8qXFE 

#leftwing #rightwing #trump #politics #conservative #republican #maga #liberal #leftist #feminism #antifa #political #donaldtrump #democrats https://t.co/luEczEYRaa",0,1,"Assistant: AI

The tweet contains a mix"
"#Parliament is a mirror of the executive, it's a club of mostly men who show up to vote based on what their sectarian warlord decides. It can't investigate, can't even trust it with our garbage.

#Lebanon #corruption #beirutblast #investigation #TruthMatters #politics #justice",0,1,"#democracy

Assistant: AI

The tweet"
"#Politicians always ask everyone else to ""tighten their belts"" and ""make sacrifices"" that they would never make.  #hypocrites #agenda #control #DoubleStandard #politics #agenda #sacrifice #optout #facts https://t.co/d8foUvYXnZ",0,1,"AI

The tweet contains a mix of common"
Embattled Assin-North MP receives rousing welcome from constituents https://t.co/x5cM1qwvK2 #Politics #AssinNorth #AssinNorthMP #AssinBerekuCR #Aug03 https://t.co/httCbft7zi,0,1,"AI or Human. AI

The tweet appears"
Louisiana reinstating indoor mask mandate https://t.co/eo522KEYhI #Politics https://t.co/eQQT8822Zi #Louisiana #reinstating #indoor #mask #mandate #  380,0,1,"characters
AI
The tweet appears to be a"
"🇺🇸🇦🇫

20 years, 4 presidents: The words that shaped the war in Afghanistan https://t.co/UD9bsEtACP via @nytimes 

#USA #Afghanistan #ForeignPolicy #WarOnTerror #President #GeorgeWBush #Obama #Trump #geopolitics #war #conflict #AfghanistanCrisis #Politics #Speech #leadership",0,1,"#history #foreignaffairs
AI

The"
Via @TPM: Sound And Fury: Moderate Dems Slowroll Infrastructure Package In Staredown With Pelosi https://t.co/3jLZAklyGb | #trump #politics #election2020,0,1,"AI

The tweet appears to be a news"
"""...a public official declaring a state of emergency is not necessarily reason to panic or believe you’re at a heightened risk of contracting the virus.""
https://t.co/uRUbqJ6Qwg #FollowTheMoney #Hochul #NewYork #Trump #Cuomo #COVID19 #StateOfEmergency #CovidIsOver #Politics",0,1,"AI

This tweet appears to be a"
"There is a widespread problem in making #politics #accessible for #disabled people at both the local and national levels.

A core principle of representative democracy is that all sections of the public have equal rights and opportunities to 

1/2

https://t.co/bpwptZTlEH",0,0,"Human

The tweet appears to be written by"
Adam Bandt: Just about to speak with @PaulCulliver on ABC Capricornia about the Greens’ plan… https://t.co/6ew0DwrwZw #AusPol #Politics #AusPol2022,0,1,"AI

The tweet appears to be a typical"
"@RubikaLiyaquat It seems that you have not pay attention during your flight journeys. Airhostess clearly says that during emergency ""first wear your mask before helping others"". Be a journalist not behave like PR agency of any political party #OpRussia #BREAKING #UPDATE #RussiaUkraine #Politics",0,1,"AI

The tweet contains a mix of factual"
Finland to suspend development cooperation in Afghanistan https://t.co/9nRjn20I8a #Politics https://t.co/eQQT8822Zi #Finland #to #suspend #development #cooperation #in #Afghanistan #  479,0,1,"6
AI

The tweet contains multiple unnecessary spaces"
New Ruling In CBD Trademarking Case Highlights Challenges Of FDA’s Rulemaking Delays #Politics https://t.co/sSwuXKgxqS,0,1,"AI

The tweet appears to be discussing a"
@ShaneRattenbury champions #wisdom and #compassion and #collaboration as a way to improve #politics state territory and federal.  @In_The_Taratory - use you voice for action to make this issue matter.  @GiuliaJonesMLA looks forward to ongoing debate!  Thanks @TheAusInstitute,1,-1,for the invite to speak at the #AusIn
Are #SocialMedia Platforms Making The Political Divide Even Worse? (Forbes) #Politics  https://t.co/JqK4gtwDfA https://t.co/VFMwgUXaFH,1,1,"AI

The tweet appears to be a link"
She's got bigger balls than the entire #GOP combined! Where's #Kamala ? #Pelosi makes her look invisible . #politics https://t.co/Fn7aeVV2Ge,0,1,"AI

The tweet contains informal language, slang"
Best political line of the day: “Texas…the land that free speech and science forgot.” From the incisive Political Junkie @TenuredRadical #politics,0,1,"#freeSpeech
AI

The tweet appears to"
"Since 1848, when the Communist Manifesto was written, some have asserted that human socities will inevitably become socialist. However, there is no historical evidence that human societies naturally drift towards socialism.  #history #politics https://t.co/0DG9r0bdi9",1,1,"AI

The tweet appears to be a factual"
#cnn chases the lowest common denominator.  Embarrassingly.  But at least rating have tumbled to test screen levels.  #politics.,1,1,"AI

The tweet appears to be written in a"
Why is it that the only ppl who can afford to live in America are the very rich and the very poor? U.S. policies have left middle-class Americans out in the cold with no means of support for decades. It's no wonder the middle-class is going extinct.  #Politics #savethemiddleclass,1,1,"AI

The tweet expresses a viewpoint that align"
"The political climate in the US is so obvious and primal. The ""pick a side"" mentality is so embedded in human psychology, I don't know where it even starts and ends in terms of facilitation by it's own leadership. Humans love their wars, I guess 😖 #Politics",0,1,"#HumanNature
AI

The tweet expresses a"
"@MattPutorti #BendictDonald needs to be banned from #politics 

#Impeached TWICE #guilty forever",0,1,"#neveragain
        AI

The tweet contains"
"This SuperPac allows us to freely express our opinions and implement our  First Amendment rights, even to the point of raising unlimited funds. Which we choose not to do at this time. A political action committee doesn't have to be used for power and control. #Biden #Politics",0,1,"AI

The tweet contains some grammatical errors"
"Oh, mark the ""Sophie"" square too. I'd have thought she'd be at the Lake working on her tan between now and October, but she made it https://t.co/NyjsD2UdV2
#cdnpoli #ElectionBingo #Politics",0,1,"AI

The tweet contains a casual reference to"
After 50 years #Greenland is giving up on #oil exploration. Could this change it's quest for independence from #Denmark? https://t.co/zjgPKisgOf  #Rewewableenergy #climatechange  #Europe #europeanunion #independence #politics #copenhagen #Nuuk #anpublishing #moderntreatise,1,1,"AI

The tweet contains a mix of factual"
"The #AmericasMidwest's #urbanization and #industrial #transformation are well under way. If nothing goes wrong, the Midwest will be much more influential in the future. 

#geopolitics #AmericanEast #politics #economy #spacecraftmanufacturing 

https://t.co/s9zjiGxJD8 https://t.co/TnKva2wQQ1",0,1,"AI

The tweet contains a mix of"
Tonight on #TrendsKe honest sobber politicking from youths. Have your voice.  The weeks trends as well @kk_cedrick #TheAlternativeVoiceUpdates #TrendsLive #Politics  Bottom up Made in Kenya https://t.co/hqYvbCfHhN,1,1,"AI

The tweet contains a mix of hashtags"
"Who’d have thought that someone who freely associates with #AviYemini would victim blame &amp; enable #abuse towards @JacquiLambie? I do love the respondent's reaction to her idiocy, though.

#auspol #Australia #politics #enabler https://t.co/p8zO74jvSG",0,1,"Assistant: AI

The tweet contains political commentary"
@realDonaldTrump-loving Arizona #GOP #State #Senator calls #COVID vaccines 'the Mark of the Beast' in unhinged rant #politics  https://t.co/TRBsgyUwT8,0,1,"AI

The tweet appears to be referencing a"
I'm going to bet that the Arizona fraudit will wrap up right about the time some idiots are claiming @realDonaldTrump will be reinstated #politics  https://t.co/TKoZ6Rm2Dv,1,1,"AI

The tweet contains a mix of informal"
Via @RawStory: Cleveland cops in panic over proposal allowing civilian commission to punish them for their actions https://t.co/lBNsA9qsHs | #politics #trump #corruption,0,1,"AI

The tweet appears to be a news"
Senate pushes ahead with $1T infrastructure package https://t.co/meK49HkANF #politics,0,1,"#infrastructure
AI

The tweet appears to"
BREAKING: Biden Imposes Mandatory Vaccinations on VA Medical Employees - via: @charliekirk11 https://t.co/6FxZjqjCjI #politics #videos https://t.co/QVoJi7lrLf,1,1,"AI

The tweet appears to be a news"
Via @RawStory: Ivanka Trump's actions on Jan 6th scrutinized after investigators obtain 'inconsistent' testimony: report https://t.co/OSPlimIRVA | #politics #trump #corruption,0,1,"AI

The tweet appears to be a news"
"I think I'm alone over here opting out of #Politics in addition to #MSM. Is everyone happy being unhappy? Are you really happy? If so, I trust the outcome. Polar opposites can have good intentions. Wheres my original #AnonFamily from long ago? I think some went political. #Anonymous",1,1,"AI

The tweet contains a mix of collo"
"Making up wars has been the go to distraction of world leaders that can't govern for millenia...Maybe if all these efforts &amp; resources were directed at building up their own people rather than fighting others, their country would be flourishing instead of collapsing. #Politics",0,1,"#War #Governance
AI

The tweet"
Just In: The Senate PASSES Anti-CRT Bill in Razor Thin Vote; Dems Now on Record Supporting the Marxist Propaganda #News #Politics  https://t.co/aI32CNx6G7,1,1,"AI or Human: AI

The tweet appears"
"Based on the criticism of the #Pakistani opposition we should expect two moves if they assume power:

1. Lower the global oil price from the current &gt;100 to a more pleasant 50. 

2. Strengthen the rupee from the current 185 to ca 100
#EmergingMarkets #FrontierMarkets #Politics 🤡",0,1,"AI

The tweet contains a mix of"
"U.S Military . —&gt;  Current  . War Crimes in Afghanistan . Joe Biden - Kamala Harris era . July 2021 . unmarked [ U.S ] helicopters  operating flights  in areas, where ISIL terrorists are active in Afghanistan  .  . #Politics, #News, #World, #Afghanistan",1,1,"AI

The tweet contains a mix of factual"
Trump Blames GOP Senate Loss On His Own 'Rigged' Election Gripes For Discouraging Voters  HuffPostPol #Demforce  #Resist  #resistance #politics https://t.co/4TdzMIMlUY,1,1,"AI

The tweet contains political jargon,"
"Brazil truckers protest high fuel prices, no major disruptions reported.https://t.co/2h2jbOA3uT, #wearedemocracy, #protest, #uspolitics, #democrat, #republican, #Politics, #MakePoliticiansAccountable, #PoliticalTransperancy, #PoliticalPerformance, #RateMyPolitician, #democracynow",0,1,"AI

The tweet contains a mix of factual"
#Technology #Crime #Politics #Breaking_news #Breaking_News_Europe U.S. wins appeal to extradite Wikileaks founder Julian Assange from the UK https://t.co/h4A9ogMoG9 https://t.co/Cv3EpDx1E3 https://t.co/m89Ih2JLiE,0,1,"AI

The tweet contains multiple hashtags and links"
#PhnomPenh #Court continues questioning #SengTheary regarding @RainsySam plan to return home in 2019... #RFAKhmer #HumanRights #Politics,0,1,"AI

The tweet appears to be a news"
"We've got to get to a place where we view each other as fellow citizens and neighbors. The rhetoric, the stereotypes, the labels are killing people. Literally. Enough pettiness; enough division. Everyone get together to solve our shared challenges. #politics #potus #congress https://t.co/ilWgTvpqjD",1,1,"AI
The tweet contains a mix of general"
Via @RawStory: Watch Nicolle Wallace destroy Ron DeSantis over COVID: ‘The biggest scandal in the country’ https://t.co/htMumlOne5 | #politics #trump #corruption,0,1,"AI

The tweet appears to be a news"
Trump Rally in Alabama Live Stream: How to Watch Former President's Rally in Cullman https://t.co/bgMY79NnSQ #DonaldTrump #TrumpRally #TrumpRallyAlabama #Cullman #Alabama #SaveAmerica  #Government #politics,0,1,"AI

The tweet appears to be a promotional"
What do you call a #communist on a skateboard?… A rider pulling a radical left. https://t.co/emMslvmskq #skateboarding #communism #politics,1,1,"AI

The tweet contains a play on words"
"Outside Ronald Reagan Presidential Library tonight, where #Trump supporter Charles DiMauro told reporters he’s convinced the former president won in November: “Trump won. It’s not over yet. It will be proven.” #politics https://t.co/FPRachNBjR",1,1,"AI

The tweet contains a mix of factual"
Politics: Gehlot will no longer work in Rajasthan! Congress high command will take decision on cabinet reshuffle https://t.co/uro4GO6vUH #Politics #Gehlot  #Rajasthan #Congress,1,1,"AI

The tweet appears to be a news"
If you want some hope that young people are are our only real hope follow  @Jess06866077 #believe #ToryLiars #Politics #ToryBritain #SocialistSunday #luxurycommunism,1,1,"AI

The tweet contains several hashtags and mentions"
Rent controls have become a highly divisive issue in Europe https://t.co/BAHtRydMv1 #EuropeNews #Politics #Ireland #Realestate #REITs,1,1,"AI

The tweet appears to be a factual"
"Fewer infections create fewer opportunities for the virus to mutate. It’s #science, not #politics. #SARSCoV2 #coronavirus #pandemic #VaccinesWork",1,1,"AI
The tweet contains a factual statement about"
"GOP official in Wake urges other Republicans not to play politics with vaccine, mask info – https://t.co/Bfszcvitlx
ChronLaw Politics News
https://t.co/W80m5RCr1M

#Politics #news #law #attorney #lawyer",0,1,"#vaccine #mask
        AI

The"
"@StoryHaikuTanka Chen-ou Li's tanka prose, ""Life goes on,"" about how the life in Hong Kong has changed under China's national security law https://t.co/4UHWjIDDiH #tanka #poetry #micropoetry #poem #HongKong #HongKongers #DemocracyInDanger #Politics #PoliticsToday https://t.co/J9q1rGklLd",0,1,"AI

The tweet contains a link to a"
Via @MotherJones: Merrick Garland Should Tell Us if DOJ Is Investigating Trump for His Attempted Coup https://t.co/VDZRP0xiAm | #politics #trump #election2020,0,1,"AI

The tweet appears to be a news"
"When we talk politics, we moralize. When we talk morality, we politicize.

Read more https://t.co/ESY7S6ixNk

#politics #trump #india #news #election #conservative #usa #republican #morality #ethics #thomassanders #morals #moralitysanders #love #virgilsanders #life #logic https://t.co/zSW4FmiZZB",0,1,"Assistant: AI

The tweet contains a philosophical"
"This was shared in a group. Issuing statements on everything, anything and anyone hasn't apparently sat well with most - plus @RajapaksaNamal's 'Blanket' friendship too!😂  @PresRajapaksa #Politics @GotabayaR #SriLanka https://t.co/gEo2jdCftK",1,1,"AI

The tweet contains a mix of informal"
"North and South Korea Are Back Talking—But For How Long? 

ForeignPolicy  #security #ForeignPolicy #politics  https://t.co/FKTM6RYGVf",0,1,"AI

The tweet appears to be a"
#Politics: Tunisia: Decisions announced by Head of State ruled “null and void” Report https://t.co/wCwYztfPr3 #svgnewsbot https://t.co/KK1CRyJc2T,1,1,"AI or Human: AI

The tweet includes"
"MULTILINGUAL NEWS SERVICE PUNJABI  06 March 22. 
#news #covid19 #media  #coronavirus  #currentaffairs #breakingnews  #journalism #follow #latestnews #politics #article #press #community #melbourne #Australia #multilingual #multicultural #radio #ਖ਼ਬਰਾਂ  https://t.co/yHrQbZ8Fpy",0,1,"AI

The tweet includes Punjabi text"
Side by side comparison of the news. Spot overt bias or under-reporting and comment. Share to support an informed democracy. #news #politics #media #msnbc #cnn #fox - More at: https://t.co/OCTLN0v95U https://t.co/8Kv5hTHeqG,1,1,"AI

The tweet contains a call to action"
"Koffee with Karan,
Or BreakFast with Rahul,
Koffee with Karan,
And BreakFast with Rahul?

Anyone who passes this test can take part in the cycle protest.

#Opposition #Coalition #Protest #RahulGandhi @narendramodi #Cycle #Breakfast #Politics #Parliament #Bollywood #KaranJohar https://t.co/PfXtUqZZkM",0,1,"Assistant: AI

The tweet appears to be"
"If you refuse to take part in politics, one penalty is that you will be governed by your inferiors.—Plato #facts #Philosophy #Politics #USA",1,1,"AI

The tweet appears to be a paraph"
#VIDEO - Ethiopian academic reflects on why he joined the Tigray Defence Forces via @BBCNews   https://t.co/AjgjAAZlnI   #Ethiopia #Tigray #Eritrea #HornOfAfrica #war #conflict #violence #humanity #Refugees #borders #politics #diplomacy #RegionalSecurity #AU #UN #UNHCR #ICJ #ICC,1,1,"AI

The tweet appears to be a news"
"Germany announces stricter entry rules for arrivals from Spain, Netherlands and Georgia https://t.co/PGQni5eTTh #Politics https://t.co/eQQT8822Zi #Germany #imposes #stricter #entry #rules #for #arrivals #from #Spain #Nerlands #and #Georgia #  310",1,1,"characters
AI
The tweet appears to be a"
"We both were silent when he is getting beaten up. When he fights back, I applaud, You ridicule his action. I am an hypocrite and you are neutral #Politics #Life #Oppression",1,1,"AI

The tweet contains a complex emotional and"
"Via @RawStory: Gov. Cuomo issues vaccination mandate for New York state workers, hospital staffers https://t.co/et9D7eJ66Y | #politics #trump #corruption",0,1,"AI

The tweet appears to be a news"
"Taxpayers' money is being wasted and the marketplace is not getting the skills it needs because too many young people are going to university, a top education charity boss has warned. Do you think too many young people are going to university? #Politics",0,1,"#Education
AI

The tweet contains a structured"
Companies that have made coronavirus vaccination compulsory for employees:   - Facebook - Alphabet - Blackrock - Netflix - Morgan Stanley - The Washington Post - Lyft #News #Economy #Politics,1,1,"AI

The tweet appears to be a factual"
Tased officer: Jan. 6 attack truly ‘unlike anything’ I’ve ever seen Leaning: 12% Liberal - View rating: https://t.co/XRGjen3jCo #ArticleBiasRatings #Politics https://t.co/SHvdiT6a78,1,1,"AI

The tweet contains a mix of factual"
Macron accuses UK of not showing credibility https://t.co/kVxLVhQIYN #Politics https://t.co/eQQT8822Zi #news 813,0,1,"AI
The tweet appears to be a short"
"Nonsensical.  The Congress lies to the American people every day, and they classify something like 16,000,000 documents a year.  He's not lying, just refusing to bow to a bunch of liars.

Do they think this is what the people want?  They must WANT to lose the midterms. 
#Politics https://t.co/qWPeTacatQ",0,0,"Assistant: Human

The tweet contains a mix"
"Obviously #homelessness is a way more complex issue than just giving them houses to live in. But, it’s somewhere to start as it would give them a consistent place to live. #America #Capitalism #Politics",1,1,"AI

The tweet shows a level of complexity"
"Basavaraj Bommai, With BS Yediyurappa's Blessing, Begins His Tenure #karnataka #karnatakapolitics #yediyurappa  #BJP #congress #bommai #takeover #urdu #bang #sting #Teaser #cm #chiefminister #politics #ministry https://t.co/286j1fdU2b",1,1,"AI

The tweet contains multiple political hashtags and"
"#war #greed #economics #politics #poor #rich There is class warfare, all right, but it is my class, the rich class, that is making war, and we are winning.  ~ Warren Buffett",1,1,"AI

The tweet appears to be a paraph"
'I don't feel any fear going out.' Life for residents in America's most vaccinated #State #politics  https://t.co/dms0qW8GEy,1,1,"AI or Human: AI

The tweet contains"
"Capitol rioters hit with severe sentences and sharp reprimands from judges 

https://t.co/Qathltm3TM 

#leftwing #world #trump #politics #news #maga #liberal #leftist #feminism #antifa #political #donaldtrump #democrats https://t.co/zKfLKN4SR8",0,1,"AI
The tweet contains a mix of"
@ESPNMcGee Nothing that the other side hasn’t done fwiw #Politics,1,1,"AI

The tweet appears to be a short"
"And, one wonders why tyrants like Mo*di get away with their vile politics. #PoliticalEconomy #Politics #Economics https://t.co/PAGYVgMgBv",0,1,"AI

The tweet contains a misspelling"
"nobody making under $60,000 a year should be paying federal income tax I make $80,000 a year I'll still pay my income taxes but still #Politics #MyPolitics #Republican #Democrat #TaxationIsTheft",1,1,"AI

The tweet expresses a political opinion that"
"EX-VICE PRESIDENT, ALHAJI ATIKU ABUBAKAR EXPLAINED WHY THE PEOPLES DEMOCRATIC PARTY (PDP) SHOULD ZONE ITS PRESIDENTIAL TICKET TO THE NORTH. https://t.co/XDeuFAvdFO 
#politics",0,1,"#Nigeria #PDP
AI

The"
Here’s Trump criticizing the 2012 Election (Obama won the pop. vote so idk what he’s talking about) and then him winning the election in 2016 despite loosing the popular vote. The irony is great 😭. #Politics #Trump #Democracy #Electoralcollege https://t.co/jlOi6MWJtH,0,1,"AI

The tweet contains a mix of factual"
Poll: Optimism Among Americans Drops Almost 20 Points in Just Two Months #uspoliticalnews #politics #usnews #news https://t.co/crsaCJdqbk,1,1,"AI or Human: AI

The tweet appears"
Via JoshTPM: Where Things Stand: Tomorrow’s Sinister Counter-Programming https://t.co/ZJMDxb4riK | #trump #elections #politics,1,1,"AI

The tweet appears to be a shortened"
"Opposition unity project needs a Harkishan Singh Surjeet, not a VP Singh  @AITCofficial @INCIndia @cpimspeak @RahulGandhi | By @nicholas_puneet  #Politics #HarkishanSinghSurjeet https://t.co/TUz1wEMgyJ",1,1,"AI

The tweet appears to be discussing political"
"Justin Trudeau: “There’s not a religion in the world that asks you to ‘tolerate thy neighbor'” 

#SunnyWays #Religion #Politics #Ideologue 
https://t.co/QsxD3yr5vx via @qz",0,1,"AI

The tweet includes a quote from Justin"
Editorial: Countdown to Election Day; learn and vote - Prescott Daily Courier https://t.co/pENUxWKgnP #2020Elections #Elections #Politics #GeneralElection,1,1,"AI

The tweet appears to be a generic"
Via @RawStory: Texas Supreme Court authorizes arrest of Democrats who don't show up to Legislature https://t.co/amGbVnbneH | #politics #trump #corruption,1,1,"AI

The tweet appears to be a news"
"Siddipet Collector Venkatrami Reddy takes Voluntary Retirement, Likely to Enter Into Politics 
https://t.co/DPyiPI1fPD
#siddipet #collector #Telangana #Politics",0,1,"AI

The tweet contains a factual statement about"
Antifa sympathizers celebrate death of Washington state sheriff's deputy https://t.co/tQOW3pI0hy  - @politic_talks #Politics #Political,0,1,"News
AI

The tweet appears to be generated"
Side by side comparison of the news. Comment on overt bias or under-reporting. Share to support an informed democracy. #news #politics #media #msnbc #cnn #fox - More at: https://t.co/OCTLN0v95U https://t.co/XWZ1p9tLUz,0,1,"AI

The tweet appears to be generated by"
"He mentioned that, geographically, Karnali is the largest reservoir of natural resources in the country. #politics #political #politicians 
https://t.co/GJdfLvSOiP",0,1,"AI

The tweet contains a factual statement"
Get your PVCs ready – YPP chieftain reminds Nigerian youths - 2023 - https://t.co/QtPQtH870F #Politics #2023 #PVCs #YPP#BBnaija #Messi #Wizkid #Davido,1,1,"AI

The tweet contains a mix of relevant"
"Covid pandemic should end next year if we can get through harsh winter, expert says https://t.co/at21FtxAFA #Politics FOLLOW @torysleazeUK https://t.co/JP6Cji2aLM",0,1,"AI

The tweet contains a mix of factual"
"Bulgaria to stop supporting Ukrainian refugees on May 30, says minister https://t.co/gXfABaBAmd #Politics https://t.co/eQQT8822Zi #news 557",0,1,"AI or Human: AI

The tweet appears"
Malaysia COVID-19 state of emergency set to end https://t.co/XAXHp353o8 #Politics https://t.co/eQQT8822Zi #Malaysia #COVID-19 #state #of #emergency #to #end #  147,1,1,"0062322
AI"
"Remember Biden told us that the afganistan army had to prove that it was willing to fight for it's country, it now has demonstrated that it is not willing to.  Which bolster's bidens argument. #biden #politics #afganistan",0,1,"AI

The tweet contains several factual errors and"
"@SenWarren Senator, we of course need to fix our tax system and it should be progressive...but once more, wealth taxes have shown they don't work wherever they've been attempted. Stop with this buzzword and move on to real solutions...  #politics #WealthTax",1,1,"AI

The tweet shows a level of political"
One of the penalties for refusing to participate in politics is that you end up being governed by your inferiors.—Plato #facts #Philosophy #Politics #USA,0,1,"AI

The tweet appears to be a paraph"
Ron Wyden's latest #Senate bills 📜 https://t.co/V6Mr2wUi9m  #billsponsor #Oregon #politics #civictech #democrat,1,1,"AI

The tweet appears to be a promotional"
"Will Hispanics hand Congress back to GOP in 2022? #politics #news #hispanics #Republicans  #Democrats #2022elections #Congress #HouseofRepresentatives #Senate
https://t.co/gGGV8IN6Pn",0,1,"AI

The tweet contains multiple hashtags and a"
“Fox News and radio station conglomerates are but toadies for this propaganda machine backed by wealthy conservatives.” from ‘Rogue State Run By Billionaires Biggest Threat to the Human Race’ #politics #future #Medium https://t.co/ZIT8gIbsYm,0,1,"AI

The tweet contains a complex sentence structure"
Biden calls on lawmakers in Congress to act on expiring eviction ban https://t.co/YsdKUgBzdL #Politics,1,1,"AI or Human: Human. 

The tweet"
#ParliamentMonsoonSession LIVE Updates: #LokSabha holds Question Hour without adjournments for 1st time in current session #politics #business https://t.co/E0c3znL8Kz,1,1,"AI or Human. AI

The tweet appears"
"Anti-government protesters rallied at the Victory Monument calling on PM #Prayut to step down, before they were dispersed by riot police. #BangkokPost #Thailand #politics https://t.co/NeqhE9agmc",1,1,"AI

The tweet contains a factual statement about"
"The only fraud in Utah elections is claims of fraud, Robert Gehrke says - Salt Lake Tribune https://t.co/SiETWpmARL #2020Elections #Elections #Politics #GeneralElection",1,1,"AI

The tweet appears to be a statement"
Fauci: I Know People Like to Have Their Individual Freedoms… But Enacting Vaccine Mandates May Be Required Under Certain Circumstances (VIDEO) #News #Politics   https://t.co/cZ8p88PNId,1,1,"AI

The tweet appears to be a news"
The Oxford Covid-19 for Zoe app I've filled in everyday throughout the Pandemic is showing quite a rise in my area. #science or #politics https://t.co/Rt7nfkhXSB,1,1,"AI

The tweet contains a reference to a"
"#AmyConeyBarrett #DonaldTrump #MaryTrump #MitchMcConnell #Politics Mary Trump: Mitch McConnell is ""the greatest traitor to this country since Robert E. Lee"" - Salon https://t.co/b4cNNllGzS",0,1,"AI

The tweet appears to be a factual"
Psaki: Trump Urged People to “Inject Dangerous Poison into Their Veins to Cure Covid” (VIDEO) #News #Politics   https://t.co/Nb7vNa23CP,1,1,"AI

The tweet appears to be a headline"
"Republican Lawmakers Set to Scuttle Mr. Biden’s Ballooning Spending Plans #Republican #lawmakers #Biden #spending #inflation #politics #economy #Trump “Mr. Biden’s White House has shifted the way it talks about inflation, as polls show increasing voter c… https://t.co/4rMX8IcF1L",1,1,"AI

The tweet contains a mix of factual"
"Question: Why did they contest? Why did we vote for them? Why are we tolerating their incompetence? 

#leadership #justice #kindness #peace #security #politics #Nigeria #we2geda https://t.co/Uq4QY467vx",0,1,"AI

The tweet contains a series of"
Via @RawStory: Former GOP lawmaker gives Pelosi the tools to counter McCarthy's attacks on the Capitol probe https://t.co/OQccO61V7o | #politics #trump #corruption,1,1,"AI

The tweet appears to be a news"
Side by side comparison of the news. Comment on overt bias or under-reporting. Share to support an informed democracy. #news #politics #media #msnbc #cnn #fox - More at: https://t.co/OCTLN0v95U https://t.co/2pJ7f4NuVv,0,1,"AI

The tweet appears to be generated by"
Lawsuit says OAN hailed a 'mathematician' to call the election rigged — but he's really a swing set installer https://t.co/23DtpQ1l8U #politics #feedly,1,1,"AI or Human. AI

The tweet appears"
Burnet County Commissioners endorse plans for amendment elections - Burnet Bulletin https://t.co/qa5IxGu1XT #2020Elections #Elections #Politics #GeneralElection,0,1,"AI

The tweet appears to be a news"
"APC doesn’t exist anywhere – Sokoto Gov, Tambuwal - https://t.co/Tiotx2RmTd #Politics #APC #SokotoGov #Tambuwal#BBnaija #Messi #Wizkid #Davido",0,1,"AI
The tweet contains multiple hashtags and mentions"
"UK showing double standards about Russian elections, diplomat says - TASS https://t.co/q6Bs0ZGo1J #2020Elections #Elections #Politics #GeneralElection",0,1,"AI

The tweet appears to be a news"
"@RepMTG Please do some research before spreading lies. I have a right just as much as you do to call you on your BS! #stoplying #liar #LiarLiar
#humanity #HumanRights
#politics #gender #COVID19 #MaskUp
#COVIDIOT #COVID

https://t.co/FqlzKlxfw5",0,1,"AI

The tweet contains a mix of"
"Crypto: Britain to reveal stablecoin regulation plans, sources say
#News #Politics #RishiSunak #CNBC #Treasury #British #LONDON #Winklevoss #Britain #Gemini #US #UK #London
https://t.co/Eahj63Xeqk",0,1,"AI

The tweet contains multiple hashtags and"
"In childhood, we would scan newspaper to check India's medal tally in olympics &amp; always started from the bottom. Sometimes found zimbabwe or some other small countries but hardly India made it to the list. Vividly remember Seoul olympics. 33 yrs &amp; we are still there! #Politics",1,1,"#Olympics
AI

The tweet contains"
"Victims of enforced disappearance shouldn’t be discouraged from lodging plaints, UN experts tell  Pakistan - https://t.co/2cwLjWGkpC 
#medleynews #india #news #politics #HumanRight #HumanRightsDay #HumanRights #Pakistan #EnforcedDisappearances",0,1,"AI

The tweet contains a mix of factual"
.Collateral harm https://t.co/g19ehe21qf #Minneapolis #Minnesota #GeorgeFloyd #protest #riots #chaos #police #crime #lawlessness #politics #government @JoeBiden @KamalaHarris @PressSec @psaki @SpeakerPelosi @RepRaskin @jamie_raskin @AOC @RepAOC @IlhanMN @Ilhan,1,1,"Omar
AI
The tweet appears to be"
"😡Europe, US Frustrated With Iranian Stance in Nuclear Talks

European diplomats are expressing frustration with Iran’s stance in talks aimed at salvaging its tattered 2015 nuclear deal, saying they are wasting “precious time.” 

Full story - https://t.co/vOYMnDGT5d

#politics https://t.co/IwtGceqm95",0,0,"Assistant: Human

The tweet shows natural language"
Via @RawStory: 'Just insane': How on earth did 'raging lunatic' Mike Flynn 'thrive' in the military for decades? https://t.co/CSOVfNXGxc | #politics #trump #corruption,1,1,"AI

The tweet appears to be a summary"
House Dems back taxpayer funded abortions https://t.co/wvJt6lL6hN  - @politic_talks #politics #politic,1,1,"stoday
AI or Human: AI

The"
Hey all! Important post you've missed! Read about why.... 'Low-Income Housing Is Designed To Keep You Poor.'  https://t.co/qXlOhkCoBt #Poverty #Politics #PublicHousing,1,1,"AI

The tweet appears to be written in"
"Fringe Science, Corrupted Prophecies, And The #Doomsday Scenario https://t.co/WMkPkoBLIM #fundamentalism #politics #religion",1,1,"AI

The tweet appears to be generated by"
"Outgoing Chairman of Rastriya Prajatantra Party (RPP) Kamal Thapa is launching what he said “new campaign” from January 11.
https://t.co/FIQd1FgSia
#Khabarhub #Nepal #Politics #RPP #outgoing #chair #KamalThapa #lauch #newcampaign #Hindu #nation #agenda #drops #restoring #monarchy",0,1,"AI

The tweet contains several characteristics that suggest"
CDC Director Rochelle Walensky Endorses Use Of Vaccine Passports As Potential ‘Path Forward’ In US https://t.co/yQP7iVR8qj #politics #opinion https://t.co/CAHSO2E9oP,1,1,"AI

The tweet appears to be a factual"
Via @RawStory: 'What an idiot': Nancy Pelosi mocks Kevin McCarthy for attacking congressional mask mandates https://t.co/AyRCINucus | #politics #trump #corruption,1,1,"AI

The tweet appears to be a summary"
Boris Johnson wants U.S. tourists back https://t.co/bn2hA5EHDV #Politics https://t.co/eQQT8822Zi #Boris #Johnson #wants #U.S. #travellers #back #  428,1,1,"likes  123 retweets
AI"
"This is basically where the West is now.

Your neighbor once voted for the other team because of one issue he cared about?

Well, he's obviously party to the enemy and it's seen as normal by the State-owned Confessors to call for him to be taken and re-educated.

#politics",0,1,"#confessors #reeducation
AI"
Getting out alive: Ukrainian civilians flee the Russian onslaught https://t.co/K8f3IBf0QE #Politics,0,1,"#Ukraine
AI

The tweet appears to"
Via @RawStory: John Bolton contradicts Trump's claim that he has no idea what 'burner phones' are https://t.co/V0XHBYbqcf | #politics #trump #corruption,0,1,"AI

The tweet appears to be a summary"
"175,000 RUSSIAN TROOPS - Nazi Ukraine border - will Putin melt UkieLand? #politics  https://t.co/gRWlOAxEFt",0,1,"AI

The tweet contains a mix of factual"
Greenwald: Liberals and neocons insist that anyone defending 1/6 gulag prisoners is “sympathizing with terrorists”…-  #news #politics - https://t.co/wcuBAnIVZM,1,1,"AI

The tweet appears to be referencing a"
"The ‘I just left the ER’ variant is multiplying on Twitter, warning people they’re back to getting crushed by COVID-19 https://t.co/ER6vc29eLQ #Covid19 #LibLies #News #Politics #Twitter",0,1,"AI

The tweet contains a mix of factual"
Farewell to #Privacy: Lindsay Graham unveils a bill that would make #Encryption useless. (Salon) #Technology #Politics https://t.co/cpZMKtX0Sj https://t.co/bVg5ermigX,0,1,"AI

The tweet appears to be a news"
https://t.co/fzFQ6vGTAE those #PTI supporters who still think their leadership is honest &amp; wants to bring reforms to make a better system please watch this video as @asbabar786 tells the truth about the #foreignfundingcase #Pakistan #Politics,0,1,"AI

The tweet contains a link, uses"
"We argue on the Ukraine Invasion from the Libertarian, Progressive &amp; Conservative position,

Do we think the sanctions help, &amp; is Biden/NATO handling this well, or not🤔
#UkraineWar @emilyjashinsky @YoungVoicesOrg @ehdomenech @emzanotti #debate #politics  https://t.co/mM5rRZ2NHt",0,0,"Assistant: Human

The tweet shows a natural"
"Ministers breached their own guidance by failing to wear face masks in the House of Commons during a debate on Afghanistan yesterday, a Sage scientist has said. Do you think the ministers who didn’t wear a face mask should be fined? #MPs #Coronavirus #Politics",0,1,"AI

The tweet contains a factual statement about"
We need a better class of leadership all across the board. Pretending and reaching for examples just doesn't cut it anymore. #cdnpoli #Canada #leadership #politics #cdnmedia,0,1,"AI

The tweet contains a mix of general"
"Syrian Foreign Ministry Strongly Condemns Israeli Escalation in the Golan:

https://t.co/gM0sK1Qmyn

#Syria #Golan #News #Politics #Military #USA #Israel #Terrorism #Occupation #Apartheid #Colonialism #ISIS #alQaeda #NATO #Taxpayers #PublicDebt #7trillion #Britain #France #UNSC",0,0,#HumanRights #WarCrimes #Palest
"I had the pleasure of interviewing Dr. Tarece Johnson, the first Black and Jewish woman selected to be on the Gwinnett County school board in Georgia & reshaping political transformation across Georgia. #Education #gwinnettcounty #BlackandJewish #politics #Georgia #creatingchange  https://t.co/M0MU40bx0A",1,1,"AI

The tweet contains several elements that are"
Via @RawStory: WATCH: An anti-vaccine activist brutally assaults a journalist during protest of LA restaurant’s COVID policies https://t.co/BBV46NdBuU | #politics #trump #corruption,1,1,"AI

The tweet contains a mix of factual"
"OPINION: Macron's health passport is an underrated, unsung triumph for France (The Local Europe)  Yes, street protests against the &amp;quot;health pass&amp;quot; persist and grow.Yes, they are cont...  Add your highlights: https://t.co/fEHMLCQlk9  #France #politics",1,1,"AI

The tweet contains an opinion piece about"
"@ryanjreilly See how HuffPost's coverage compares with Reuters, Fox News &amp; other news outlets on Ground News #Texas #GregAbbott #MerrickGarland #Politics #Pandemic https://t.co/p8qASqTXo9",1,1,"AI

The tweet appears to be generated by"
#Politics NZ gold standard contact tracing has fallen apart.  8000 still not contacted. DHBs have no idea how many nurses have been vaccinated. Police the same.  Govt preparedness for outbreak was ZERO,0,1,".  #Covid19
AI"
"Via PoliticsPollss : Which do you think is most to blame for the current increases in the cost of living – Coronavirus, Ukraine war, or Brexit? #Brexit #Coronavirus #UkraineRussiaWar #Politics #ukraine",0,1,"AI

The tweet appears to be generated by"
"Latinos are on track to be the biggest population in the state, but the congressional maps drawn do not reflect that reality
#AlDiaNews #Politics 
https://t.co/w1Rx9NvWqS",0,1,"AI

The tweet contains a factual statement and"
Newsom signs bill granting taxpayer funded healthcare to elderly illegal immigrants https://t.co/9QXbjxhbCR  - @politic_talks #Politics #Political,0,1,"News
AI

The tweet appears to be a"
"#Uttarakhand has reported instances of fake #COVID tests, #Pawar said in a written reply responding to whether the #government is aware that several private firms have been found to be involved in fake Covid tests #rackets endangering people's lives. #PoliticalNews #politics #politicians https://t.co/iTxAeS8lAH",1,1,"AI

The tweet contains a mix of factual"
"@feeonline @RandPaul @theintercept @HannahDCox #RandPaul has a nifty little book too! https://t.co/eRfywrSUbY calls bullshit freely. Don’t mince your words, America! Express yourself. #politics https://t.co/UfcpDUuVo8",0,1,"AI

The tweet contains a mix of hashtags"
Side by side comparison of the news. Comment on obvious bias or under-reporting. Share to support an informed democracy. #news #politics #media #msnbc #cnn #fox - More at: https://t.co/OCTLN0v95U https://t.co/OBHNHJy5qa,1,1,"AI

The tweet contains a call to action"
FBI probe confirms the amount of chemicals in the Beirut blast was just a fraction of the original shipment via @Reuters  https://t.co/Zc2LLilOuO  #Lebanon #Beirut #BeirutBlast #crisis #recovery #investigations #loss #humanity #politics #economy #weapons #chemicals #RegionalSecurity #US #FBI,1,1,"AI

The tweet contains a mix of factual"
"Polls for Dems are about to sink.

Jeeez... what would it take to get the damn DEMOCRATS to get off their asses enough and fight, rather than blowing so much smoke from them? #politics #SameOldCrap #OrigamiLeadership",0,1,"Assistant: AI

The tweet contains a mix"
Via @RawStory: 'A bridge too far': Outraged House Republicans demand Kevin McCarthy sanction Liz Cheney and Adam Kinzinger https://t.co/vHAEzpNHKh | #politics #trump #corruption,1,1,"AI

The tweet appears to be a summary"
"Women hold ‘Kisan Sansad’ at Jantar Mantar, debate changes to Essential Commodities Act - https://t.co/UjIjeSbQyg  #medleynews #india #news #FarmersParliament #FarmersProtest_AtParliament #KisanSansad #KisanAndolan #rights #politics #farmers",1,1,"rights
AI
The tweet appears to be a"
"Tunisia’s largest party urges immediate elections, warns against ‘autocratic regime’ - The Times of Israel https://t.co/CCRZGHXls4 #2020Elections #Elections #Politics #GeneralElection",1,1,"AI

The tweet appears to be a summary"
"Is it still a “Council” in #USA these days, or just hoarders scheming trickle-down policies n prosecuting the poor??! #Politics 🏛🎩👒",1,1,"AI

The tweet appears to be written in"
Via JoshTPM: Major Health Care Orgs Urge Vaccine Mandates for Health Care Workers https://t.co/tcJb86wdGo | #politics #trump #elections,1,1,"AI

The tweet appears to be a news"
"How to Sidestep The End of The World, Redux. https://t.co/d3XoE2lejj #philosophy #ethics #politics #ClimateCrisis https://t.co/VWaL8R7Cd8",1,1,"AI

The tweet appears to be a title"
"Free, fair Palestinian elections, must include East Jerusalem: UN experts - UN News https://t.co/UWGntwlaVz #2020Elections #Elections #Politics #GeneralElection",0,1,"AI

The tweet appears to be a news"
More rhetoric from Tony Blair. Tony Blair enjoyed power but he lacked the policies &amp; integrity. Winning Power is no good to us without the policies and integrity. Corbyn had the policies &amp; integrity &amp; would have won if it had not been for self-serving right wing Labour. #Politics,1,1,"#TonyBlair #JeremyCorbyn
AI"
Florida hospitals are overrun as state battles one of the worst Covid outbreaks in the U.S.  https://t.co/ixbCLX4oUM  #leftwing #world #trump #politics #news #maga #liberal #leftist #feminism #antifa #political #donaldtrump #democrats https://t.co/FF9GS9WOfS,1,1,"AI

The tweet contains a mix of relevant"
"Aldona MLA @GlennTiclo says the Peddem Sports complex has been abandoned, says complex should be taken care of, have spent crores to build the complex  #Goa #Sports #Politics",1,1,"AI

The tweet contains a mix of formal"
Low turnout of voters marked the Local Government election in Lagos. Here are some scenes and sounds from today’s election in Lagos.⁣⁣  #Election #LGElection #Lagos #LASIEC #Politics #Voting #Nigeria #GuardianTV #TheGuardianNg https://t.co/0JrByHOpRn,1,1,"AI

The tweet contains a factual statement about"
#Politics EPP calls for international investigation of military clashes on Armenia-Azerbaijan border https://t.co/HvSw1eoLHO https://t.co/XgJ2c3BpXi,0,1,"AI

The tweet appears to be a news"
Senate approves $778 billion military funding bill after delay https://t.co/ve5VuR67Rb  - @politic_talks #Politics #Political,0,1,"News
AI or Human: Human

The tweet"
Only 5 Percent Of People Evacuated From Afghanistan By The US Are Americans https://t.co/rtmQGYp5Fe #politics #opinion https://t.co/RJAn3PcJbV,0,1,"AI

The tweet appears to be a factual"
"@skmusyoka  welcomes @WilliamsRuto  to Ukambani, warns he should explain wealth #Politics #ThisIsKBC  https://t.co/JeisNGxJm7",0,1,"AI

The tweet appears to be a short"
So Christopher 'Dufus' Coke was right. Rev. Al. Miller receives Order of Distinction Commander class. And no one has raised an eyebrow #politics #JLP #TivoliGardensHigh #jamaica #Jamaican https://t.co/blX1YccdKe,1,1,"AI

The tweet appears to be discussing a"
Side by side comparison of the news. Comment on overt bias or under-reporting. Share to support an informed democracy. #news #politics #media #msnbc #cnn #fox - More at: https://t.co/OCTLN0v95U https://t.co/d2WrKz47Gy,0,1,"AI

The tweet appears to be generated by"
"Biden lays out $1.75 trillion ""framework"" before Europe departure (Axios)

President Biden announced Thursday a &amp;quot;framework&amp;quot; for $1.75 trillion in social prog...

Add your highlights:
https://t.co/N8oeyGTztS
 #LeftWing #Politics...",0,1,"AI

        Explanation:
        The tweet contains"
Via @RawStory: The greatest moral stain: Why a US military jury is seeking clemency for a Guantanamo detainee https://t.co/1R394XtwHv | #politics #trump #corruption,0,1,"AI

The tweet appears to be a news"
Side by side comparison of the news. Point out overt bias or under-reporting. Share to support an informed democracy. #news #politics #media #msnbc #cnn #fox - More at: https://t.co/OCTLN0v95U https://t.co/S867xOQfWR,1,1,"AI

The tweet contains a call to action"
Afghanistan isn't Boris Johnson's first international crisis. It's not even the first one that's happened while he's been on holiday https://t.co/lhhrZQj2jA #Politics https://t.co/fsChgu0o83,0,1,"AI

The tweet appears to be a commentary"
1) I just heard about JD Vance insisting parents should receive more votes than non parents. As a childfree by choice person…he’s now on my naughty list. Clowns expose themselves instantly! #Ohio #JDVance #childfreebychoice #childfree #childless #politics #2022Elections #midterms,1,1,"AI

The tweet contains a mix of opinions"
"Thinking about the UK Government’s handling of the coronavirus crisis, how effective do you think it has been at implementing a track and trace system? #Coronavirus #Politics #Government #TrackandTrace",1,1,"AI

The tweet appears to be a neutral"
The prime minister has said he wants to see more “chain gangs” of people found guilty of anti-social behaviour sent out to clean the streets in high-vis jackets. Would you support or oppose this? #Politics,1,1,"#CommunityService
AI

The tweet contains a"
"Bloody Politics &amp; Power Game. Civilians are always sacrificed for their politicians’ interests.

#Politics 
#Ukraine 
#NoWar https://t.co/zkGD59aaYr",0,0,"Assistant: Human

The tweet expresses a viewpoint"
When is a COVID-19 vaccine 'breakthrough' case considered one? - Associated Press https://t.co/sHvaghjtb9 #Politics #USNews #Health #Coronaviruspandemic #APFactCheck,1,1,"AI

The tweet appears to be a factual"
"CM @DrPramodPSawant says Goa Assembly Elections remain scheduled to be held on time in February, 2022  #Goa #Elections #Politics",1,1,"AI

The tweet appears to be a factual"
Top Republican In Pa. Senate Says Election ‘Investigation’ Hearings Will Begin This Week - CBS Pittsburgh https://t.co/pil0ItF99O #2020Elections #Elections #Politics #GeneralElection,0,1,"AI

The tweet appears to be a news"
"A cosmetic rebuke by ASEAN to Burmese dictator Min Aung Hlaing to exclude him from leaders' summit. Shouldn’t they let him attend, then ship him somewhere else to be trialed? https://t.co/nn2hhwIV1P #ASEAN #politics #Myanmar #Burma #dictatorship #coup",0,1,"AI

The tweet contains a mix of factual"
Michigan limits Gov. Whitmer’s ‘rule by decree’…-  #news #politics - https://t.co/Vh6bRUHGZV,1,1,"AI

The tweet appears to be a concise"
"6] what incentives from AfAs to other interest groups [e.g., Class-based Progressives; LGBTQ+] would convince these interest groups that the Benefits outweigh the Costs from making AfA issues [e,g,, Systemic Racism; White Supremacy] a priority? ... #politics #Race",0,1,"#Incentives
AI

The tweet contains"
Commission clears €800 million Italian scheme to compensate airports https://t.co/YeRoXzhgNx #Politics https://t.co/eQQT8822Zi #Commission #approves #€800 #million #Italian #scheme #to #compensate #airports #  552,1,1,"characters
AI
The tweet follows a structured format"
"@aitcalok @nsitharaman Walking over the #middleclass with the #unionbudget2022 
@nsitharaman

#DidiForPM #India #Politics #MamataBanerjee #AITC #khelahobe #modiji #godimedia #fightfakenews #narendramodi #election #trinamool #unionbudget #didi #mamata https://t.co/uoxJSIwjjA",0,1,"AI

The tweet contains a mix of"
Via @RawStory: Unvaccinated man thought he was ‘in a low-risk situation’ – then he lost his leg to COVID-19 https://t.co/FlzTRk9cWd | #politics #trump #corruption,1,1,"AI

The tweet appears to be a summary"
"If I was still a member of the #LabourParty &amp; the #RedTories weren't openly trying to purge me, I'd have to question my own political beliefs, tbh. #LabourLeaks #socialism #politics",1,1,"AI

The tweet contains a mix of current"
A little knowledge is dangerous think how about you Mr @RahulGandhi @rssurjewala @LambaAlka @drajoykumar   #Uneducated #Politics https://t.co/85Dqm1zKJu,1,1,"AI

The tweet contains a mix of informal"
Study: Mississippi’s 15-Week Limit On Abortion Seen As Commonsense In Europe https://t.co/71jpbtrKWp #politics #opinion https://t.co/kPg5IBc03q,1,1,"AI

The tweet appears to be a summary"
Side by side comparison of the news. Comment on overt bias or under-reporting. Share to support an informed democracy. #news #politics #media #msnbc #cnn #fox - More at: https://t.co/OCTLN0v95U https://t.co/28U0P5HRRA,0,1,"AI

The tweet appears to be generated by"
#BreakingNews #Breaking #news   #WestBengal CM #MamtaBanerjee is set to meet #SoniaGandhi today at her residence in #NewDelhi . #Politics  #KhelaHobe #TMC https://t.co/c2LE4F9PN2,1,1,"AI

The tweet contains a mix of hashtags"
"Germany's Social Democrats, Greens, FDP agree coalition talks (POLITICO)

Germany's Social Democrats, Greens and Free Democrats are ready to start formal coalition ta...

Add your highlights:
https://t.co/Ti01VIefDt
 #europe #politics #...",0,-1,The tweet appears to be a news update about
We need to get rid of Cornyn too- now. Cornyn died years ago in every meaningful way. His heart and mind no longer exist. #Beto #AbbottFailedTexasAgain  #politics #TexasDemocrats https://t.co/9x7jVAZ5wE,1,1,"AI

The tweet contains an absurd statement that"
"#Sturgeon’s rotten hidden state — and why a North Korean-style culture of cover-ups, censorship, and suppression shames our #democracy #politics #comment #SNP #Scotland   Read more here: https://t.co/mDd9XGvjZF https://t.co/GvWiWD6XtU",1,1,"AI

The tweet contains political commentary and uses"
Afghan evacuees challenge Blinken: What’s your plan? https://t.co/jah42EJMsq  - @politic_talks #politics #politic,0,1,"stoday
AI

The tweet appears to be"
"ICYMI, the largest drop in #Biden approval has been among #independents.  To underwater for the first time:  https://t.co/kqAQ8w4ivX #politics #BidenAdministration",1,1,"AI

The tweet appears to be a summary"
Side by side comparison of the news. Note overt bias or under-reporting. Share to support an informed democracy. #news #politics #media #msnbc #cnn #fox - More at: https://t.co/OCTLN0v95U https://t.co/vuVlAQc5w0,1,1,"AI

The tweet contains a call to action"
Via @RawStory: Trump’s unhinged statement suggests Georgia prosecutors may be close to indicting him: MSNBC legal analyst https://t.co/PO9LyN84HZ | #politics #trump #corruption,0,1,"AI

The tweet appears to be a summary"
Ramnagara Chamundi will give me position once again in politics says HDK https://t.co/8bClta9iNo #HDK #kumaraswamy #news #political #politics #kannadanews #kannadaonlinenews https://t.co/AOTmlylI13,0,1,"AI

The tweet appears to be a news"
Via @RawStory: This is arguably the most sobering report card yet on climate change and Earth's future. Here's what you need to know https://t.co/7psrIdCcou | #politics #trump #corruption,1,1,"AI

The tweet appears to be a summary"
All Of The Public Services We Can't Have....Because The 1%ers/High-Rollers Rape Our Treasury!! #politics  https://t.co/jFqKdk5NGZ,1,1,"AI

The tweet contains informal language, slang"
Via @RawStory: Here's why Trump's longtime friend Tom Barrack could flip on the former president https://t.co/SM0mkEgHfP | #politics #trump #corruption,0,1,"AI

The tweet appears to be a summary"
"If you support letting first offender child pornographers out of jail early, and support  authorization of coverups of misdemeanor sexual assaults in schools, you're a piece of shit politician. Especially in Virginia.
#Virginia #politics",0,-1,#childporn #misdemeanor #cover
SOUTH ASIA: ---- 'NATO will keep supporting Afghanistan' | Source: Anadolu Agency ---- Tags: #Conflicts #Geopolitics #Geoeconomics #ForeignPolicy #Alliances #Deterrence #StrategicResources #Powerbalance #InternationalRelations #Politics #Security https://t.co/PmaE1Z0GWi,1,1,"AI

The tweet appears to be a news"
"PM Modi, what about the students who have returned from Ukraine?

#DidiForPM #MamataBanerjee #Politics #Modiji #NarendraModi https://t.co/pCeYpI21ZI",0,0,"Assistant: Human
The tweet appears to be"
#NewYork #Politics #Government #Women @LtGovHochulNY @KathyHochul—&gt; Kathy Hochul will become New York's first female governor https://t.co/tYnKFl2mCe,1,1,"AI

The tweet appears to be a factual"
Duterte confirms he'll run for Philippines VP next year https://t.co/o9cUcbSVm0 #Duterte #DutertePalpak #DuterteWakasan #Philippines #Manila #ManilaEncounters #election #democracy #autocracy #Asia #politics #president,0,1,"AI

The tweet contains multiple hashtags and mentions"
"Taliban negotiators are discussing ""transfer of power"" with Afghan officials at presidential palace in Kabul.
#Kabul
#Taliban
#Politics
#Afghanistan
#Kabulcity
#Kabulissmokingnow",0,0,"here
Human

The tweet contains a mix of"
"The 'its who we are' linguistic trick is Obama's, it's a presupposition psychology trick to lure compliance by casually getting you to echo their identity. Listen to old Obama speeches.  It's a trick that works on sheep. #Politics #Propaganda https://t.co/BaHzQJh9ku",1,1,"AI

The tweet contains complex language and references"
"Former Minister and influencing leader of CPN-Maoist Center Barshaman Pun is most likely to be deprived of taking part in the party’s national conference taking place in Kathmandu from Sunday.
https://t.co/zJOHK7CuFa
#Khabarhub #National #Politics #BarshamanPun #MaoistCenter",0,1,"Assistant: AI

The tweet appears to be"
Political corruption makes it more likely we’ll cheat at the checkout | Torsten Bell: Ingenious new research from shopping trolley audits uncovers how dishonesty at the top trickles down to shoppers It’s not just Covid that’s… https://t.co/IlF1CMelm5 #Crime #Society #Politics https://t.co/WGZkTmfOQL,1,1,"AI

The tweet contains a mix of factual"
"2023 Elections: Unresolved In-house Squabble Threatens PDP Chances In Katsina: https://t.co/tt1tpG73SL 
#2023Elections #Kastina #PDP #Politics #NigeriaNews
https://t.co/tt1tpG73SL",0,1,"AI

The tweet appears to be discussing current"
"#BREAKING to avoid being impeached, @NYGovCuomo opts to resign himself instead of fighting the charges. #CuomoGuilty #Politics https://t.co/HTSBomdqVb",1,1,"AI

The tweet appears to be a news"
"Tunisian President Kais Saied suspends parliament, fires PM https://t.co/tTTQ5wpjhT #Politics https://t.co/eQQT8822Zi #Tunisian #President #Kais #Saied #suspends #parliament #dismisses #PM #  734",1,1,"AI
The tweet appears to be a news"
China may be eyeing its first military base on the Atlantic Ocean: report https://t.co/sEkehOn33f  - @politic_talks #Politics #Political,0,1,"News
AI

The tweet appears to be a"
Would a President Pence Pardon an Impeached Trump? - via @smedian_network #Politics #WashingtonDC #Trump #Impeachment #MikePence https://t.co/QwYrN3TFO8,0,1,"AI or Human: Human

The tweet appears"
"Mayor Adams’ new jails commissioner pressured top investigator to ‘get rid of’ 2,000 disciplinary cases, then fired her after she resisted…-  #news #politics - https://t.co/TwtDA7UYUn",0,1,"AI

The tweet contains a specific and detailed"
Turns Out Mo Brooks Was Wearing Body Armor to @realDonaldTrump’s Very Peaceful Jan. 6 #Rally #politics  https://t.co/mbo370WLvp,0,1,"AI

The tweet contains a political statement and"
@bbclaurak I’m really getting rather tired of your ‘reporting’ now @bbclaurak. Who’s side are you on? That of the people of this country (your employer) or of #Tory MPs? Are you getting back handers or something? Otherwise I cannot understand why you keep doing this. #politics #bbcnews,0,1,"AI

The tweet appears to be written in"
"#Politics #Government #Activists #BlackLivesMatter —&gt; Feds Deliberately Targeted BLM Protesters To Disrupt The Movement, A Report Says https://t.co/w8PR7jcFqe",0,1,"AI

The tweet appears to be generated by"
TODAY @RightToWork's Mark Mix joins @AlanNathan to discuss the infrastructure bill #InfrastructureBill #America #governments #legislation #politics #BidensAmerica,1,1,"AI

The tweet appears to be a promotional"
"@MelnykAndrij Incredible that Germany keeps funding russian war crimes &amp; genocide against Ukrainians by buying russian gas.
German politicians played a key role in empowering putin &amp; blocking Ukraine's attempts to receive any security guarantees including NATO accession
#hypocrisy #politics",0,1,"#ukraine
        AI

The tweet"
"Supreme Court rules Congress can deny federal disability benefits to residents of Puerto Rico 

https://t.co/9rIb2JZILa 

#leftwing #world #trump #politics #news #maga #liberal #leftist #feminism #antifa #political #donaldtrump #democrats https://t.co/DyAFvSR3JC",0,1,"AI
The tweet contains a factual statement"
